ARM GAS  /tmp/ccydCXE5.s 			page 1


   1              		.cpu cortex-m3
   2              		.arch armv7-m
   3              		.fpu softvfp
   4              		.eabi_attribute 20, 1
   5              		.eabi_attribute 21, 1
   6              		.eabi_attribute 23, 3
   7              		.eabi_attribute 24, 1
   8              		.eabi_attribute 25, 1
   9              		.eabi_attribute 26, 1
  10              		.eabi_attribute 30, 6
  11              		.eabi_attribute 34, 1
  12              		.eabi_attribute 18, 4
  13              		.file	"stm32f1xx_hal_tim_ex.c"
  14              		.text
  15              	.Ltext0:
  16              		.cfi_sections	.debug_frame
  17              		.file 1 "Drivers/STM32F1xx_HAL_Driver/Src/stm32f1xx_hal_tim_ex.c"
  18              		.section	.text.HAL_TIMEx_HallSensor_Init,"ax",%progbits
  19              		.align	1
  20              		.global	HAL_TIMEx_HallSensor_Init
  21              		.syntax unified
  22              		.thumb
  23              		.thumb_func
  25              	HAL_TIMEx_HallSensor_Init:
  26              	.LFB65:
   1:Drivers/STM32F1xx_HAL_Driver/Src/stm32f1xx_hal_tim_ex.c **** /**
   2:Drivers/STM32F1xx_HAL_Driver/Src/stm32f1xx_hal_tim_ex.c ****   ******************************************************************************
   3:Drivers/STM32F1xx_HAL_Driver/Src/stm32f1xx_hal_tim_ex.c ****   * @file    stm32f1xx_hal_tim_ex.c
   4:Drivers/STM32F1xx_HAL_Driver/Src/stm32f1xx_hal_tim_ex.c ****   * @author  MCD Application Team
   5:Drivers/STM32F1xx_HAL_Driver/Src/stm32f1xx_hal_tim_ex.c ****   * @brief   TIM HAL module driver.
   6:Drivers/STM32F1xx_HAL_Driver/Src/stm32f1xx_hal_tim_ex.c ****   *          This file provides firmware functions to manage the following
   7:Drivers/STM32F1xx_HAL_Driver/Src/stm32f1xx_hal_tim_ex.c ****   *          functionalities of the Timer Extended peripheral:
   8:Drivers/STM32F1xx_HAL_Driver/Src/stm32f1xx_hal_tim_ex.c ****   *           + Time Hall Sensor Interface Initialization
   9:Drivers/STM32F1xx_HAL_Driver/Src/stm32f1xx_hal_tim_ex.c ****   *           + Time Hall Sensor Interface Start
  10:Drivers/STM32F1xx_HAL_Driver/Src/stm32f1xx_hal_tim_ex.c ****   *           + Time Complementary signal break and dead time configuration
  11:Drivers/STM32F1xx_HAL_Driver/Src/stm32f1xx_hal_tim_ex.c ****   *           + Time Master and Slave synchronization configuration
  12:Drivers/STM32F1xx_HAL_Driver/Src/stm32f1xx_hal_tim_ex.c ****   *           + Timer remapping capabilities configuration
  13:Drivers/STM32F1xx_HAL_Driver/Src/stm32f1xx_hal_tim_ex.c ****   @verbatim
  14:Drivers/STM32F1xx_HAL_Driver/Src/stm32f1xx_hal_tim_ex.c ****   ==============================================================================
  15:Drivers/STM32F1xx_HAL_Driver/Src/stm32f1xx_hal_tim_ex.c ****                       ##### TIMER Extended features #####
  16:Drivers/STM32F1xx_HAL_Driver/Src/stm32f1xx_hal_tim_ex.c ****   ==============================================================================
  17:Drivers/STM32F1xx_HAL_Driver/Src/stm32f1xx_hal_tim_ex.c ****   [..]
  18:Drivers/STM32F1xx_HAL_Driver/Src/stm32f1xx_hal_tim_ex.c ****     The Timer Extended features include:
  19:Drivers/STM32F1xx_HAL_Driver/Src/stm32f1xx_hal_tim_ex.c ****     (#) Complementary outputs with programmable dead-time for :
  20:Drivers/STM32F1xx_HAL_Driver/Src/stm32f1xx_hal_tim_ex.c ****         (++) Output Compare
  21:Drivers/STM32F1xx_HAL_Driver/Src/stm32f1xx_hal_tim_ex.c ****         (++) PWM generation (Edge and Center-aligned Mode)
  22:Drivers/STM32F1xx_HAL_Driver/Src/stm32f1xx_hal_tim_ex.c ****         (++) One-pulse mode output
  23:Drivers/STM32F1xx_HAL_Driver/Src/stm32f1xx_hal_tim_ex.c ****     (#) Synchronization circuit to control the timer with external signals and to
  24:Drivers/STM32F1xx_HAL_Driver/Src/stm32f1xx_hal_tim_ex.c ****         interconnect several timers together.
  25:Drivers/STM32F1xx_HAL_Driver/Src/stm32f1xx_hal_tim_ex.c ****     (#) Break input to put the timer output signals in reset state or in a known state.
  26:Drivers/STM32F1xx_HAL_Driver/Src/stm32f1xx_hal_tim_ex.c ****     (#) Supports incremental (quadrature) encoder and hall-sensor circuitry for
  27:Drivers/STM32F1xx_HAL_Driver/Src/stm32f1xx_hal_tim_ex.c ****         positioning purposes
  28:Drivers/STM32F1xx_HAL_Driver/Src/stm32f1xx_hal_tim_ex.c **** 
  29:Drivers/STM32F1xx_HAL_Driver/Src/stm32f1xx_hal_tim_ex.c ****             ##### How to use this driver #####
  30:Drivers/STM32F1xx_HAL_Driver/Src/stm32f1xx_hal_tim_ex.c ****   ==============================================================================
  31:Drivers/STM32F1xx_HAL_Driver/Src/stm32f1xx_hal_tim_ex.c ****     [..]
  32:Drivers/STM32F1xx_HAL_Driver/Src/stm32f1xx_hal_tim_ex.c ****      (#) Initialize the TIM low level resources by implementing the following functions
ARM GAS  /tmp/ccydCXE5.s 			page 2


  33:Drivers/STM32F1xx_HAL_Driver/Src/stm32f1xx_hal_tim_ex.c ****          depending on the selected feature:
  34:Drivers/STM32F1xx_HAL_Driver/Src/stm32f1xx_hal_tim_ex.c ****            (++) Hall Sensor output : HAL_TIMEx_HallSensor_MspInit()
  35:Drivers/STM32F1xx_HAL_Driver/Src/stm32f1xx_hal_tim_ex.c **** 
  36:Drivers/STM32F1xx_HAL_Driver/Src/stm32f1xx_hal_tim_ex.c ****      (#) Initialize the TIM low level resources :
  37:Drivers/STM32F1xx_HAL_Driver/Src/stm32f1xx_hal_tim_ex.c ****         (##) Enable the TIM interface clock using __HAL_RCC_TIMx_CLK_ENABLE();
  38:Drivers/STM32F1xx_HAL_Driver/Src/stm32f1xx_hal_tim_ex.c ****         (##) TIM pins configuration
  39:Drivers/STM32F1xx_HAL_Driver/Src/stm32f1xx_hal_tim_ex.c ****             (+++) Enable the clock for the TIM GPIOs using the following function:
  40:Drivers/STM32F1xx_HAL_Driver/Src/stm32f1xx_hal_tim_ex.c ****               __HAL_RCC_GPIOx_CLK_ENABLE();
  41:Drivers/STM32F1xx_HAL_Driver/Src/stm32f1xx_hal_tim_ex.c ****             (+++) Configure these TIM pins in Alternate function mode using HAL_GPIO_Init();
  42:Drivers/STM32F1xx_HAL_Driver/Src/stm32f1xx_hal_tim_ex.c **** 
  43:Drivers/STM32F1xx_HAL_Driver/Src/stm32f1xx_hal_tim_ex.c ****      (#) The external Clock can be configured, if needed (the default clock is the
  44:Drivers/STM32F1xx_HAL_Driver/Src/stm32f1xx_hal_tim_ex.c ****          internal clock from the APBx), using the following function:
  45:Drivers/STM32F1xx_HAL_Driver/Src/stm32f1xx_hal_tim_ex.c ****          HAL_TIM_ConfigClockSource, the clock configuration should be done before
  46:Drivers/STM32F1xx_HAL_Driver/Src/stm32f1xx_hal_tim_ex.c ****          any start function.
  47:Drivers/STM32F1xx_HAL_Driver/Src/stm32f1xx_hal_tim_ex.c **** 
  48:Drivers/STM32F1xx_HAL_Driver/Src/stm32f1xx_hal_tim_ex.c ****      (#) Configure the TIM in the desired functioning mode using one of the
  49:Drivers/STM32F1xx_HAL_Driver/Src/stm32f1xx_hal_tim_ex.c ****          initialization function of this driver:
  50:Drivers/STM32F1xx_HAL_Driver/Src/stm32f1xx_hal_tim_ex.c ****           (++) HAL_TIMEx_HallSensor_Init() and HAL_TIMEx_ConfigCommutEvent(): to use the
  51:Drivers/STM32F1xx_HAL_Driver/Src/stm32f1xx_hal_tim_ex.c ****                Timer Hall Sensor Interface and the commutation event with the corresponding
  52:Drivers/STM32F1xx_HAL_Driver/Src/stm32f1xx_hal_tim_ex.c ****                Interrupt and DMA request if needed (Note that One Timer is used to interface
  53:Drivers/STM32F1xx_HAL_Driver/Src/stm32f1xx_hal_tim_ex.c ****                with the Hall sensor Interface and another Timer should be used to use
  54:Drivers/STM32F1xx_HAL_Driver/Src/stm32f1xx_hal_tim_ex.c ****                the commutation event).
  55:Drivers/STM32F1xx_HAL_Driver/Src/stm32f1xx_hal_tim_ex.c **** 
  56:Drivers/STM32F1xx_HAL_Driver/Src/stm32f1xx_hal_tim_ex.c ****      (#) Activate the TIM peripheral using one of the start functions:
  57:Drivers/STM32F1xx_HAL_Driver/Src/stm32f1xx_hal_tim_ex.c ****            (++) Complementary Output Compare : HAL_TIMEx_OCN_Start(), HAL_TIMEx_OCN_Start_DMA(),
  58:Drivers/STM32F1xx_HAL_Driver/Src/stm32f1xx_hal_tim_ex.c ****                 HAL_TIMEx_OCN_Start_IT()
  59:Drivers/STM32F1xx_HAL_Driver/Src/stm32f1xx_hal_tim_ex.c ****            (++) Complementary PWM generation : HAL_TIMEx_PWMN_Start(), HAL_TIMEx_PWMN_Start_DMA(),
  60:Drivers/STM32F1xx_HAL_Driver/Src/stm32f1xx_hal_tim_ex.c ****                 HAL_TIMEx_PWMN_Start_IT()
  61:Drivers/STM32F1xx_HAL_Driver/Src/stm32f1xx_hal_tim_ex.c ****            (++) Complementary One-pulse mode output : HAL_TIMEx_OnePulseN_Start(), HAL_TIMEx_OnePul
  62:Drivers/STM32F1xx_HAL_Driver/Src/stm32f1xx_hal_tim_ex.c ****            (++) Hall Sensor output : HAL_TIMEx_HallSensor_Start(), HAL_TIMEx_HallSensor_Start_DMA()
  63:Drivers/STM32F1xx_HAL_Driver/Src/stm32f1xx_hal_tim_ex.c ****                 HAL_TIMEx_HallSensor_Start_IT().
  64:Drivers/STM32F1xx_HAL_Driver/Src/stm32f1xx_hal_tim_ex.c **** 
  65:Drivers/STM32F1xx_HAL_Driver/Src/stm32f1xx_hal_tim_ex.c ****   @endverbatim
  66:Drivers/STM32F1xx_HAL_Driver/Src/stm32f1xx_hal_tim_ex.c ****   ******************************************************************************
  67:Drivers/STM32F1xx_HAL_Driver/Src/stm32f1xx_hal_tim_ex.c ****   * @attention
  68:Drivers/STM32F1xx_HAL_Driver/Src/stm32f1xx_hal_tim_ex.c ****   *
  69:Drivers/STM32F1xx_HAL_Driver/Src/stm32f1xx_hal_tim_ex.c ****   * <h2><center>&copy; Copyright (c) 2016 STMicroelectronics.
  70:Drivers/STM32F1xx_HAL_Driver/Src/stm32f1xx_hal_tim_ex.c ****   * All rights reserved.</center></h2>
  71:Drivers/STM32F1xx_HAL_Driver/Src/stm32f1xx_hal_tim_ex.c ****   *
  72:Drivers/STM32F1xx_HAL_Driver/Src/stm32f1xx_hal_tim_ex.c ****   * This software component is licensed by ST under BSD 3-Clause license,
  73:Drivers/STM32F1xx_HAL_Driver/Src/stm32f1xx_hal_tim_ex.c ****   * the "License"; You may not use this file except in compliance with the
  74:Drivers/STM32F1xx_HAL_Driver/Src/stm32f1xx_hal_tim_ex.c ****   * License. You may obtain a copy of the License at:
  75:Drivers/STM32F1xx_HAL_Driver/Src/stm32f1xx_hal_tim_ex.c ****   *                        opensource.org/licenses/BSD-3-Clause
  76:Drivers/STM32F1xx_HAL_Driver/Src/stm32f1xx_hal_tim_ex.c ****   *
  77:Drivers/STM32F1xx_HAL_Driver/Src/stm32f1xx_hal_tim_ex.c ****   ******************************************************************************
  78:Drivers/STM32F1xx_HAL_Driver/Src/stm32f1xx_hal_tim_ex.c ****   */
  79:Drivers/STM32F1xx_HAL_Driver/Src/stm32f1xx_hal_tim_ex.c **** 
  80:Drivers/STM32F1xx_HAL_Driver/Src/stm32f1xx_hal_tim_ex.c **** /* Includes ------------------------------------------------------------------*/
  81:Drivers/STM32F1xx_HAL_Driver/Src/stm32f1xx_hal_tim_ex.c **** #include "stm32f1xx_hal.h"
  82:Drivers/STM32F1xx_HAL_Driver/Src/stm32f1xx_hal_tim_ex.c **** 
  83:Drivers/STM32F1xx_HAL_Driver/Src/stm32f1xx_hal_tim_ex.c **** /** @addtogroup STM32F1xx_HAL_Driver
  84:Drivers/STM32F1xx_HAL_Driver/Src/stm32f1xx_hal_tim_ex.c ****   * @{
  85:Drivers/STM32F1xx_HAL_Driver/Src/stm32f1xx_hal_tim_ex.c ****   */
  86:Drivers/STM32F1xx_HAL_Driver/Src/stm32f1xx_hal_tim_ex.c **** 
  87:Drivers/STM32F1xx_HAL_Driver/Src/stm32f1xx_hal_tim_ex.c **** /** @defgroup TIMEx TIMEx
  88:Drivers/STM32F1xx_HAL_Driver/Src/stm32f1xx_hal_tim_ex.c ****   * @brief TIM Extended HAL module driver
  89:Drivers/STM32F1xx_HAL_Driver/Src/stm32f1xx_hal_tim_ex.c ****   * @{
ARM GAS  /tmp/ccydCXE5.s 			page 3


  90:Drivers/STM32F1xx_HAL_Driver/Src/stm32f1xx_hal_tim_ex.c ****   */
  91:Drivers/STM32F1xx_HAL_Driver/Src/stm32f1xx_hal_tim_ex.c **** 
  92:Drivers/STM32F1xx_HAL_Driver/Src/stm32f1xx_hal_tim_ex.c **** #ifdef HAL_TIM_MODULE_ENABLED
  93:Drivers/STM32F1xx_HAL_Driver/Src/stm32f1xx_hal_tim_ex.c **** 
  94:Drivers/STM32F1xx_HAL_Driver/Src/stm32f1xx_hal_tim_ex.c **** /* Private typedef -----------------------------------------------------------*/
  95:Drivers/STM32F1xx_HAL_Driver/Src/stm32f1xx_hal_tim_ex.c **** /* Private define ------------------------------------------------------------*/
  96:Drivers/STM32F1xx_HAL_Driver/Src/stm32f1xx_hal_tim_ex.c **** /* Private macros ------------------------------------------------------------*/
  97:Drivers/STM32F1xx_HAL_Driver/Src/stm32f1xx_hal_tim_ex.c **** /* Private variables ---------------------------------------------------------*/
  98:Drivers/STM32F1xx_HAL_Driver/Src/stm32f1xx_hal_tim_ex.c **** /* Private function prototypes -----------------------------------------------*/
  99:Drivers/STM32F1xx_HAL_Driver/Src/stm32f1xx_hal_tim_ex.c **** static void TIM_DMADelayPulseNCplt(DMA_HandleTypeDef *hdma);
 100:Drivers/STM32F1xx_HAL_Driver/Src/stm32f1xx_hal_tim_ex.c **** static void TIM_DMAErrorCCxN(DMA_HandleTypeDef *hdma);
 101:Drivers/STM32F1xx_HAL_Driver/Src/stm32f1xx_hal_tim_ex.c **** static void TIM_CCxNChannelCmd(TIM_TypeDef *TIMx, uint32_t Channel, uint32_t ChannelNState);
 102:Drivers/STM32F1xx_HAL_Driver/Src/stm32f1xx_hal_tim_ex.c **** 
 103:Drivers/STM32F1xx_HAL_Driver/Src/stm32f1xx_hal_tim_ex.c **** /* Exported functions --------------------------------------------------------*/
 104:Drivers/STM32F1xx_HAL_Driver/Src/stm32f1xx_hal_tim_ex.c **** /** @defgroup TIMEx_Exported_Functions TIM Extended Exported Functions
 105:Drivers/STM32F1xx_HAL_Driver/Src/stm32f1xx_hal_tim_ex.c ****   * @{
 106:Drivers/STM32F1xx_HAL_Driver/Src/stm32f1xx_hal_tim_ex.c ****   */
 107:Drivers/STM32F1xx_HAL_Driver/Src/stm32f1xx_hal_tim_ex.c **** 
 108:Drivers/STM32F1xx_HAL_Driver/Src/stm32f1xx_hal_tim_ex.c **** /** @defgroup TIMEx_Exported_Functions_Group1 Extended Timer Hall Sensor functions
 109:Drivers/STM32F1xx_HAL_Driver/Src/stm32f1xx_hal_tim_ex.c ****   * @brief    Timer Hall Sensor functions
 110:Drivers/STM32F1xx_HAL_Driver/Src/stm32f1xx_hal_tim_ex.c ****   *
 111:Drivers/STM32F1xx_HAL_Driver/Src/stm32f1xx_hal_tim_ex.c **** @verbatim
 112:Drivers/STM32F1xx_HAL_Driver/Src/stm32f1xx_hal_tim_ex.c ****   ==============================================================================
 113:Drivers/STM32F1xx_HAL_Driver/Src/stm32f1xx_hal_tim_ex.c ****                       ##### Timer Hall Sensor functions #####
 114:Drivers/STM32F1xx_HAL_Driver/Src/stm32f1xx_hal_tim_ex.c ****   ==============================================================================
 115:Drivers/STM32F1xx_HAL_Driver/Src/stm32f1xx_hal_tim_ex.c ****   [..]
 116:Drivers/STM32F1xx_HAL_Driver/Src/stm32f1xx_hal_tim_ex.c ****     This section provides functions allowing to:
 117:Drivers/STM32F1xx_HAL_Driver/Src/stm32f1xx_hal_tim_ex.c ****     (+) Initialize and configure TIM HAL Sensor.
 118:Drivers/STM32F1xx_HAL_Driver/Src/stm32f1xx_hal_tim_ex.c ****     (+) De-initialize TIM HAL Sensor.
 119:Drivers/STM32F1xx_HAL_Driver/Src/stm32f1xx_hal_tim_ex.c ****     (+) Start the Hall Sensor Interface.
 120:Drivers/STM32F1xx_HAL_Driver/Src/stm32f1xx_hal_tim_ex.c ****     (+) Stop the Hall Sensor Interface.
 121:Drivers/STM32F1xx_HAL_Driver/Src/stm32f1xx_hal_tim_ex.c ****     (+) Start the Hall Sensor Interface and enable interrupts.
 122:Drivers/STM32F1xx_HAL_Driver/Src/stm32f1xx_hal_tim_ex.c ****     (+) Stop the Hall Sensor Interface and disable interrupts.
 123:Drivers/STM32F1xx_HAL_Driver/Src/stm32f1xx_hal_tim_ex.c ****     (+) Start the Hall Sensor Interface and enable DMA transfers.
 124:Drivers/STM32F1xx_HAL_Driver/Src/stm32f1xx_hal_tim_ex.c ****     (+) Stop the Hall Sensor Interface and disable DMA transfers.
 125:Drivers/STM32F1xx_HAL_Driver/Src/stm32f1xx_hal_tim_ex.c **** 
 126:Drivers/STM32F1xx_HAL_Driver/Src/stm32f1xx_hal_tim_ex.c **** @endverbatim
 127:Drivers/STM32F1xx_HAL_Driver/Src/stm32f1xx_hal_tim_ex.c ****   * @{
 128:Drivers/STM32F1xx_HAL_Driver/Src/stm32f1xx_hal_tim_ex.c ****   */
 129:Drivers/STM32F1xx_HAL_Driver/Src/stm32f1xx_hal_tim_ex.c **** /**
 130:Drivers/STM32F1xx_HAL_Driver/Src/stm32f1xx_hal_tim_ex.c ****   * @brief  Initializes the TIM Hall Sensor Interface and initialize the associated handle.
 131:Drivers/STM32F1xx_HAL_Driver/Src/stm32f1xx_hal_tim_ex.c ****   * @note   When the timer instance is initialized in Hall Sensor Interface mode,
 132:Drivers/STM32F1xx_HAL_Driver/Src/stm32f1xx_hal_tim_ex.c ****   *         timer channels 1 and channel 2 are reserved and cannot be used for
 133:Drivers/STM32F1xx_HAL_Driver/Src/stm32f1xx_hal_tim_ex.c ****   *         other purpose.
 134:Drivers/STM32F1xx_HAL_Driver/Src/stm32f1xx_hal_tim_ex.c ****   * @param  htim TIM Hall Sensor Interface handle
 135:Drivers/STM32F1xx_HAL_Driver/Src/stm32f1xx_hal_tim_ex.c ****   * @param  sConfig TIM Hall Sensor configuration structure
 136:Drivers/STM32F1xx_HAL_Driver/Src/stm32f1xx_hal_tim_ex.c ****   * @retval HAL status
 137:Drivers/STM32F1xx_HAL_Driver/Src/stm32f1xx_hal_tim_ex.c ****   */
 138:Drivers/STM32F1xx_HAL_Driver/Src/stm32f1xx_hal_tim_ex.c **** HAL_StatusTypeDef HAL_TIMEx_HallSensor_Init(TIM_HandleTypeDef *htim, TIM_HallSensor_InitTypeDef *sC
 139:Drivers/STM32F1xx_HAL_Driver/Src/stm32f1xx_hal_tim_ex.c **** {
  27              		.loc 1 139 1
  28              		.cfi_startproc
  29              		@ args = 0, pretend = 0, frame = 40
  30              		@ frame_needed = 1, uses_anonymous_args = 0
  31 0000 80B5     		push	{r7, lr}
  32              	.LCFI0:
  33              		.cfi_def_cfa_offset 8
ARM GAS  /tmp/ccydCXE5.s 			page 4


  34              		.cfi_offset 7, -8
  35              		.cfi_offset 14, -4
  36 0002 8AB0     		sub	sp, sp, #40
  37              	.LCFI1:
  38              		.cfi_def_cfa_offset 48
  39 0004 00AF     		add	r7, sp, #0
  40              	.LCFI2:
  41              		.cfi_def_cfa_register 7
  42 0006 7860     		str	r0, [r7, #4]
  43 0008 3960     		str	r1, [r7]
 140:Drivers/STM32F1xx_HAL_Driver/Src/stm32f1xx_hal_tim_ex.c ****   TIM_OC_InitTypeDef OC_Config;
 141:Drivers/STM32F1xx_HAL_Driver/Src/stm32f1xx_hal_tim_ex.c **** 
 142:Drivers/STM32F1xx_HAL_Driver/Src/stm32f1xx_hal_tim_ex.c ****   /* Check the TIM handle allocation */
 143:Drivers/STM32F1xx_HAL_Driver/Src/stm32f1xx_hal_tim_ex.c ****   if (htim == NULL)
  44              		.loc 1 143 6
  45 000a 7B68     		ldr	r3, [r7, #4]
  46 000c 002B     		cmp	r3, #0
  47 000e 01D1     		bne	.L2
 144:Drivers/STM32F1xx_HAL_Driver/Src/stm32f1xx_hal_tim_ex.c ****   {
 145:Drivers/STM32F1xx_HAL_Driver/Src/stm32f1xx_hal_tim_ex.c ****     return HAL_ERROR;
  48              		.loc 1 145 12
  49 0010 0123     		movs	r3, #1
  50 0012 9AE0     		b	.L5
  51              	.L2:
 146:Drivers/STM32F1xx_HAL_Driver/Src/stm32f1xx_hal_tim_ex.c ****   }
 147:Drivers/STM32F1xx_HAL_Driver/Src/stm32f1xx_hal_tim_ex.c **** 
 148:Drivers/STM32F1xx_HAL_Driver/Src/stm32f1xx_hal_tim_ex.c ****   /* Check the parameters */
 149:Drivers/STM32F1xx_HAL_Driver/Src/stm32f1xx_hal_tim_ex.c ****   assert_param(IS_TIM_HALL_SENSOR_INTERFACE_INSTANCE(htim->Instance));
 150:Drivers/STM32F1xx_HAL_Driver/Src/stm32f1xx_hal_tim_ex.c ****   assert_param(IS_TIM_COUNTER_MODE(htim->Init.CounterMode));
 151:Drivers/STM32F1xx_HAL_Driver/Src/stm32f1xx_hal_tim_ex.c ****   assert_param(IS_TIM_CLOCKDIVISION_DIV(htim->Init.ClockDivision));
 152:Drivers/STM32F1xx_HAL_Driver/Src/stm32f1xx_hal_tim_ex.c ****   assert_param(IS_TIM_AUTORELOAD_PRELOAD(htim->Init.AutoReloadPreload));
 153:Drivers/STM32F1xx_HAL_Driver/Src/stm32f1xx_hal_tim_ex.c ****   assert_param(IS_TIM_IC_POLARITY(sConfig->IC1Polarity));
 154:Drivers/STM32F1xx_HAL_Driver/Src/stm32f1xx_hal_tim_ex.c ****   assert_param(IS_TIM_IC_PRESCALER(sConfig->IC1Prescaler));
 155:Drivers/STM32F1xx_HAL_Driver/Src/stm32f1xx_hal_tim_ex.c ****   assert_param(IS_TIM_IC_FILTER(sConfig->IC1Filter));
 156:Drivers/STM32F1xx_HAL_Driver/Src/stm32f1xx_hal_tim_ex.c **** 
 157:Drivers/STM32F1xx_HAL_Driver/Src/stm32f1xx_hal_tim_ex.c ****   if (htim->State == HAL_TIM_STATE_RESET)
  52              		.loc 1 157 11
  53 0014 7B68     		ldr	r3, [r7, #4]
  54 0016 93F83D30 		ldrb	r3, [r3, #61]
  55 001a DBB2     		uxtb	r3, r3
  56              		.loc 1 157 6
  57 001c 002B     		cmp	r3, #0
  58 001e 06D1     		bne	.L4
 158:Drivers/STM32F1xx_HAL_Driver/Src/stm32f1xx_hal_tim_ex.c ****   {
 159:Drivers/STM32F1xx_HAL_Driver/Src/stm32f1xx_hal_tim_ex.c ****     /* Allocate lock resource and initialize it */
 160:Drivers/STM32F1xx_HAL_Driver/Src/stm32f1xx_hal_tim_ex.c ****     htim->Lock = HAL_UNLOCKED;
  59              		.loc 1 160 16
  60 0020 7B68     		ldr	r3, [r7, #4]
  61 0022 0022     		movs	r2, #0
  62 0024 83F83C20 		strb	r2, [r3, #60]
 161:Drivers/STM32F1xx_HAL_Driver/Src/stm32f1xx_hal_tim_ex.c **** 
 162:Drivers/STM32F1xx_HAL_Driver/Src/stm32f1xx_hal_tim_ex.c **** #if (USE_HAL_TIM_REGISTER_CALLBACKS == 1)
 163:Drivers/STM32F1xx_HAL_Driver/Src/stm32f1xx_hal_tim_ex.c ****     /* Reset interrupt callbacks to legacy week callbacks */
 164:Drivers/STM32F1xx_HAL_Driver/Src/stm32f1xx_hal_tim_ex.c ****     TIM_ResetCallback(htim);
 165:Drivers/STM32F1xx_HAL_Driver/Src/stm32f1xx_hal_tim_ex.c **** 
 166:Drivers/STM32F1xx_HAL_Driver/Src/stm32f1xx_hal_tim_ex.c ****     if (htim->HallSensor_MspInitCallback == NULL)
 167:Drivers/STM32F1xx_HAL_Driver/Src/stm32f1xx_hal_tim_ex.c ****     {
ARM GAS  /tmp/ccydCXE5.s 			page 5


 168:Drivers/STM32F1xx_HAL_Driver/Src/stm32f1xx_hal_tim_ex.c ****       htim->HallSensor_MspInitCallback = HAL_TIMEx_HallSensor_MspInit;
 169:Drivers/STM32F1xx_HAL_Driver/Src/stm32f1xx_hal_tim_ex.c ****     }
 170:Drivers/STM32F1xx_HAL_Driver/Src/stm32f1xx_hal_tim_ex.c ****     /* Init the low level hardware : GPIO, CLOCK, NVIC */
 171:Drivers/STM32F1xx_HAL_Driver/Src/stm32f1xx_hal_tim_ex.c ****     htim->HallSensor_MspInitCallback(htim);
 172:Drivers/STM32F1xx_HAL_Driver/Src/stm32f1xx_hal_tim_ex.c **** #else
 173:Drivers/STM32F1xx_HAL_Driver/Src/stm32f1xx_hal_tim_ex.c ****     /* Init the low level hardware : GPIO, CLOCK, NVIC and DMA */
 174:Drivers/STM32F1xx_HAL_Driver/Src/stm32f1xx_hal_tim_ex.c ****     HAL_TIMEx_HallSensor_MspInit(htim);
  63              		.loc 1 174 5
  64 0028 7868     		ldr	r0, [r7, #4]
  65 002a FFF7FEFF 		bl	HAL_TIMEx_HallSensor_MspInit
  66              	.L4:
 175:Drivers/STM32F1xx_HAL_Driver/Src/stm32f1xx_hal_tim_ex.c **** #endif /* USE_HAL_TIM_REGISTER_CALLBACKS */
 176:Drivers/STM32F1xx_HAL_Driver/Src/stm32f1xx_hal_tim_ex.c ****   }
 177:Drivers/STM32F1xx_HAL_Driver/Src/stm32f1xx_hal_tim_ex.c **** 
 178:Drivers/STM32F1xx_HAL_Driver/Src/stm32f1xx_hal_tim_ex.c ****   /* Set the TIM state */
 179:Drivers/STM32F1xx_HAL_Driver/Src/stm32f1xx_hal_tim_ex.c ****   htim->State = HAL_TIM_STATE_BUSY;
  67              		.loc 1 179 15
  68 002e 7B68     		ldr	r3, [r7, #4]
  69 0030 0222     		movs	r2, #2
  70 0032 83F83D20 		strb	r2, [r3, #61]
 180:Drivers/STM32F1xx_HAL_Driver/Src/stm32f1xx_hal_tim_ex.c **** 
 181:Drivers/STM32F1xx_HAL_Driver/Src/stm32f1xx_hal_tim_ex.c ****   /* Configure the Time base in the Encoder Mode */
 182:Drivers/STM32F1xx_HAL_Driver/Src/stm32f1xx_hal_tim_ex.c ****   TIM_Base_SetConfig(htim->Instance, &htim->Init);
  71              		.loc 1 182 3
  72 0036 7B68     		ldr	r3, [r7, #4]
  73 0038 1A68     		ldr	r2, [r3]
  74 003a 7B68     		ldr	r3, [r7, #4]
  75 003c 0433     		adds	r3, r3, #4
  76 003e 1946     		mov	r1, r3
  77 0040 1046     		mov	r0, r2
  78 0042 FFF7FEFF 		bl	TIM_Base_SetConfig
 183:Drivers/STM32F1xx_HAL_Driver/Src/stm32f1xx_hal_tim_ex.c **** 
 184:Drivers/STM32F1xx_HAL_Driver/Src/stm32f1xx_hal_tim_ex.c ****   /* Configure the Channel 1 as Input Channel to interface with the three Outputs of the  Hall sens
 185:Drivers/STM32F1xx_HAL_Driver/Src/stm32f1xx_hal_tim_ex.c ****   TIM_TI1_SetConfig(htim->Instance, sConfig->IC1Polarity, TIM_ICSELECTION_TRC, sConfig->IC1Filter);
  79              		.loc 1 185 3
  80 0046 7B68     		ldr	r3, [r7, #4]
  81 0048 1868     		ldr	r0, [r3]
  82 004a 3B68     		ldr	r3, [r7]
  83 004c 1968     		ldr	r1, [r3]
  84 004e 3B68     		ldr	r3, [r7]
  85 0050 9B68     		ldr	r3, [r3, #8]
  86 0052 0322     		movs	r2, #3
  87 0054 FFF7FEFF 		bl	TIM_TI1_SetConfig
 186:Drivers/STM32F1xx_HAL_Driver/Src/stm32f1xx_hal_tim_ex.c **** 
 187:Drivers/STM32F1xx_HAL_Driver/Src/stm32f1xx_hal_tim_ex.c ****   /* Reset the IC1PSC Bits */
 188:Drivers/STM32F1xx_HAL_Driver/Src/stm32f1xx_hal_tim_ex.c ****   htim->Instance->CCMR1 &= ~TIM_CCMR1_IC1PSC;
  88              		.loc 1 188 7
  89 0058 7B68     		ldr	r3, [r7, #4]
  90 005a 1B68     		ldr	r3, [r3]
  91              		.loc 1 188 17
  92 005c 9A69     		ldr	r2, [r3, #24]
  93              		.loc 1 188 7
  94 005e 7B68     		ldr	r3, [r7, #4]
  95 0060 1B68     		ldr	r3, [r3]
  96              		.loc 1 188 25
  97 0062 22F00C02 		bic	r2, r2, #12
  98 0066 9A61     		str	r2, [r3, #24]
ARM GAS  /tmp/ccydCXE5.s 			page 6


 189:Drivers/STM32F1xx_HAL_Driver/Src/stm32f1xx_hal_tim_ex.c ****   /* Set the IC1PSC value */
 190:Drivers/STM32F1xx_HAL_Driver/Src/stm32f1xx_hal_tim_ex.c ****   htim->Instance->CCMR1 |= sConfig->IC1Prescaler;
  99              		.loc 1 190 7
 100 0068 7B68     		ldr	r3, [r7, #4]
 101 006a 1B68     		ldr	r3, [r3]
 102              		.loc 1 190 17
 103 006c 9969     		ldr	r1, [r3, #24]
 104              		.loc 1 190 35
 105 006e 3B68     		ldr	r3, [r7]
 106 0070 5A68     		ldr	r2, [r3, #4]
 107              		.loc 1 190 7
 108 0072 7B68     		ldr	r3, [r7, #4]
 109 0074 1B68     		ldr	r3, [r3]
 110              		.loc 1 190 25
 111 0076 0A43     		orrs	r2, r2, r1
 112 0078 9A61     		str	r2, [r3, #24]
 191:Drivers/STM32F1xx_HAL_Driver/Src/stm32f1xx_hal_tim_ex.c **** 
 192:Drivers/STM32F1xx_HAL_Driver/Src/stm32f1xx_hal_tim_ex.c ****   /* Enable the Hall sensor interface (XOR function of the three inputs) */
 193:Drivers/STM32F1xx_HAL_Driver/Src/stm32f1xx_hal_tim_ex.c ****   htim->Instance->CR2 |= TIM_CR2_TI1S;
 113              		.loc 1 193 7
 114 007a 7B68     		ldr	r3, [r7, #4]
 115 007c 1B68     		ldr	r3, [r3]
 116              		.loc 1 193 17
 117 007e 5A68     		ldr	r2, [r3, #4]
 118              		.loc 1 193 7
 119 0080 7B68     		ldr	r3, [r7, #4]
 120 0082 1B68     		ldr	r3, [r3]
 121              		.loc 1 193 23
 122 0084 42F08002 		orr	r2, r2, #128
 123 0088 5A60     		str	r2, [r3, #4]
 194:Drivers/STM32F1xx_HAL_Driver/Src/stm32f1xx_hal_tim_ex.c **** 
 195:Drivers/STM32F1xx_HAL_Driver/Src/stm32f1xx_hal_tim_ex.c ****   /* Select the TIM_TS_TI1F_ED signal as Input trigger for the TIM */
 196:Drivers/STM32F1xx_HAL_Driver/Src/stm32f1xx_hal_tim_ex.c ****   htim->Instance->SMCR &= ~TIM_SMCR_TS;
 124              		.loc 1 196 7
 125 008a 7B68     		ldr	r3, [r7, #4]
 126 008c 1B68     		ldr	r3, [r3]
 127              		.loc 1 196 17
 128 008e 9A68     		ldr	r2, [r3, #8]
 129              		.loc 1 196 7
 130 0090 7B68     		ldr	r3, [r7, #4]
 131 0092 1B68     		ldr	r3, [r3]
 132              		.loc 1 196 24
 133 0094 22F07002 		bic	r2, r2, #112
 134 0098 9A60     		str	r2, [r3, #8]
 197:Drivers/STM32F1xx_HAL_Driver/Src/stm32f1xx_hal_tim_ex.c ****   htim->Instance->SMCR |= TIM_TS_TI1F_ED;
 135              		.loc 1 197 7
 136 009a 7B68     		ldr	r3, [r7, #4]
 137 009c 1B68     		ldr	r3, [r3]
 138              		.loc 1 197 17
 139 009e 9A68     		ldr	r2, [r3, #8]
 140              		.loc 1 197 7
 141 00a0 7B68     		ldr	r3, [r7, #4]
 142 00a2 1B68     		ldr	r3, [r3]
 143              		.loc 1 197 24
 144 00a4 42F04002 		orr	r2, r2, #64
 145 00a8 9A60     		str	r2, [r3, #8]
 198:Drivers/STM32F1xx_HAL_Driver/Src/stm32f1xx_hal_tim_ex.c **** 
ARM GAS  /tmp/ccydCXE5.s 			page 7


 199:Drivers/STM32F1xx_HAL_Driver/Src/stm32f1xx_hal_tim_ex.c ****   /* Use the TIM_TS_TI1F_ED signal to reset the TIM counter each edge detection */
 200:Drivers/STM32F1xx_HAL_Driver/Src/stm32f1xx_hal_tim_ex.c ****   htim->Instance->SMCR &= ~TIM_SMCR_SMS;
 146              		.loc 1 200 7
 147 00aa 7B68     		ldr	r3, [r7, #4]
 148 00ac 1B68     		ldr	r3, [r3]
 149              		.loc 1 200 17
 150 00ae 9A68     		ldr	r2, [r3, #8]
 151              		.loc 1 200 7
 152 00b0 7B68     		ldr	r3, [r7, #4]
 153 00b2 1B68     		ldr	r3, [r3]
 154              		.loc 1 200 24
 155 00b4 22F00702 		bic	r2, r2, #7
 156 00b8 9A60     		str	r2, [r3, #8]
 201:Drivers/STM32F1xx_HAL_Driver/Src/stm32f1xx_hal_tim_ex.c ****   htim->Instance->SMCR |= TIM_SLAVEMODE_RESET;
 157              		.loc 1 201 7
 158 00ba 7B68     		ldr	r3, [r7, #4]
 159 00bc 1B68     		ldr	r3, [r3]
 160              		.loc 1 201 17
 161 00be 9A68     		ldr	r2, [r3, #8]
 162              		.loc 1 201 7
 163 00c0 7B68     		ldr	r3, [r7, #4]
 164 00c2 1B68     		ldr	r3, [r3]
 165              		.loc 1 201 24
 166 00c4 42F00402 		orr	r2, r2, #4
 167 00c8 9A60     		str	r2, [r3, #8]
 202:Drivers/STM32F1xx_HAL_Driver/Src/stm32f1xx_hal_tim_ex.c **** 
 203:Drivers/STM32F1xx_HAL_Driver/Src/stm32f1xx_hal_tim_ex.c ****   /* Program channel 2 in PWM 2 mode with the desired Commutation_Delay*/
 204:Drivers/STM32F1xx_HAL_Driver/Src/stm32f1xx_hal_tim_ex.c ****   OC_Config.OCFastMode = TIM_OCFAST_DISABLE;
 168              		.loc 1 204 24
 169 00ca 0023     		movs	r3, #0
 170 00cc FB61     		str	r3, [r7, #28]
 205:Drivers/STM32F1xx_HAL_Driver/Src/stm32f1xx_hal_tim_ex.c ****   OC_Config.OCIdleState = TIM_OCIDLESTATE_RESET;
 171              		.loc 1 205 25
 172 00ce 0023     		movs	r3, #0
 173 00d0 3B62     		str	r3, [r7, #32]
 206:Drivers/STM32F1xx_HAL_Driver/Src/stm32f1xx_hal_tim_ex.c ****   OC_Config.OCMode = TIM_OCMODE_PWM2;
 174              		.loc 1 206 20
 175 00d2 7023     		movs	r3, #112
 176 00d4 FB60     		str	r3, [r7, #12]
 207:Drivers/STM32F1xx_HAL_Driver/Src/stm32f1xx_hal_tim_ex.c ****   OC_Config.OCNIdleState = TIM_OCNIDLESTATE_RESET;
 177              		.loc 1 207 26
 178 00d6 0023     		movs	r3, #0
 179 00d8 7B62     		str	r3, [r7, #36]
 208:Drivers/STM32F1xx_HAL_Driver/Src/stm32f1xx_hal_tim_ex.c ****   OC_Config.OCNPolarity = TIM_OCNPOLARITY_HIGH;
 180              		.loc 1 208 25
 181 00da 0023     		movs	r3, #0
 182 00dc BB61     		str	r3, [r7, #24]
 209:Drivers/STM32F1xx_HAL_Driver/Src/stm32f1xx_hal_tim_ex.c ****   OC_Config.OCPolarity = TIM_OCPOLARITY_HIGH;
 183              		.loc 1 209 24
 184 00de 0023     		movs	r3, #0
 185 00e0 7B61     		str	r3, [r7, #20]
 210:Drivers/STM32F1xx_HAL_Driver/Src/stm32f1xx_hal_tim_ex.c ****   OC_Config.Pulse = sConfig->Commutation_Delay;
 186              		.loc 1 210 28
 187 00e2 3B68     		ldr	r3, [r7]
 188 00e4 DB68     		ldr	r3, [r3, #12]
 189              		.loc 1 210 19
 190 00e6 3B61     		str	r3, [r7, #16]
ARM GAS  /tmp/ccydCXE5.s 			page 8


 211:Drivers/STM32F1xx_HAL_Driver/Src/stm32f1xx_hal_tim_ex.c **** 
 212:Drivers/STM32F1xx_HAL_Driver/Src/stm32f1xx_hal_tim_ex.c ****   TIM_OC2_SetConfig(htim->Instance, &OC_Config);
 191              		.loc 1 212 3
 192 00e8 7B68     		ldr	r3, [r7, #4]
 193 00ea 1B68     		ldr	r3, [r3]
 194 00ec 07F10C02 		add	r2, r7, #12
 195 00f0 1146     		mov	r1, r2
 196 00f2 1846     		mov	r0, r3
 197 00f4 FFF7FEFF 		bl	TIM_OC2_SetConfig
 213:Drivers/STM32F1xx_HAL_Driver/Src/stm32f1xx_hal_tim_ex.c **** 
 214:Drivers/STM32F1xx_HAL_Driver/Src/stm32f1xx_hal_tim_ex.c ****   /* Select OC2REF as trigger output on TRGO: write the MMS bits in the TIMx_CR2
 215:Drivers/STM32F1xx_HAL_Driver/Src/stm32f1xx_hal_tim_ex.c ****     register to 101 */
 216:Drivers/STM32F1xx_HAL_Driver/Src/stm32f1xx_hal_tim_ex.c ****   htim->Instance->CR2 &= ~TIM_CR2_MMS;
 198              		.loc 1 216 7
 199 00f8 7B68     		ldr	r3, [r7, #4]
 200 00fa 1B68     		ldr	r3, [r3]
 201              		.loc 1 216 17
 202 00fc 5A68     		ldr	r2, [r3, #4]
 203              		.loc 1 216 7
 204 00fe 7B68     		ldr	r3, [r7, #4]
 205 0100 1B68     		ldr	r3, [r3]
 206              		.loc 1 216 23
 207 0102 22F07002 		bic	r2, r2, #112
 208 0106 5A60     		str	r2, [r3, #4]
 217:Drivers/STM32F1xx_HAL_Driver/Src/stm32f1xx_hal_tim_ex.c ****   htim->Instance->CR2 |= TIM_TRGO_OC2REF;
 209              		.loc 1 217 7
 210 0108 7B68     		ldr	r3, [r7, #4]
 211 010a 1B68     		ldr	r3, [r3]
 212              		.loc 1 217 17
 213 010c 5A68     		ldr	r2, [r3, #4]
 214              		.loc 1 217 7
 215 010e 7B68     		ldr	r3, [r7, #4]
 216 0110 1B68     		ldr	r3, [r3]
 217              		.loc 1 217 23
 218 0112 42F05002 		orr	r2, r2, #80
 219 0116 5A60     		str	r2, [r3, #4]
 218:Drivers/STM32F1xx_HAL_Driver/Src/stm32f1xx_hal_tim_ex.c **** 
 219:Drivers/STM32F1xx_HAL_Driver/Src/stm32f1xx_hal_tim_ex.c ****   /* Initialize the DMA burst operation state */
 220:Drivers/STM32F1xx_HAL_Driver/Src/stm32f1xx_hal_tim_ex.c ****   htim->DMABurstState = HAL_DMA_BURST_STATE_READY;
 220              		.loc 1 220 23
 221 0118 7B68     		ldr	r3, [r7, #4]
 222 011a 0122     		movs	r2, #1
 223 011c 83F84620 		strb	r2, [r3, #70]
 221:Drivers/STM32F1xx_HAL_Driver/Src/stm32f1xx_hal_tim_ex.c **** 
 222:Drivers/STM32F1xx_HAL_Driver/Src/stm32f1xx_hal_tim_ex.c ****   /* Initialize the TIM channels state */
 223:Drivers/STM32F1xx_HAL_Driver/Src/stm32f1xx_hal_tim_ex.c ****   TIM_CHANNEL_STATE_SET(htim, TIM_CHANNEL_1, HAL_TIM_CHANNEL_STATE_READY);
 224              		.loc 1 223 3
 225 0120 7B68     		ldr	r3, [r7, #4]
 226 0122 0122     		movs	r2, #1
 227 0124 83F83E20 		strb	r2, [r3, #62]
 224:Drivers/STM32F1xx_HAL_Driver/Src/stm32f1xx_hal_tim_ex.c ****   TIM_CHANNEL_STATE_SET(htim, TIM_CHANNEL_2, HAL_TIM_CHANNEL_STATE_READY);
 228              		.loc 1 224 3
 229 0128 7B68     		ldr	r3, [r7, #4]
 230 012a 0122     		movs	r2, #1
 231 012c 83F83F20 		strb	r2, [r3, #63]
 225:Drivers/STM32F1xx_HAL_Driver/Src/stm32f1xx_hal_tim_ex.c ****   TIM_CHANNEL_N_STATE_SET(htim, TIM_CHANNEL_1, HAL_TIM_CHANNEL_STATE_READY);
 232              		.loc 1 225 3
ARM GAS  /tmp/ccydCXE5.s 			page 9


 233 0130 7B68     		ldr	r3, [r7, #4]
 234 0132 0122     		movs	r2, #1
 235 0134 83F84220 		strb	r2, [r3, #66]
 226:Drivers/STM32F1xx_HAL_Driver/Src/stm32f1xx_hal_tim_ex.c ****   TIM_CHANNEL_N_STATE_SET(htim, TIM_CHANNEL_2, HAL_TIM_CHANNEL_STATE_READY);
 236              		.loc 1 226 3
 237 0138 7B68     		ldr	r3, [r7, #4]
 238 013a 0122     		movs	r2, #1
 239 013c 83F84320 		strb	r2, [r3, #67]
 227:Drivers/STM32F1xx_HAL_Driver/Src/stm32f1xx_hal_tim_ex.c **** 
 228:Drivers/STM32F1xx_HAL_Driver/Src/stm32f1xx_hal_tim_ex.c ****   /* Initialize the TIM state*/
 229:Drivers/STM32F1xx_HAL_Driver/Src/stm32f1xx_hal_tim_ex.c ****   htim->State = HAL_TIM_STATE_READY;
 240              		.loc 1 229 15
 241 0140 7B68     		ldr	r3, [r7, #4]
 242 0142 0122     		movs	r2, #1
 243 0144 83F83D20 		strb	r2, [r3, #61]
 230:Drivers/STM32F1xx_HAL_Driver/Src/stm32f1xx_hal_tim_ex.c **** 
 231:Drivers/STM32F1xx_HAL_Driver/Src/stm32f1xx_hal_tim_ex.c ****   return HAL_OK;
 244              		.loc 1 231 10
 245 0148 0023     		movs	r3, #0
 246              	.L5:
 232:Drivers/STM32F1xx_HAL_Driver/Src/stm32f1xx_hal_tim_ex.c **** }
 247              		.loc 1 232 1 discriminator 1
 248 014a 1846     		mov	r0, r3
 249 014c 2837     		adds	r7, r7, #40
 250              	.LCFI3:
 251              		.cfi_def_cfa_offset 8
 252 014e BD46     		mov	sp, r7
 253              	.LCFI4:
 254              		.cfi_def_cfa_register 13
 255              		@ sp needed
 256 0150 80BD     		pop	{r7, pc}
 257              		.cfi_endproc
 258              	.LFE65:
 260              		.section	.text.HAL_TIMEx_HallSensor_DeInit,"ax",%progbits
 261              		.align	1
 262              		.global	HAL_TIMEx_HallSensor_DeInit
 263              		.syntax unified
 264              		.thumb
 265              		.thumb_func
 267              	HAL_TIMEx_HallSensor_DeInit:
 268              	.LFB66:
 233:Drivers/STM32F1xx_HAL_Driver/Src/stm32f1xx_hal_tim_ex.c **** 
 234:Drivers/STM32F1xx_HAL_Driver/Src/stm32f1xx_hal_tim_ex.c **** /**
 235:Drivers/STM32F1xx_HAL_Driver/Src/stm32f1xx_hal_tim_ex.c ****   * @brief  DeInitializes the TIM Hall Sensor interface
 236:Drivers/STM32F1xx_HAL_Driver/Src/stm32f1xx_hal_tim_ex.c ****   * @param  htim TIM Hall Sensor Interface handle
 237:Drivers/STM32F1xx_HAL_Driver/Src/stm32f1xx_hal_tim_ex.c ****   * @retval HAL status
 238:Drivers/STM32F1xx_HAL_Driver/Src/stm32f1xx_hal_tim_ex.c ****   */
 239:Drivers/STM32F1xx_HAL_Driver/Src/stm32f1xx_hal_tim_ex.c **** HAL_StatusTypeDef HAL_TIMEx_HallSensor_DeInit(TIM_HandleTypeDef *htim)
 240:Drivers/STM32F1xx_HAL_Driver/Src/stm32f1xx_hal_tim_ex.c **** {
 269              		.loc 1 240 1
 270              		.cfi_startproc
 271              		@ args = 0, pretend = 0, frame = 8
 272              		@ frame_needed = 1, uses_anonymous_args = 0
 273 0000 80B5     		push	{r7, lr}
 274              	.LCFI5:
 275              		.cfi_def_cfa_offset 8
 276              		.cfi_offset 7, -8
ARM GAS  /tmp/ccydCXE5.s 			page 10


 277              		.cfi_offset 14, -4
 278 0002 82B0     		sub	sp, sp, #8
 279              	.LCFI6:
 280              		.cfi_def_cfa_offset 16
 281 0004 00AF     		add	r7, sp, #0
 282              	.LCFI7:
 283              		.cfi_def_cfa_register 7
 284 0006 7860     		str	r0, [r7, #4]
 241:Drivers/STM32F1xx_HAL_Driver/Src/stm32f1xx_hal_tim_ex.c ****   /* Check the parameters */
 242:Drivers/STM32F1xx_HAL_Driver/Src/stm32f1xx_hal_tim_ex.c ****   assert_param(IS_TIM_INSTANCE(htim->Instance));
 243:Drivers/STM32F1xx_HAL_Driver/Src/stm32f1xx_hal_tim_ex.c **** 
 244:Drivers/STM32F1xx_HAL_Driver/Src/stm32f1xx_hal_tim_ex.c ****   htim->State = HAL_TIM_STATE_BUSY;
 285              		.loc 1 244 15
 286 0008 7B68     		ldr	r3, [r7, #4]
 287 000a 0222     		movs	r2, #2
 288 000c 83F83D20 		strb	r2, [r3, #61]
 245:Drivers/STM32F1xx_HAL_Driver/Src/stm32f1xx_hal_tim_ex.c **** 
 246:Drivers/STM32F1xx_HAL_Driver/Src/stm32f1xx_hal_tim_ex.c ****   /* Disable the TIM Peripheral Clock */
 247:Drivers/STM32F1xx_HAL_Driver/Src/stm32f1xx_hal_tim_ex.c ****   __HAL_TIM_DISABLE(htim);
 289              		.loc 1 247 3
 290 0010 7B68     		ldr	r3, [r7, #4]
 291 0012 1B68     		ldr	r3, [r3]
 292 0014 1A6A     		ldr	r2, [r3, #32]
 293 0016 41F21113 		movw	r3, #4369
 294 001a 1340     		ands	r3, r3, r2
 295 001c 002B     		cmp	r3, #0
 296 001e 0FD1     		bne	.L7
 297              		.loc 1 247 3 is_stmt 0 discriminator 1
 298 0020 7B68     		ldr	r3, [r7, #4]
 299 0022 1B68     		ldr	r3, [r3]
 300 0024 1A6A     		ldr	r2, [r3, #32]
 301 0026 40F24443 		movw	r3, #1092
 302 002a 1340     		ands	r3, r3, r2
 303 002c 002B     		cmp	r3, #0
 304 002e 07D1     		bne	.L7
 305              		.loc 1 247 3 discriminator 2
 306 0030 7B68     		ldr	r3, [r7, #4]
 307 0032 1B68     		ldr	r3, [r3]
 308 0034 1A68     		ldr	r2, [r3]
 309 0036 7B68     		ldr	r3, [r7, #4]
 310 0038 1B68     		ldr	r3, [r3]
 311 003a 22F00102 		bic	r2, r2, #1
 312 003e 1A60     		str	r2, [r3]
 313              	.L7:
 248:Drivers/STM32F1xx_HAL_Driver/Src/stm32f1xx_hal_tim_ex.c **** 
 249:Drivers/STM32F1xx_HAL_Driver/Src/stm32f1xx_hal_tim_ex.c **** #if (USE_HAL_TIM_REGISTER_CALLBACKS == 1)
 250:Drivers/STM32F1xx_HAL_Driver/Src/stm32f1xx_hal_tim_ex.c ****   if (htim->HallSensor_MspDeInitCallback == NULL)
 251:Drivers/STM32F1xx_HAL_Driver/Src/stm32f1xx_hal_tim_ex.c ****   {
 252:Drivers/STM32F1xx_HAL_Driver/Src/stm32f1xx_hal_tim_ex.c ****     htim->HallSensor_MspDeInitCallback = HAL_TIMEx_HallSensor_MspDeInit;
 253:Drivers/STM32F1xx_HAL_Driver/Src/stm32f1xx_hal_tim_ex.c ****   }
 254:Drivers/STM32F1xx_HAL_Driver/Src/stm32f1xx_hal_tim_ex.c ****   /* DeInit the low level hardware */
 255:Drivers/STM32F1xx_HAL_Driver/Src/stm32f1xx_hal_tim_ex.c ****   htim->HallSensor_MspDeInitCallback(htim);
 256:Drivers/STM32F1xx_HAL_Driver/Src/stm32f1xx_hal_tim_ex.c **** #else
 257:Drivers/STM32F1xx_HAL_Driver/Src/stm32f1xx_hal_tim_ex.c ****   /* DeInit the low level hardware: GPIO, CLOCK, NVIC */
 258:Drivers/STM32F1xx_HAL_Driver/Src/stm32f1xx_hal_tim_ex.c ****   HAL_TIMEx_HallSensor_MspDeInit(htim);
 314              		.loc 1 258 3 is_stmt 1
 315 0040 7868     		ldr	r0, [r7, #4]
ARM GAS  /tmp/ccydCXE5.s 			page 11


 316 0042 FFF7FEFF 		bl	HAL_TIMEx_HallSensor_MspDeInit
 259:Drivers/STM32F1xx_HAL_Driver/Src/stm32f1xx_hal_tim_ex.c **** #endif /* USE_HAL_TIM_REGISTER_CALLBACKS */
 260:Drivers/STM32F1xx_HAL_Driver/Src/stm32f1xx_hal_tim_ex.c **** 
 261:Drivers/STM32F1xx_HAL_Driver/Src/stm32f1xx_hal_tim_ex.c ****   /* Change the DMA burst operation state */
 262:Drivers/STM32F1xx_HAL_Driver/Src/stm32f1xx_hal_tim_ex.c ****   htim->DMABurstState = HAL_DMA_BURST_STATE_RESET;
 317              		.loc 1 262 23
 318 0046 7B68     		ldr	r3, [r7, #4]
 319 0048 0022     		movs	r2, #0
 320 004a 83F84620 		strb	r2, [r3, #70]
 263:Drivers/STM32F1xx_HAL_Driver/Src/stm32f1xx_hal_tim_ex.c **** 
 264:Drivers/STM32F1xx_HAL_Driver/Src/stm32f1xx_hal_tim_ex.c ****   /* Change the TIM channels state */
 265:Drivers/STM32F1xx_HAL_Driver/Src/stm32f1xx_hal_tim_ex.c ****   TIM_CHANNEL_STATE_SET(htim, TIM_CHANNEL_1, HAL_TIM_CHANNEL_STATE_RESET);
 321              		.loc 1 265 3
 322 004e 7B68     		ldr	r3, [r7, #4]
 323 0050 0022     		movs	r2, #0
 324 0052 83F83E20 		strb	r2, [r3, #62]
 266:Drivers/STM32F1xx_HAL_Driver/Src/stm32f1xx_hal_tim_ex.c ****   TIM_CHANNEL_STATE_SET(htim, TIM_CHANNEL_2, HAL_TIM_CHANNEL_STATE_RESET);
 325              		.loc 1 266 3
 326 0056 7B68     		ldr	r3, [r7, #4]
 327 0058 0022     		movs	r2, #0
 328 005a 83F83F20 		strb	r2, [r3, #63]
 267:Drivers/STM32F1xx_HAL_Driver/Src/stm32f1xx_hal_tim_ex.c ****   TIM_CHANNEL_N_STATE_SET(htim, TIM_CHANNEL_1, HAL_TIM_CHANNEL_STATE_RESET);
 329              		.loc 1 267 3
 330 005e 7B68     		ldr	r3, [r7, #4]
 331 0060 0022     		movs	r2, #0
 332 0062 83F84220 		strb	r2, [r3, #66]
 268:Drivers/STM32F1xx_HAL_Driver/Src/stm32f1xx_hal_tim_ex.c ****   TIM_CHANNEL_N_STATE_SET(htim, TIM_CHANNEL_2, HAL_TIM_CHANNEL_STATE_RESET);
 333              		.loc 1 268 3
 334 0066 7B68     		ldr	r3, [r7, #4]
 335 0068 0022     		movs	r2, #0
 336 006a 83F84320 		strb	r2, [r3, #67]
 269:Drivers/STM32F1xx_HAL_Driver/Src/stm32f1xx_hal_tim_ex.c **** 
 270:Drivers/STM32F1xx_HAL_Driver/Src/stm32f1xx_hal_tim_ex.c ****   /* Change TIM state */
 271:Drivers/STM32F1xx_HAL_Driver/Src/stm32f1xx_hal_tim_ex.c ****   htim->State = HAL_TIM_STATE_RESET;
 337              		.loc 1 271 15
 338 006e 7B68     		ldr	r3, [r7, #4]
 339 0070 0022     		movs	r2, #0
 340 0072 83F83D20 		strb	r2, [r3, #61]
 272:Drivers/STM32F1xx_HAL_Driver/Src/stm32f1xx_hal_tim_ex.c **** 
 273:Drivers/STM32F1xx_HAL_Driver/Src/stm32f1xx_hal_tim_ex.c ****   /* Release Lock */
 274:Drivers/STM32F1xx_HAL_Driver/Src/stm32f1xx_hal_tim_ex.c ****   __HAL_UNLOCK(htim);
 341              		.loc 1 274 3
 342 0076 7B68     		ldr	r3, [r7, #4]
 343 0078 0022     		movs	r2, #0
 344 007a 83F83C20 		strb	r2, [r3, #60]
 275:Drivers/STM32F1xx_HAL_Driver/Src/stm32f1xx_hal_tim_ex.c **** 
 276:Drivers/STM32F1xx_HAL_Driver/Src/stm32f1xx_hal_tim_ex.c ****   return HAL_OK;
 345              		.loc 1 276 10
 346 007e 0023     		movs	r3, #0
 277:Drivers/STM32F1xx_HAL_Driver/Src/stm32f1xx_hal_tim_ex.c **** }
 347              		.loc 1 277 1
 348 0080 1846     		mov	r0, r3
 349 0082 0837     		adds	r7, r7, #8
 350              	.LCFI8:
 351              		.cfi_def_cfa_offset 8
 352 0084 BD46     		mov	sp, r7
 353              	.LCFI9:
ARM GAS  /tmp/ccydCXE5.s 			page 12


 354              		.cfi_def_cfa_register 13
 355              		@ sp needed
 356 0086 80BD     		pop	{r7, pc}
 357              		.cfi_endproc
 358              	.LFE66:
 360              		.section	.text.HAL_TIMEx_HallSensor_MspInit,"ax",%progbits
 361              		.align	1
 362              		.weak	HAL_TIMEx_HallSensor_MspInit
 363              		.syntax unified
 364              		.thumb
 365              		.thumb_func
 367              	HAL_TIMEx_HallSensor_MspInit:
 368              	.LFB67:
 278:Drivers/STM32F1xx_HAL_Driver/Src/stm32f1xx_hal_tim_ex.c **** 
 279:Drivers/STM32F1xx_HAL_Driver/Src/stm32f1xx_hal_tim_ex.c **** /**
 280:Drivers/STM32F1xx_HAL_Driver/Src/stm32f1xx_hal_tim_ex.c ****   * @brief  Initializes the TIM Hall Sensor MSP.
 281:Drivers/STM32F1xx_HAL_Driver/Src/stm32f1xx_hal_tim_ex.c ****   * @param  htim TIM Hall Sensor Interface handle
 282:Drivers/STM32F1xx_HAL_Driver/Src/stm32f1xx_hal_tim_ex.c ****   * @retval None
 283:Drivers/STM32F1xx_HAL_Driver/Src/stm32f1xx_hal_tim_ex.c ****   */
 284:Drivers/STM32F1xx_HAL_Driver/Src/stm32f1xx_hal_tim_ex.c **** __weak void HAL_TIMEx_HallSensor_MspInit(TIM_HandleTypeDef *htim)
 285:Drivers/STM32F1xx_HAL_Driver/Src/stm32f1xx_hal_tim_ex.c **** {
 369              		.loc 1 285 1
 370              		.cfi_startproc
 371              		@ args = 0, pretend = 0, frame = 8
 372              		@ frame_needed = 1, uses_anonymous_args = 0
 373              		@ link register save eliminated.
 374 0000 80B4     		push	{r7}
 375              	.LCFI10:
 376              		.cfi_def_cfa_offset 4
 377              		.cfi_offset 7, -4
 378 0002 83B0     		sub	sp, sp, #12
 379              	.LCFI11:
 380              		.cfi_def_cfa_offset 16
 381 0004 00AF     		add	r7, sp, #0
 382              	.LCFI12:
 383              		.cfi_def_cfa_register 7
 384 0006 7860     		str	r0, [r7, #4]
 286:Drivers/STM32F1xx_HAL_Driver/Src/stm32f1xx_hal_tim_ex.c ****   /* Prevent unused argument(s) compilation warning */
 287:Drivers/STM32F1xx_HAL_Driver/Src/stm32f1xx_hal_tim_ex.c ****   UNUSED(htim);
 288:Drivers/STM32F1xx_HAL_Driver/Src/stm32f1xx_hal_tim_ex.c **** 
 289:Drivers/STM32F1xx_HAL_Driver/Src/stm32f1xx_hal_tim_ex.c ****   /* NOTE : This function should not be modified, when the callback is needed,
 290:Drivers/STM32F1xx_HAL_Driver/Src/stm32f1xx_hal_tim_ex.c ****             the HAL_TIMEx_HallSensor_MspInit could be implemented in the user file
 291:Drivers/STM32F1xx_HAL_Driver/Src/stm32f1xx_hal_tim_ex.c ****    */
 292:Drivers/STM32F1xx_HAL_Driver/Src/stm32f1xx_hal_tim_ex.c **** }
 385              		.loc 1 292 1
 386 0008 00BF     		nop
 387 000a 0C37     		adds	r7, r7, #12
 388              	.LCFI13:
 389              		.cfi_def_cfa_offset 4
 390 000c BD46     		mov	sp, r7
 391              	.LCFI14:
 392              		.cfi_def_cfa_register 13
 393              		@ sp needed
 394 000e 80BC     		pop	{r7}
 395              	.LCFI15:
 396              		.cfi_restore 7
 397              		.cfi_def_cfa_offset 0
ARM GAS  /tmp/ccydCXE5.s 			page 13


 398 0010 7047     		bx	lr
 399              		.cfi_endproc
 400              	.LFE67:
 402              		.section	.text.HAL_TIMEx_HallSensor_MspDeInit,"ax",%progbits
 403              		.align	1
 404              		.weak	HAL_TIMEx_HallSensor_MspDeInit
 405              		.syntax unified
 406              		.thumb
 407              		.thumb_func
 409              	HAL_TIMEx_HallSensor_MspDeInit:
 410              	.LFB68:
 293:Drivers/STM32F1xx_HAL_Driver/Src/stm32f1xx_hal_tim_ex.c **** 
 294:Drivers/STM32F1xx_HAL_Driver/Src/stm32f1xx_hal_tim_ex.c **** /**
 295:Drivers/STM32F1xx_HAL_Driver/Src/stm32f1xx_hal_tim_ex.c ****   * @brief  DeInitializes TIM Hall Sensor MSP.
 296:Drivers/STM32F1xx_HAL_Driver/Src/stm32f1xx_hal_tim_ex.c ****   * @param  htim TIM Hall Sensor Interface handle
 297:Drivers/STM32F1xx_HAL_Driver/Src/stm32f1xx_hal_tim_ex.c ****   * @retval None
 298:Drivers/STM32F1xx_HAL_Driver/Src/stm32f1xx_hal_tim_ex.c ****   */
 299:Drivers/STM32F1xx_HAL_Driver/Src/stm32f1xx_hal_tim_ex.c **** __weak void HAL_TIMEx_HallSensor_MspDeInit(TIM_HandleTypeDef *htim)
 300:Drivers/STM32F1xx_HAL_Driver/Src/stm32f1xx_hal_tim_ex.c **** {
 411              		.loc 1 300 1
 412              		.cfi_startproc
 413              		@ args = 0, pretend = 0, frame = 8
 414              		@ frame_needed = 1, uses_anonymous_args = 0
 415              		@ link register save eliminated.
 416 0000 80B4     		push	{r7}
 417              	.LCFI16:
 418              		.cfi_def_cfa_offset 4
 419              		.cfi_offset 7, -4
 420 0002 83B0     		sub	sp, sp, #12
 421              	.LCFI17:
 422              		.cfi_def_cfa_offset 16
 423 0004 00AF     		add	r7, sp, #0
 424              	.LCFI18:
 425              		.cfi_def_cfa_register 7
 426 0006 7860     		str	r0, [r7, #4]
 301:Drivers/STM32F1xx_HAL_Driver/Src/stm32f1xx_hal_tim_ex.c ****   /* Prevent unused argument(s) compilation warning */
 302:Drivers/STM32F1xx_HAL_Driver/Src/stm32f1xx_hal_tim_ex.c ****   UNUSED(htim);
 303:Drivers/STM32F1xx_HAL_Driver/Src/stm32f1xx_hal_tim_ex.c **** 
 304:Drivers/STM32F1xx_HAL_Driver/Src/stm32f1xx_hal_tim_ex.c ****   /* NOTE : This function should not be modified, when the callback is needed,
 305:Drivers/STM32F1xx_HAL_Driver/Src/stm32f1xx_hal_tim_ex.c ****             the HAL_TIMEx_HallSensor_MspDeInit could be implemented in the user file
 306:Drivers/STM32F1xx_HAL_Driver/Src/stm32f1xx_hal_tim_ex.c ****    */
 307:Drivers/STM32F1xx_HAL_Driver/Src/stm32f1xx_hal_tim_ex.c **** }
 427              		.loc 1 307 1
 428 0008 00BF     		nop
 429 000a 0C37     		adds	r7, r7, #12
 430              	.LCFI19:
 431              		.cfi_def_cfa_offset 4
 432 000c BD46     		mov	sp, r7
 433              	.LCFI20:
 434              		.cfi_def_cfa_register 13
 435              		@ sp needed
 436 000e 80BC     		pop	{r7}
 437              	.LCFI21:
 438              		.cfi_restore 7
 439              		.cfi_def_cfa_offset 0
 440 0010 7047     		bx	lr
 441              		.cfi_endproc
ARM GAS  /tmp/ccydCXE5.s 			page 14


 442              	.LFE68:
 444              		.section	.text.HAL_TIMEx_HallSensor_Start,"ax",%progbits
 445              		.align	1
 446              		.global	HAL_TIMEx_HallSensor_Start
 447              		.syntax unified
 448              		.thumb
 449              		.thumb_func
 451              	HAL_TIMEx_HallSensor_Start:
 452              	.LFB69:
 308:Drivers/STM32F1xx_HAL_Driver/Src/stm32f1xx_hal_tim_ex.c **** 
 309:Drivers/STM32F1xx_HAL_Driver/Src/stm32f1xx_hal_tim_ex.c **** /**
 310:Drivers/STM32F1xx_HAL_Driver/Src/stm32f1xx_hal_tim_ex.c ****   * @brief  Starts the TIM Hall Sensor Interface.
 311:Drivers/STM32F1xx_HAL_Driver/Src/stm32f1xx_hal_tim_ex.c ****   * @param  htim TIM Hall Sensor Interface handle
 312:Drivers/STM32F1xx_HAL_Driver/Src/stm32f1xx_hal_tim_ex.c ****   * @retval HAL status
 313:Drivers/STM32F1xx_HAL_Driver/Src/stm32f1xx_hal_tim_ex.c ****   */
 314:Drivers/STM32F1xx_HAL_Driver/Src/stm32f1xx_hal_tim_ex.c **** HAL_StatusTypeDef HAL_TIMEx_HallSensor_Start(TIM_HandleTypeDef *htim)
 315:Drivers/STM32F1xx_HAL_Driver/Src/stm32f1xx_hal_tim_ex.c **** {
 453              		.loc 1 315 1
 454              		.cfi_startproc
 455              		@ args = 0, pretend = 0, frame = 16
 456              		@ frame_needed = 1, uses_anonymous_args = 0
 457 0000 80B5     		push	{r7, lr}
 458              	.LCFI22:
 459              		.cfi_def_cfa_offset 8
 460              		.cfi_offset 7, -8
 461              		.cfi_offset 14, -4
 462 0002 84B0     		sub	sp, sp, #16
 463              	.LCFI23:
 464              		.cfi_def_cfa_offset 24
 465 0004 00AF     		add	r7, sp, #0
 466              	.LCFI24:
 467              		.cfi_def_cfa_register 7
 468 0006 7860     		str	r0, [r7, #4]
 316:Drivers/STM32F1xx_HAL_Driver/Src/stm32f1xx_hal_tim_ex.c ****   uint32_t tmpsmcr;
 317:Drivers/STM32F1xx_HAL_Driver/Src/stm32f1xx_hal_tim_ex.c ****   HAL_TIM_ChannelStateTypeDef channel_1_state = TIM_CHANNEL_STATE_GET(htim, TIM_CHANNEL_1);
 469              		.loc 1 317 31
 470 0008 7B68     		ldr	r3, [r7, #4]
 471 000a 93F83E30 		ldrb	r3, [r3, #62]
 472 000e FB73     		strb	r3, [r7, #15]
 318:Drivers/STM32F1xx_HAL_Driver/Src/stm32f1xx_hal_tim_ex.c ****   HAL_TIM_ChannelStateTypeDef channel_2_state = TIM_CHANNEL_STATE_GET(htim, TIM_CHANNEL_2);
 473              		.loc 1 318 31
 474 0010 7B68     		ldr	r3, [r7, #4]
 475 0012 93F83F30 		ldrb	r3, [r3, #63]
 476 0016 BB73     		strb	r3, [r7, #14]
 319:Drivers/STM32F1xx_HAL_Driver/Src/stm32f1xx_hal_tim_ex.c ****   HAL_TIM_ChannelStateTypeDef complementary_channel_1_state = TIM_CHANNEL_N_STATE_GET(htim, TIM_CHA
 477              		.loc 1 319 31
 478 0018 7B68     		ldr	r3, [r7, #4]
 479 001a 93F84230 		ldrb	r3, [r3, #66]
 480 001e 7B73     		strb	r3, [r7, #13]
 320:Drivers/STM32F1xx_HAL_Driver/Src/stm32f1xx_hal_tim_ex.c ****   HAL_TIM_ChannelStateTypeDef complementary_channel_2_state = TIM_CHANNEL_N_STATE_GET(htim, TIM_CHA
 481              		.loc 1 320 31
 482 0020 7B68     		ldr	r3, [r7, #4]
 483 0022 93F84330 		ldrb	r3, [r3, #67]
 484 0026 3B73     		strb	r3, [r7, #12]
 321:Drivers/STM32F1xx_HAL_Driver/Src/stm32f1xx_hal_tim_ex.c **** 
 322:Drivers/STM32F1xx_HAL_Driver/Src/stm32f1xx_hal_tim_ex.c ****   /* Check the parameters */
 323:Drivers/STM32F1xx_HAL_Driver/Src/stm32f1xx_hal_tim_ex.c ****   assert_param(IS_TIM_HALL_SENSOR_INTERFACE_INSTANCE(htim->Instance));
ARM GAS  /tmp/ccydCXE5.s 			page 15


 324:Drivers/STM32F1xx_HAL_Driver/Src/stm32f1xx_hal_tim_ex.c **** 
 325:Drivers/STM32F1xx_HAL_Driver/Src/stm32f1xx_hal_tim_ex.c ****   /* Check the TIM channels state */
 326:Drivers/STM32F1xx_HAL_Driver/Src/stm32f1xx_hal_tim_ex.c ****   if ((channel_1_state != HAL_TIM_CHANNEL_STATE_READY)
 485              		.loc 1 326 6
 486 0028 FB7B     		ldrb	r3, [r7, #15]	@ zero_extendqisi2
 487 002a 012B     		cmp	r3, #1
 488 002c 08D1     		bne	.L12
 327:Drivers/STM32F1xx_HAL_Driver/Src/stm32f1xx_hal_tim_ex.c ****       || (channel_2_state != HAL_TIM_CHANNEL_STATE_READY)
 489              		.loc 1 327 7
 490 002e BB7B     		ldrb	r3, [r7, #14]	@ zero_extendqisi2
 491 0030 012B     		cmp	r3, #1
 492 0032 05D1     		bne	.L12
 328:Drivers/STM32F1xx_HAL_Driver/Src/stm32f1xx_hal_tim_ex.c ****       || (complementary_channel_1_state != HAL_TIM_CHANNEL_STATE_READY)
 493              		.loc 1 328 7
 494 0034 7B7B     		ldrb	r3, [r7, #13]	@ zero_extendqisi2
 495 0036 012B     		cmp	r3, #1
 496 0038 02D1     		bne	.L12
 329:Drivers/STM32F1xx_HAL_Driver/Src/stm32f1xx_hal_tim_ex.c ****       || (complementary_channel_2_state != HAL_TIM_CHANNEL_STATE_READY))
 497              		.loc 1 329 7
 498 003a 3B7B     		ldrb	r3, [r7, #12]	@ zero_extendqisi2
 499 003c 012B     		cmp	r3, #1
 500 003e 01D0     		beq	.L13
 501              	.L12:
 330:Drivers/STM32F1xx_HAL_Driver/Src/stm32f1xx_hal_tim_ex.c ****   {
 331:Drivers/STM32F1xx_HAL_Driver/Src/stm32f1xx_hal_tim_ex.c ****     return HAL_ERROR;
 502              		.loc 1 331 12
 503 0040 0123     		movs	r3, #1
 504 0042 45E0     		b	.L14
 505              	.L13:
 332:Drivers/STM32F1xx_HAL_Driver/Src/stm32f1xx_hal_tim_ex.c ****   }
 333:Drivers/STM32F1xx_HAL_Driver/Src/stm32f1xx_hal_tim_ex.c **** 
 334:Drivers/STM32F1xx_HAL_Driver/Src/stm32f1xx_hal_tim_ex.c ****   /* Set the TIM channels state */
 335:Drivers/STM32F1xx_HAL_Driver/Src/stm32f1xx_hal_tim_ex.c ****   TIM_CHANNEL_STATE_SET(htim, TIM_CHANNEL_1, HAL_TIM_CHANNEL_STATE_BUSY);
 506              		.loc 1 335 3
 507 0044 7B68     		ldr	r3, [r7, #4]
 508 0046 0222     		movs	r2, #2
 509 0048 83F83E20 		strb	r2, [r3, #62]
 336:Drivers/STM32F1xx_HAL_Driver/Src/stm32f1xx_hal_tim_ex.c ****   TIM_CHANNEL_STATE_SET(htim, TIM_CHANNEL_2, HAL_TIM_CHANNEL_STATE_BUSY);
 510              		.loc 1 336 3
 511 004c 7B68     		ldr	r3, [r7, #4]
 512 004e 0222     		movs	r2, #2
 513 0050 83F83F20 		strb	r2, [r3, #63]
 337:Drivers/STM32F1xx_HAL_Driver/Src/stm32f1xx_hal_tim_ex.c ****   TIM_CHANNEL_N_STATE_SET(htim, TIM_CHANNEL_1, HAL_TIM_CHANNEL_STATE_BUSY);
 514              		.loc 1 337 3
 515 0054 7B68     		ldr	r3, [r7, #4]
 516 0056 0222     		movs	r2, #2
 517 0058 83F84220 		strb	r2, [r3, #66]
 338:Drivers/STM32F1xx_HAL_Driver/Src/stm32f1xx_hal_tim_ex.c ****   TIM_CHANNEL_N_STATE_SET(htim, TIM_CHANNEL_2, HAL_TIM_CHANNEL_STATE_BUSY);
 518              		.loc 1 338 3
 519 005c 7B68     		ldr	r3, [r7, #4]
 520 005e 0222     		movs	r2, #2
 521 0060 83F84320 		strb	r2, [r3, #67]
 339:Drivers/STM32F1xx_HAL_Driver/Src/stm32f1xx_hal_tim_ex.c **** 
 340:Drivers/STM32F1xx_HAL_Driver/Src/stm32f1xx_hal_tim_ex.c ****   /* Enable the Input Capture channel 1
 341:Drivers/STM32F1xx_HAL_Driver/Src/stm32f1xx_hal_tim_ex.c ****   (in the Hall Sensor Interface the three possible channels that can be used are TIM_CHANNEL_1,
 342:Drivers/STM32F1xx_HAL_Driver/Src/stm32f1xx_hal_tim_ex.c ****   TIM_CHANNEL_2 and TIM_CHANNEL_3) */
 343:Drivers/STM32F1xx_HAL_Driver/Src/stm32f1xx_hal_tim_ex.c ****   TIM_CCxChannelCmd(htim->Instance, TIM_CHANNEL_1, TIM_CCx_ENABLE);
ARM GAS  /tmp/ccydCXE5.s 			page 16


 522              		.loc 1 343 3
 523 0064 7B68     		ldr	r3, [r7, #4]
 524 0066 1B68     		ldr	r3, [r3]
 525 0068 0122     		movs	r2, #1
 526 006a 0021     		movs	r1, #0
 527 006c 1846     		mov	r0, r3
 528 006e FFF7FEFF 		bl	TIM_CCxChannelCmd
 344:Drivers/STM32F1xx_HAL_Driver/Src/stm32f1xx_hal_tim_ex.c **** 
 345:Drivers/STM32F1xx_HAL_Driver/Src/stm32f1xx_hal_tim_ex.c ****   /* Enable the Peripheral, except in trigger mode where enable is automatically done with trigger 
 346:Drivers/STM32F1xx_HAL_Driver/Src/stm32f1xx_hal_tim_ex.c ****   if (IS_TIM_SLAVE_INSTANCE(htim->Instance))
 529              		.loc 1 346 7
 530 0072 7B68     		ldr	r3, [r7, #4]
 531 0074 1B68     		ldr	r3, [r3]
 532              		.loc 1 346 6
 533 0076 184A     		ldr	r2, .L19
 534 0078 9342     		cmp	r3, r2
 535 007a 0ED0     		beq	.L15
 536              		.loc 1 346 7 discriminator 1
 537 007c 7B68     		ldr	r3, [r7, #4]
 538 007e 1B68     		ldr	r3, [r3]
 539 0080 B3F1804F 		cmp	r3, #1073741824
 540 0084 09D0     		beq	.L15
 541              		.loc 1 346 7 is_stmt 0 discriminator 2
 542 0086 7B68     		ldr	r3, [r7, #4]
 543 0088 1B68     		ldr	r3, [r3]
 544 008a 144A     		ldr	r2, .L19+4
 545 008c 9342     		cmp	r3, r2
 546 008e 04D0     		beq	.L15
 547              		.loc 1 346 7 discriminator 3
 548 0090 7B68     		ldr	r3, [r7, #4]
 549 0092 1B68     		ldr	r3, [r3]
 550 0094 124A     		ldr	r2, .L19+8
 551 0096 9342     		cmp	r3, r2
 552 0098 11D1     		bne	.L16
 553              	.L15:
 347:Drivers/STM32F1xx_HAL_Driver/Src/stm32f1xx_hal_tim_ex.c ****   {
 348:Drivers/STM32F1xx_HAL_Driver/Src/stm32f1xx_hal_tim_ex.c ****     tmpsmcr = htim->Instance->SMCR & TIM_SMCR_SMS;
 554              		.loc 1 348 19 is_stmt 1
 555 009a 7B68     		ldr	r3, [r7, #4]
 556 009c 1B68     		ldr	r3, [r3]
 557              		.loc 1 348 29
 558 009e 9B68     		ldr	r3, [r3, #8]
 559              		.loc 1 348 13
 560 00a0 03F00703 		and	r3, r3, #7
 561 00a4 BB60     		str	r3, [r7, #8]
 349:Drivers/STM32F1xx_HAL_Driver/Src/stm32f1xx_hal_tim_ex.c ****     if (!IS_TIM_SLAVEMODE_TRIGGER_ENABLED(tmpsmcr))
 562              		.loc 1 349 8
 563 00a6 BB68     		ldr	r3, [r7, #8]
 564 00a8 062B     		cmp	r3, #6
 565 00aa 10D0     		beq	.L18
 350:Drivers/STM32F1xx_HAL_Driver/Src/stm32f1xx_hal_tim_ex.c ****     {
 351:Drivers/STM32F1xx_HAL_Driver/Src/stm32f1xx_hal_tim_ex.c ****       __HAL_TIM_ENABLE(htim);
 566              		.loc 1 351 7
 567 00ac 7B68     		ldr	r3, [r7, #4]
 568 00ae 1B68     		ldr	r3, [r3]
 569 00b0 1A68     		ldr	r2, [r3]
 570 00b2 7B68     		ldr	r3, [r7, #4]
ARM GAS  /tmp/ccydCXE5.s 			page 17


 571 00b4 1B68     		ldr	r3, [r3]
 572 00b6 42F00102 		orr	r2, r2, #1
 573 00ba 1A60     		str	r2, [r3]
 349:Drivers/STM32F1xx_HAL_Driver/Src/stm32f1xx_hal_tim_ex.c ****     if (!IS_TIM_SLAVEMODE_TRIGGER_ENABLED(tmpsmcr))
 574              		.loc 1 349 8
 575 00bc 07E0     		b	.L18
 576              	.L16:
 352:Drivers/STM32F1xx_HAL_Driver/Src/stm32f1xx_hal_tim_ex.c ****     }
 353:Drivers/STM32F1xx_HAL_Driver/Src/stm32f1xx_hal_tim_ex.c ****   }
 354:Drivers/STM32F1xx_HAL_Driver/Src/stm32f1xx_hal_tim_ex.c ****   else
 355:Drivers/STM32F1xx_HAL_Driver/Src/stm32f1xx_hal_tim_ex.c ****   {
 356:Drivers/STM32F1xx_HAL_Driver/Src/stm32f1xx_hal_tim_ex.c ****     __HAL_TIM_ENABLE(htim);
 577              		.loc 1 356 5
 578 00be 7B68     		ldr	r3, [r7, #4]
 579 00c0 1B68     		ldr	r3, [r3]
 580 00c2 1A68     		ldr	r2, [r3]
 581 00c4 7B68     		ldr	r3, [r7, #4]
 582 00c6 1B68     		ldr	r3, [r3]
 583 00c8 42F00102 		orr	r2, r2, #1
 584 00cc 1A60     		str	r2, [r3]
 585              	.L18:
 357:Drivers/STM32F1xx_HAL_Driver/Src/stm32f1xx_hal_tim_ex.c ****   }
 358:Drivers/STM32F1xx_HAL_Driver/Src/stm32f1xx_hal_tim_ex.c **** 
 359:Drivers/STM32F1xx_HAL_Driver/Src/stm32f1xx_hal_tim_ex.c ****   /* Return function status */
 360:Drivers/STM32F1xx_HAL_Driver/Src/stm32f1xx_hal_tim_ex.c ****   return HAL_OK;
 586              		.loc 1 360 10
 587 00ce 0023     		movs	r3, #0
 588              	.L14:
 361:Drivers/STM32F1xx_HAL_Driver/Src/stm32f1xx_hal_tim_ex.c **** }
 589              		.loc 1 361 1
 590 00d0 1846     		mov	r0, r3
 591 00d2 1037     		adds	r7, r7, #16
 592              	.LCFI25:
 593              		.cfi_def_cfa_offset 8
 594 00d4 BD46     		mov	sp, r7
 595              	.LCFI26:
 596              		.cfi_def_cfa_register 13
 597              		@ sp needed
 598 00d6 80BD     		pop	{r7, pc}
 599              	.L20:
 600              		.align	2
 601              	.L19:
 602 00d8 002C0140 		.word	1073818624
 603 00dc 00040040 		.word	1073742848
 604 00e0 00080040 		.word	1073743872
 605              		.cfi_endproc
 606              	.LFE69:
 608              		.section	.text.HAL_TIMEx_HallSensor_Stop,"ax",%progbits
 609              		.align	1
 610              		.global	HAL_TIMEx_HallSensor_Stop
 611              		.syntax unified
 612              		.thumb
 613              		.thumb_func
 615              	HAL_TIMEx_HallSensor_Stop:
 616              	.LFB70:
 362:Drivers/STM32F1xx_HAL_Driver/Src/stm32f1xx_hal_tim_ex.c **** 
 363:Drivers/STM32F1xx_HAL_Driver/Src/stm32f1xx_hal_tim_ex.c **** /**
ARM GAS  /tmp/ccydCXE5.s 			page 18


 364:Drivers/STM32F1xx_HAL_Driver/Src/stm32f1xx_hal_tim_ex.c ****   * @brief  Stops the TIM Hall sensor Interface.
 365:Drivers/STM32F1xx_HAL_Driver/Src/stm32f1xx_hal_tim_ex.c ****   * @param  htim TIM Hall Sensor Interface handle
 366:Drivers/STM32F1xx_HAL_Driver/Src/stm32f1xx_hal_tim_ex.c ****   * @retval HAL status
 367:Drivers/STM32F1xx_HAL_Driver/Src/stm32f1xx_hal_tim_ex.c ****   */
 368:Drivers/STM32F1xx_HAL_Driver/Src/stm32f1xx_hal_tim_ex.c **** HAL_StatusTypeDef HAL_TIMEx_HallSensor_Stop(TIM_HandleTypeDef *htim)
 369:Drivers/STM32F1xx_HAL_Driver/Src/stm32f1xx_hal_tim_ex.c **** {
 617              		.loc 1 369 1
 618              		.cfi_startproc
 619              		@ args = 0, pretend = 0, frame = 8
 620              		@ frame_needed = 1, uses_anonymous_args = 0
 621 0000 80B5     		push	{r7, lr}
 622              	.LCFI27:
 623              		.cfi_def_cfa_offset 8
 624              		.cfi_offset 7, -8
 625              		.cfi_offset 14, -4
 626 0002 82B0     		sub	sp, sp, #8
 627              	.LCFI28:
 628              		.cfi_def_cfa_offset 16
 629 0004 00AF     		add	r7, sp, #0
 630              	.LCFI29:
 631              		.cfi_def_cfa_register 7
 632 0006 7860     		str	r0, [r7, #4]
 370:Drivers/STM32F1xx_HAL_Driver/Src/stm32f1xx_hal_tim_ex.c ****   /* Check the parameters */
 371:Drivers/STM32F1xx_HAL_Driver/Src/stm32f1xx_hal_tim_ex.c ****   assert_param(IS_TIM_HALL_SENSOR_INTERFACE_INSTANCE(htim->Instance));
 372:Drivers/STM32F1xx_HAL_Driver/Src/stm32f1xx_hal_tim_ex.c **** 
 373:Drivers/STM32F1xx_HAL_Driver/Src/stm32f1xx_hal_tim_ex.c ****   /* Disable the Input Capture channels 1, 2 and 3
 374:Drivers/STM32F1xx_HAL_Driver/Src/stm32f1xx_hal_tim_ex.c ****   (in the Hall Sensor Interface the three possible channels that can be used are TIM_CHANNEL_1,
 375:Drivers/STM32F1xx_HAL_Driver/Src/stm32f1xx_hal_tim_ex.c ****   TIM_CHANNEL_2 and TIM_CHANNEL_3) */
 376:Drivers/STM32F1xx_HAL_Driver/Src/stm32f1xx_hal_tim_ex.c ****   TIM_CCxChannelCmd(htim->Instance, TIM_CHANNEL_1, TIM_CCx_DISABLE);
 633              		.loc 1 376 3
 634 0008 7B68     		ldr	r3, [r7, #4]
 635 000a 1B68     		ldr	r3, [r3]
 636 000c 0022     		movs	r2, #0
 637 000e 0021     		movs	r1, #0
 638 0010 1846     		mov	r0, r3
 639 0012 FFF7FEFF 		bl	TIM_CCxChannelCmd
 377:Drivers/STM32F1xx_HAL_Driver/Src/stm32f1xx_hal_tim_ex.c **** 
 378:Drivers/STM32F1xx_HAL_Driver/Src/stm32f1xx_hal_tim_ex.c ****   /* Disable the Peripheral */
 379:Drivers/STM32F1xx_HAL_Driver/Src/stm32f1xx_hal_tim_ex.c ****   __HAL_TIM_DISABLE(htim);
 640              		.loc 1 379 3
 641 0016 7B68     		ldr	r3, [r7, #4]
 642 0018 1B68     		ldr	r3, [r3]
 643 001a 1A6A     		ldr	r2, [r3, #32]
 644 001c 41F21113 		movw	r3, #4369
 645 0020 1340     		ands	r3, r3, r2
 646 0022 002B     		cmp	r3, #0
 647 0024 0FD1     		bne	.L22
 648              		.loc 1 379 3 is_stmt 0 discriminator 1
 649 0026 7B68     		ldr	r3, [r7, #4]
 650 0028 1B68     		ldr	r3, [r3]
 651 002a 1A6A     		ldr	r2, [r3, #32]
 652 002c 40F24443 		movw	r3, #1092
 653 0030 1340     		ands	r3, r3, r2
 654 0032 002B     		cmp	r3, #0
 655 0034 07D1     		bne	.L22
 656              		.loc 1 379 3 discriminator 2
 657 0036 7B68     		ldr	r3, [r7, #4]
ARM GAS  /tmp/ccydCXE5.s 			page 19


 658 0038 1B68     		ldr	r3, [r3]
 659 003a 1A68     		ldr	r2, [r3]
 660 003c 7B68     		ldr	r3, [r7, #4]
 661 003e 1B68     		ldr	r3, [r3]
 662 0040 22F00102 		bic	r2, r2, #1
 663 0044 1A60     		str	r2, [r3]
 664              	.L22:
 380:Drivers/STM32F1xx_HAL_Driver/Src/stm32f1xx_hal_tim_ex.c **** 
 381:Drivers/STM32F1xx_HAL_Driver/Src/stm32f1xx_hal_tim_ex.c ****   /* Set the TIM channels state */
 382:Drivers/STM32F1xx_HAL_Driver/Src/stm32f1xx_hal_tim_ex.c ****   TIM_CHANNEL_STATE_SET(htim, TIM_CHANNEL_1, HAL_TIM_CHANNEL_STATE_READY);
 665              		.loc 1 382 3 is_stmt 1
 666 0046 7B68     		ldr	r3, [r7, #4]
 667 0048 0122     		movs	r2, #1
 668 004a 83F83E20 		strb	r2, [r3, #62]
 383:Drivers/STM32F1xx_HAL_Driver/Src/stm32f1xx_hal_tim_ex.c ****   TIM_CHANNEL_STATE_SET(htim, TIM_CHANNEL_2, HAL_TIM_CHANNEL_STATE_READY);
 669              		.loc 1 383 3
 670 004e 7B68     		ldr	r3, [r7, #4]
 671 0050 0122     		movs	r2, #1
 672 0052 83F83F20 		strb	r2, [r3, #63]
 384:Drivers/STM32F1xx_HAL_Driver/Src/stm32f1xx_hal_tim_ex.c ****   TIM_CHANNEL_N_STATE_SET(htim, TIM_CHANNEL_1, HAL_TIM_CHANNEL_STATE_READY);
 673              		.loc 1 384 3
 674 0056 7B68     		ldr	r3, [r7, #4]
 675 0058 0122     		movs	r2, #1
 676 005a 83F84220 		strb	r2, [r3, #66]
 385:Drivers/STM32F1xx_HAL_Driver/Src/stm32f1xx_hal_tim_ex.c ****   TIM_CHANNEL_N_STATE_SET(htim, TIM_CHANNEL_2, HAL_TIM_CHANNEL_STATE_READY);
 677              		.loc 1 385 3
 678 005e 7B68     		ldr	r3, [r7, #4]
 679 0060 0122     		movs	r2, #1
 680 0062 83F84320 		strb	r2, [r3, #67]
 386:Drivers/STM32F1xx_HAL_Driver/Src/stm32f1xx_hal_tim_ex.c **** 
 387:Drivers/STM32F1xx_HAL_Driver/Src/stm32f1xx_hal_tim_ex.c ****   /* Return function status */
 388:Drivers/STM32F1xx_HAL_Driver/Src/stm32f1xx_hal_tim_ex.c ****   return HAL_OK;
 681              		.loc 1 388 10
 682 0066 0023     		movs	r3, #0
 389:Drivers/STM32F1xx_HAL_Driver/Src/stm32f1xx_hal_tim_ex.c **** }
 683              		.loc 1 389 1
 684 0068 1846     		mov	r0, r3
 685 006a 0837     		adds	r7, r7, #8
 686              	.LCFI30:
 687              		.cfi_def_cfa_offset 8
 688 006c BD46     		mov	sp, r7
 689              	.LCFI31:
 690              		.cfi_def_cfa_register 13
 691              		@ sp needed
 692 006e 80BD     		pop	{r7, pc}
 693              		.cfi_endproc
 694              	.LFE70:
 696              		.section	.text.HAL_TIMEx_HallSensor_Start_IT,"ax",%progbits
 697              		.align	1
 698              		.global	HAL_TIMEx_HallSensor_Start_IT
 699              		.syntax unified
 700              		.thumb
 701              		.thumb_func
 703              	HAL_TIMEx_HallSensor_Start_IT:
 704              	.LFB71:
 390:Drivers/STM32F1xx_HAL_Driver/Src/stm32f1xx_hal_tim_ex.c **** 
 391:Drivers/STM32F1xx_HAL_Driver/Src/stm32f1xx_hal_tim_ex.c **** /**
ARM GAS  /tmp/ccydCXE5.s 			page 20


 392:Drivers/STM32F1xx_HAL_Driver/Src/stm32f1xx_hal_tim_ex.c ****   * @brief  Starts the TIM Hall Sensor Interface in interrupt mode.
 393:Drivers/STM32F1xx_HAL_Driver/Src/stm32f1xx_hal_tim_ex.c ****   * @param  htim TIM Hall Sensor Interface handle
 394:Drivers/STM32F1xx_HAL_Driver/Src/stm32f1xx_hal_tim_ex.c ****   * @retval HAL status
 395:Drivers/STM32F1xx_HAL_Driver/Src/stm32f1xx_hal_tim_ex.c ****   */
 396:Drivers/STM32F1xx_HAL_Driver/Src/stm32f1xx_hal_tim_ex.c **** HAL_StatusTypeDef HAL_TIMEx_HallSensor_Start_IT(TIM_HandleTypeDef *htim)
 397:Drivers/STM32F1xx_HAL_Driver/Src/stm32f1xx_hal_tim_ex.c **** {
 705              		.loc 1 397 1
 706              		.cfi_startproc
 707              		@ args = 0, pretend = 0, frame = 16
 708              		@ frame_needed = 1, uses_anonymous_args = 0
 709 0000 80B5     		push	{r7, lr}
 710              	.LCFI32:
 711              		.cfi_def_cfa_offset 8
 712              		.cfi_offset 7, -8
 713              		.cfi_offset 14, -4
 714 0002 84B0     		sub	sp, sp, #16
 715              	.LCFI33:
 716              		.cfi_def_cfa_offset 24
 717 0004 00AF     		add	r7, sp, #0
 718              	.LCFI34:
 719              		.cfi_def_cfa_register 7
 720 0006 7860     		str	r0, [r7, #4]
 398:Drivers/STM32F1xx_HAL_Driver/Src/stm32f1xx_hal_tim_ex.c ****   uint32_t tmpsmcr;
 399:Drivers/STM32F1xx_HAL_Driver/Src/stm32f1xx_hal_tim_ex.c ****   HAL_TIM_ChannelStateTypeDef channel_1_state = TIM_CHANNEL_STATE_GET(htim, TIM_CHANNEL_1);
 721              		.loc 1 399 31
 722 0008 7B68     		ldr	r3, [r7, #4]
 723 000a 93F83E30 		ldrb	r3, [r3, #62]
 724 000e FB73     		strb	r3, [r7, #15]
 400:Drivers/STM32F1xx_HAL_Driver/Src/stm32f1xx_hal_tim_ex.c ****   HAL_TIM_ChannelStateTypeDef channel_2_state = TIM_CHANNEL_STATE_GET(htim, TIM_CHANNEL_2);
 725              		.loc 1 400 31
 726 0010 7B68     		ldr	r3, [r7, #4]
 727 0012 93F83F30 		ldrb	r3, [r3, #63]
 728 0016 BB73     		strb	r3, [r7, #14]
 401:Drivers/STM32F1xx_HAL_Driver/Src/stm32f1xx_hal_tim_ex.c ****   HAL_TIM_ChannelStateTypeDef complementary_channel_1_state = TIM_CHANNEL_N_STATE_GET(htim, TIM_CHA
 729              		.loc 1 401 31
 730 0018 7B68     		ldr	r3, [r7, #4]
 731 001a 93F84230 		ldrb	r3, [r3, #66]
 732 001e 7B73     		strb	r3, [r7, #13]
 402:Drivers/STM32F1xx_HAL_Driver/Src/stm32f1xx_hal_tim_ex.c ****   HAL_TIM_ChannelStateTypeDef complementary_channel_2_state = TIM_CHANNEL_N_STATE_GET(htim, TIM_CHA
 733              		.loc 1 402 31
 734 0020 7B68     		ldr	r3, [r7, #4]
 735 0022 93F84330 		ldrb	r3, [r3, #67]
 736 0026 3B73     		strb	r3, [r7, #12]
 403:Drivers/STM32F1xx_HAL_Driver/Src/stm32f1xx_hal_tim_ex.c **** 
 404:Drivers/STM32F1xx_HAL_Driver/Src/stm32f1xx_hal_tim_ex.c ****   /* Check the parameters */
 405:Drivers/STM32F1xx_HAL_Driver/Src/stm32f1xx_hal_tim_ex.c ****   assert_param(IS_TIM_HALL_SENSOR_INTERFACE_INSTANCE(htim->Instance));
 406:Drivers/STM32F1xx_HAL_Driver/Src/stm32f1xx_hal_tim_ex.c **** 
 407:Drivers/STM32F1xx_HAL_Driver/Src/stm32f1xx_hal_tim_ex.c ****   /* Check the TIM channels state */
 408:Drivers/STM32F1xx_HAL_Driver/Src/stm32f1xx_hal_tim_ex.c ****   if ((channel_1_state != HAL_TIM_CHANNEL_STATE_READY)
 737              		.loc 1 408 6
 738 0028 FB7B     		ldrb	r3, [r7, #15]	@ zero_extendqisi2
 739 002a 012B     		cmp	r3, #1
 740 002c 08D1     		bne	.L25
 409:Drivers/STM32F1xx_HAL_Driver/Src/stm32f1xx_hal_tim_ex.c ****       || (channel_2_state != HAL_TIM_CHANNEL_STATE_READY)
 741              		.loc 1 409 7
 742 002e BB7B     		ldrb	r3, [r7, #14]	@ zero_extendqisi2
 743 0030 012B     		cmp	r3, #1
ARM GAS  /tmp/ccydCXE5.s 			page 21


 744 0032 05D1     		bne	.L25
 410:Drivers/STM32F1xx_HAL_Driver/Src/stm32f1xx_hal_tim_ex.c ****       || (complementary_channel_1_state != HAL_TIM_CHANNEL_STATE_READY)
 745              		.loc 1 410 7
 746 0034 7B7B     		ldrb	r3, [r7, #13]	@ zero_extendqisi2
 747 0036 012B     		cmp	r3, #1
 748 0038 02D1     		bne	.L25
 411:Drivers/STM32F1xx_HAL_Driver/Src/stm32f1xx_hal_tim_ex.c ****       || (complementary_channel_2_state != HAL_TIM_CHANNEL_STATE_READY))
 749              		.loc 1 411 7
 750 003a 3B7B     		ldrb	r3, [r7, #12]	@ zero_extendqisi2
 751 003c 012B     		cmp	r3, #1
 752 003e 01D0     		beq	.L26
 753              	.L25:
 412:Drivers/STM32F1xx_HAL_Driver/Src/stm32f1xx_hal_tim_ex.c ****   {
 413:Drivers/STM32F1xx_HAL_Driver/Src/stm32f1xx_hal_tim_ex.c ****     return HAL_ERROR;
 754              		.loc 1 413 12
 755 0040 0123     		movs	r3, #1
 756 0042 4DE0     		b	.L27
 757              	.L26:
 414:Drivers/STM32F1xx_HAL_Driver/Src/stm32f1xx_hal_tim_ex.c ****   }
 415:Drivers/STM32F1xx_HAL_Driver/Src/stm32f1xx_hal_tim_ex.c **** 
 416:Drivers/STM32F1xx_HAL_Driver/Src/stm32f1xx_hal_tim_ex.c ****   /* Set the TIM channels state */
 417:Drivers/STM32F1xx_HAL_Driver/Src/stm32f1xx_hal_tim_ex.c ****   TIM_CHANNEL_STATE_SET(htim, TIM_CHANNEL_1, HAL_TIM_CHANNEL_STATE_BUSY);
 758              		.loc 1 417 3
 759 0044 7B68     		ldr	r3, [r7, #4]
 760 0046 0222     		movs	r2, #2
 761 0048 83F83E20 		strb	r2, [r3, #62]
 418:Drivers/STM32F1xx_HAL_Driver/Src/stm32f1xx_hal_tim_ex.c ****   TIM_CHANNEL_STATE_SET(htim, TIM_CHANNEL_2, HAL_TIM_CHANNEL_STATE_BUSY);
 762              		.loc 1 418 3
 763 004c 7B68     		ldr	r3, [r7, #4]
 764 004e 0222     		movs	r2, #2
 765 0050 83F83F20 		strb	r2, [r3, #63]
 419:Drivers/STM32F1xx_HAL_Driver/Src/stm32f1xx_hal_tim_ex.c ****   TIM_CHANNEL_N_STATE_SET(htim, TIM_CHANNEL_1, HAL_TIM_CHANNEL_STATE_BUSY);
 766              		.loc 1 419 3
 767 0054 7B68     		ldr	r3, [r7, #4]
 768 0056 0222     		movs	r2, #2
 769 0058 83F84220 		strb	r2, [r3, #66]
 420:Drivers/STM32F1xx_HAL_Driver/Src/stm32f1xx_hal_tim_ex.c ****   TIM_CHANNEL_N_STATE_SET(htim, TIM_CHANNEL_2, HAL_TIM_CHANNEL_STATE_BUSY);
 770              		.loc 1 420 3
 771 005c 7B68     		ldr	r3, [r7, #4]
 772 005e 0222     		movs	r2, #2
 773 0060 83F84320 		strb	r2, [r3, #67]
 421:Drivers/STM32F1xx_HAL_Driver/Src/stm32f1xx_hal_tim_ex.c **** 
 422:Drivers/STM32F1xx_HAL_Driver/Src/stm32f1xx_hal_tim_ex.c ****   /* Enable the capture compare Interrupts 1 event */
 423:Drivers/STM32F1xx_HAL_Driver/Src/stm32f1xx_hal_tim_ex.c ****   __HAL_TIM_ENABLE_IT(htim, TIM_IT_CC1);
 774              		.loc 1 423 3
 775 0064 7B68     		ldr	r3, [r7, #4]
 776 0066 1B68     		ldr	r3, [r3]
 777 0068 DA68     		ldr	r2, [r3, #12]
 778 006a 7B68     		ldr	r3, [r7, #4]
 779 006c 1B68     		ldr	r3, [r3]
 780 006e 42F00202 		orr	r2, r2, #2
 781 0072 DA60     		str	r2, [r3, #12]
 424:Drivers/STM32F1xx_HAL_Driver/Src/stm32f1xx_hal_tim_ex.c **** 
 425:Drivers/STM32F1xx_HAL_Driver/Src/stm32f1xx_hal_tim_ex.c ****   /* Enable the Input Capture channel 1
 426:Drivers/STM32F1xx_HAL_Driver/Src/stm32f1xx_hal_tim_ex.c ****   (in the Hall Sensor Interface the three possible channels that can be used are TIM_CHANNEL_1,
 427:Drivers/STM32F1xx_HAL_Driver/Src/stm32f1xx_hal_tim_ex.c ****   TIM_CHANNEL_2 and TIM_CHANNEL_3) */
 428:Drivers/STM32F1xx_HAL_Driver/Src/stm32f1xx_hal_tim_ex.c ****   TIM_CCxChannelCmd(htim->Instance, TIM_CHANNEL_1, TIM_CCx_ENABLE);
ARM GAS  /tmp/ccydCXE5.s 			page 22


 782              		.loc 1 428 3
 783 0074 7B68     		ldr	r3, [r7, #4]
 784 0076 1B68     		ldr	r3, [r3]
 785 0078 0122     		movs	r2, #1
 786 007a 0021     		movs	r1, #0
 787 007c 1846     		mov	r0, r3
 788 007e FFF7FEFF 		bl	TIM_CCxChannelCmd
 429:Drivers/STM32F1xx_HAL_Driver/Src/stm32f1xx_hal_tim_ex.c **** 
 430:Drivers/STM32F1xx_HAL_Driver/Src/stm32f1xx_hal_tim_ex.c ****   /* Enable the Peripheral, except in trigger mode where enable is automatically done with trigger 
 431:Drivers/STM32F1xx_HAL_Driver/Src/stm32f1xx_hal_tim_ex.c ****   if (IS_TIM_SLAVE_INSTANCE(htim->Instance))
 789              		.loc 1 431 7
 790 0082 7B68     		ldr	r3, [r7, #4]
 791 0084 1B68     		ldr	r3, [r3]
 792              		.loc 1 431 6
 793 0086 184A     		ldr	r2, .L32
 794 0088 9342     		cmp	r3, r2
 795 008a 0ED0     		beq	.L28
 796              		.loc 1 431 7 discriminator 1
 797 008c 7B68     		ldr	r3, [r7, #4]
 798 008e 1B68     		ldr	r3, [r3]
 799 0090 B3F1804F 		cmp	r3, #1073741824
 800 0094 09D0     		beq	.L28
 801              		.loc 1 431 7 is_stmt 0 discriminator 2
 802 0096 7B68     		ldr	r3, [r7, #4]
 803 0098 1B68     		ldr	r3, [r3]
 804 009a 144A     		ldr	r2, .L32+4
 805 009c 9342     		cmp	r3, r2
 806 009e 04D0     		beq	.L28
 807              		.loc 1 431 7 discriminator 3
 808 00a0 7B68     		ldr	r3, [r7, #4]
 809 00a2 1B68     		ldr	r3, [r3]
 810 00a4 124A     		ldr	r2, .L32+8
 811 00a6 9342     		cmp	r3, r2
 812 00a8 11D1     		bne	.L29
 813              	.L28:
 432:Drivers/STM32F1xx_HAL_Driver/Src/stm32f1xx_hal_tim_ex.c ****   {
 433:Drivers/STM32F1xx_HAL_Driver/Src/stm32f1xx_hal_tim_ex.c ****     tmpsmcr = htim->Instance->SMCR & TIM_SMCR_SMS;
 814              		.loc 1 433 19 is_stmt 1
 815 00aa 7B68     		ldr	r3, [r7, #4]
 816 00ac 1B68     		ldr	r3, [r3]
 817              		.loc 1 433 29
 818 00ae 9B68     		ldr	r3, [r3, #8]
 819              		.loc 1 433 13
 820 00b0 03F00703 		and	r3, r3, #7
 821 00b4 BB60     		str	r3, [r7, #8]
 434:Drivers/STM32F1xx_HAL_Driver/Src/stm32f1xx_hal_tim_ex.c ****     if (!IS_TIM_SLAVEMODE_TRIGGER_ENABLED(tmpsmcr))
 822              		.loc 1 434 8
 823 00b6 BB68     		ldr	r3, [r7, #8]
 824 00b8 062B     		cmp	r3, #6
 825 00ba 10D0     		beq	.L31
 435:Drivers/STM32F1xx_HAL_Driver/Src/stm32f1xx_hal_tim_ex.c ****     {
 436:Drivers/STM32F1xx_HAL_Driver/Src/stm32f1xx_hal_tim_ex.c ****       __HAL_TIM_ENABLE(htim);
 826              		.loc 1 436 7
 827 00bc 7B68     		ldr	r3, [r7, #4]
 828 00be 1B68     		ldr	r3, [r3]
 829 00c0 1A68     		ldr	r2, [r3]
 830 00c2 7B68     		ldr	r3, [r7, #4]
ARM GAS  /tmp/ccydCXE5.s 			page 23


 831 00c4 1B68     		ldr	r3, [r3]
 832 00c6 42F00102 		orr	r2, r2, #1
 833 00ca 1A60     		str	r2, [r3]
 434:Drivers/STM32F1xx_HAL_Driver/Src/stm32f1xx_hal_tim_ex.c ****     if (!IS_TIM_SLAVEMODE_TRIGGER_ENABLED(tmpsmcr))
 834              		.loc 1 434 8
 835 00cc 07E0     		b	.L31
 836              	.L29:
 437:Drivers/STM32F1xx_HAL_Driver/Src/stm32f1xx_hal_tim_ex.c ****     }
 438:Drivers/STM32F1xx_HAL_Driver/Src/stm32f1xx_hal_tim_ex.c ****   }
 439:Drivers/STM32F1xx_HAL_Driver/Src/stm32f1xx_hal_tim_ex.c ****   else
 440:Drivers/STM32F1xx_HAL_Driver/Src/stm32f1xx_hal_tim_ex.c ****   {
 441:Drivers/STM32F1xx_HAL_Driver/Src/stm32f1xx_hal_tim_ex.c ****     __HAL_TIM_ENABLE(htim);
 837              		.loc 1 441 5
 838 00ce 7B68     		ldr	r3, [r7, #4]
 839 00d0 1B68     		ldr	r3, [r3]
 840 00d2 1A68     		ldr	r2, [r3]
 841 00d4 7B68     		ldr	r3, [r7, #4]
 842 00d6 1B68     		ldr	r3, [r3]
 843 00d8 42F00102 		orr	r2, r2, #1
 844 00dc 1A60     		str	r2, [r3]
 845              	.L31:
 442:Drivers/STM32F1xx_HAL_Driver/Src/stm32f1xx_hal_tim_ex.c ****   }
 443:Drivers/STM32F1xx_HAL_Driver/Src/stm32f1xx_hal_tim_ex.c **** 
 444:Drivers/STM32F1xx_HAL_Driver/Src/stm32f1xx_hal_tim_ex.c ****   /* Return function status */
 445:Drivers/STM32F1xx_HAL_Driver/Src/stm32f1xx_hal_tim_ex.c ****   return HAL_OK;
 846              		.loc 1 445 10
 847 00de 0023     		movs	r3, #0
 848              	.L27:
 446:Drivers/STM32F1xx_HAL_Driver/Src/stm32f1xx_hal_tim_ex.c **** }
 849              		.loc 1 446 1
 850 00e0 1846     		mov	r0, r3
 851 00e2 1037     		adds	r7, r7, #16
 852              	.LCFI35:
 853              		.cfi_def_cfa_offset 8
 854 00e4 BD46     		mov	sp, r7
 855              	.LCFI36:
 856              		.cfi_def_cfa_register 13
 857              		@ sp needed
 858 00e6 80BD     		pop	{r7, pc}
 859              	.L33:
 860              		.align	2
 861              	.L32:
 862 00e8 002C0140 		.word	1073818624
 863 00ec 00040040 		.word	1073742848
 864 00f0 00080040 		.word	1073743872
 865              		.cfi_endproc
 866              	.LFE71:
 868              		.section	.text.HAL_TIMEx_HallSensor_Stop_IT,"ax",%progbits
 869              		.align	1
 870              		.global	HAL_TIMEx_HallSensor_Stop_IT
 871              		.syntax unified
 872              		.thumb
 873              		.thumb_func
 875              	HAL_TIMEx_HallSensor_Stop_IT:
 876              	.LFB72:
 447:Drivers/STM32F1xx_HAL_Driver/Src/stm32f1xx_hal_tim_ex.c **** 
 448:Drivers/STM32F1xx_HAL_Driver/Src/stm32f1xx_hal_tim_ex.c **** /**
ARM GAS  /tmp/ccydCXE5.s 			page 24


 449:Drivers/STM32F1xx_HAL_Driver/Src/stm32f1xx_hal_tim_ex.c ****   * @brief  Stops the TIM Hall Sensor Interface in interrupt mode.
 450:Drivers/STM32F1xx_HAL_Driver/Src/stm32f1xx_hal_tim_ex.c ****   * @param  htim TIM Hall Sensor Interface handle
 451:Drivers/STM32F1xx_HAL_Driver/Src/stm32f1xx_hal_tim_ex.c ****   * @retval HAL status
 452:Drivers/STM32F1xx_HAL_Driver/Src/stm32f1xx_hal_tim_ex.c ****   */
 453:Drivers/STM32F1xx_HAL_Driver/Src/stm32f1xx_hal_tim_ex.c **** HAL_StatusTypeDef HAL_TIMEx_HallSensor_Stop_IT(TIM_HandleTypeDef *htim)
 454:Drivers/STM32F1xx_HAL_Driver/Src/stm32f1xx_hal_tim_ex.c **** {
 877              		.loc 1 454 1
 878              		.cfi_startproc
 879              		@ args = 0, pretend = 0, frame = 8
 880              		@ frame_needed = 1, uses_anonymous_args = 0
 881 0000 80B5     		push	{r7, lr}
 882              	.LCFI37:
 883              		.cfi_def_cfa_offset 8
 884              		.cfi_offset 7, -8
 885              		.cfi_offset 14, -4
 886 0002 82B0     		sub	sp, sp, #8
 887              	.LCFI38:
 888              		.cfi_def_cfa_offset 16
 889 0004 00AF     		add	r7, sp, #0
 890              	.LCFI39:
 891              		.cfi_def_cfa_register 7
 892 0006 7860     		str	r0, [r7, #4]
 455:Drivers/STM32F1xx_HAL_Driver/Src/stm32f1xx_hal_tim_ex.c ****   /* Check the parameters */
 456:Drivers/STM32F1xx_HAL_Driver/Src/stm32f1xx_hal_tim_ex.c ****   assert_param(IS_TIM_HALL_SENSOR_INTERFACE_INSTANCE(htim->Instance));
 457:Drivers/STM32F1xx_HAL_Driver/Src/stm32f1xx_hal_tim_ex.c **** 
 458:Drivers/STM32F1xx_HAL_Driver/Src/stm32f1xx_hal_tim_ex.c ****   /* Disable the Input Capture channel 1
 459:Drivers/STM32F1xx_HAL_Driver/Src/stm32f1xx_hal_tim_ex.c ****   (in the Hall Sensor Interface the three possible channels that can be used are TIM_CHANNEL_1,
 460:Drivers/STM32F1xx_HAL_Driver/Src/stm32f1xx_hal_tim_ex.c ****   TIM_CHANNEL_2 and TIM_CHANNEL_3) */
 461:Drivers/STM32F1xx_HAL_Driver/Src/stm32f1xx_hal_tim_ex.c ****   TIM_CCxChannelCmd(htim->Instance, TIM_CHANNEL_1, TIM_CCx_DISABLE);
 893              		.loc 1 461 3
 894 0008 7B68     		ldr	r3, [r7, #4]
 895 000a 1B68     		ldr	r3, [r3]
 896 000c 0022     		movs	r2, #0
 897 000e 0021     		movs	r1, #0
 898 0010 1846     		mov	r0, r3
 899 0012 FFF7FEFF 		bl	TIM_CCxChannelCmd
 462:Drivers/STM32F1xx_HAL_Driver/Src/stm32f1xx_hal_tim_ex.c **** 
 463:Drivers/STM32F1xx_HAL_Driver/Src/stm32f1xx_hal_tim_ex.c ****   /* Disable the capture compare Interrupts event */
 464:Drivers/STM32F1xx_HAL_Driver/Src/stm32f1xx_hal_tim_ex.c ****   __HAL_TIM_DISABLE_IT(htim, TIM_IT_CC1);
 900              		.loc 1 464 3
 901 0016 7B68     		ldr	r3, [r7, #4]
 902 0018 1B68     		ldr	r3, [r3]
 903 001a DA68     		ldr	r2, [r3, #12]
 904 001c 7B68     		ldr	r3, [r7, #4]
 905 001e 1B68     		ldr	r3, [r3]
 906 0020 22F00202 		bic	r2, r2, #2
 907 0024 DA60     		str	r2, [r3, #12]
 465:Drivers/STM32F1xx_HAL_Driver/Src/stm32f1xx_hal_tim_ex.c **** 
 466:Drivers/STM32F1xx_HAL_Driver/Src/stm32f1xx_hal_tim_ex.c ****   /* Disable the Peripheral */
 467:Drivers/STM32F1xx_HAL_Driver/Src/stm32f1xx_hal_tim_ex.c ****   __HAL_TIM_DISABLE(htim);
 908              		.loc 1 467 3
 909 0026 7B68     		ldr	r3, [r7, #4]
 910 0028 1B68     		ldr	r3, [r3]
 911 002a 1A6A     		ldr	r2, [r3, #32]
 912 002c 41F21113 		movw	r3, #4369
 913 0030 1340     		ands	r3, r3, r2
 914 0032 002B     		cmp	r3, #0
ARM GAS  /tmp/ccydCXE5.s 			page 25


 915 0034 0FD1     		bne	.L35
 916              		.loc 1 467 3 is_stmt 0 discriminator 1
 917 0036 7B68     		ldr	r3, [r7, #4]
 918 0038 1B68     		ldr	r3, [r3]
 919 003a 1A6A     		ldr	r2, [r3, #32]
 920 003c 40F24443 		movw	r3, #1092
 921 0040 1340     		ands	r3, r3, r2
 922 0042 002B     		cmp	r3, #0
 923 0044 07D1     		bne	.L35
 924              		.loc 1 467 3 discriminator 2
 925 0046 7B68     		ldr	r3, [r7, #4]
 926 0048 1B68     		ldr	r3, [r3]
 927 004a 1A68     		ldr	r2, [r3]
 928 004c 7B68     		ldr	r3, [r7, #4]
 929 004e 1B68     		ldr	r3, [r3]
 930 0050 22F00102 		bic	r2, r2, #1
 931 0054 1A60     		str	r2, [r3]
 932              	.L35:
 468:Drivers/STM32F1xx_HAL_Driver/Src/stm32f1xx_hal_tim_ex.c **** 
 469:Drivers/STM32F1xx_HAL_Driver/Src/stm32f1xx_hal_tim_ex.c ****   /* Set the TIM channels state */
 470:Drivers/STM32F1xx_HAL_Driver/Src/stm32f1xx_hal_tim_ex.c ****   TIM_CHANNEL_STATE_SET(htim, TIM_CHANNEL_1, HAL_TIM_CHANNEL_STATE_READY);
 933              		.loc 1 470 3 is_stmt 1
 934 0056 7B68     		ldr	r3, [r7, #4]
 935 0058 0122     		movs	r2, #1
 936 005a 83F83E20 		strb	r2, [r3, #62]
 471:Drivers/STM32F1xx_HAL_Driver/Src/stm32f1xx_hal_tim_ex.c ****   TIM_CHANNEL_STATE_SET(htim, TIM_CHANNEL_2, HAL_TIM_CHANNEL_STATE_READY);
 937              		.loc 1 471 3
 938 005e 7B68     		ldr	r3, [r7, #4]
 939 0060 0122     		movs	r2, #1
 940 0062 83F83F20 		strb	r2, [r3, #63]
 472:Drivers/STM32F1xx_HAL_Driver/Src/stm32f1xx_hal_tim_ex.c ****   TIM_CHANNEL_N_STATE_SET(htim, TIM_CHANNEL_1, HAL_TIM_CHANNEL_STATE_READY);
 941              		.loc 1 472 3
 942 0066 7B68     		ldr	r3, [r7, #4]
 943 0068 0122     		movs	r2, #1
 944 006a 83F84220 		strb	r2, [r3, #66]
 473:Drivers/STM32F1xx_HAL_Driver/Src/stm32f1xx_hal_tim_ex.c ****   TIM_CHANNEL_N_STATE_SET(htim, TIM_CHANNEL_2, HAL_TIM_CHANNEL_STATE_READY);
 945              		.loc 1 473 3
 946 006e 7B68     		ldr	r3, [r7, #4]
 947 0070 0122     		movs	r2, #1
 948 0072 83F84320 		strb	r2, [r3, #67]
 474:Drivers/STM32F1xx_HAL_Driver/Src/stm32f1xx_hal_tim_ex.c **** 
 475:Drivers/STM32F1xx_HAL_Driver/Src/stm32f1xx_hal_tim_ex.c ****   /* Return function status */
 476:Drivers/STM32F1xx_HAL_Driver/Src/stm32f1xx_hal_tim_ex.c ****   return HAL_OK;
 949              		.loc 1 476 10
 950 0076 0023     		movs	r3, #0
 477:Drivers/STM32F1xx_HAL_Driver/Src/stm32f1xx_hal_tim_ex.c **** }
 951              		.loc 1 477 1
 952 0078 1846     		mov	r0, r3
 953 007a 0837     		adds	r7, r7, #8
 954              	.LCFI40:
 955              		.cfi_def_cfa_offset 8
 956 007c BD46     		mov	sp, r7
 957              	.LCFI41:
 958              		.cfi_def_cfa_register 13
 959              		@ sp needed
 960 007e 80BD     		pop	{r7, pc}
 961              		.cfi_endproc
ARM GAS  /tmp/ccydCXE5.s 			page 26


 962              	.LFE72:
 964              		.section	.text.HAL_TIMEx_HallSensor_Start_DMA,"ax",%progbits
 965              		.align	1
 966              		.global	HAL_TIMEx_HallSensor_Start_DMA
 967              		.syntax unified
 968              		.thumb
 969              		.thumb_func
 971              	HAL_TIMEx_HallSensor_Start_DMA:
 972              	.LFB73:
 478:Drivers/STM32F1xx_HAL_Driver/Src/stm32f1xx_hal_tim_ex.c **** 
 479:Drivers/STM32F1xx_HAL_Driver/Src/stm32f1xx_hal_tim_ex.c **** /**
 480:Drivers/STM32F1xx_HAL_Driver/Src/stm32f1xx_hal_tim_ex.c ****   * @brief  Starts the TIM Hall Sensor Interface in DMA mode.
 481:Drivers/STM32F1xx_HAL_Driver/Src/stm32f1xx_hal_tim_ex.c ****   * @param  htim TIM Hall Sensor Interface handle
 482:Drivers/STM32F1xx_HAL_Driver/Src/stm32f1xx_hal_tim_ex.c ****   * @param  pData The destination Buffer address.
 483:Drivers/STM32F1xx_HAL_Driver/Src/stm32f1xx_hal_tim_ex.c ****   * @param  Length The length of data to be transferred from TIM peripheral to memory.
 484:Drivers/STM32F1xx_HAL_Driver/Src/stm32f1xx_hal_tim_ex.c ****   * @retval HAL status
 485:Drivers/STM32F1xx_HAL_Driver/Src/stm32f1xx_hal_tim_ex.c ****   */
 486:Drivers/STM32F1xx_HAL_Driver/Src/stm32f1xx_hal_tim_ex.c **** HAL_StatusTypeDef HAL_TIMEx_HallSensor_Start_DMA(TIM_HandleTypeDef *htim, uint32_t *pData, uint16_t
 487:Drivers/STM32F1xx_HAL_Driver/Src/stm32f1xx_hal_tim_ex.c **** {
 973              		.loc 1 487 1
 974              		.cfi_startproc
 975              		@ args = 0, pretend = 0, frame = 24
 976              		@ frame_needed = 1, uses_anonymous_args = 0
 977 0000 80B5     		push	{r7, lr}
 978              	.LCFI42:
 979              		.cfi_def_cfa_offset 8
 980              		.cfi_offset 7, -8
 981              		.cfi_offset 14, -4
 982 0002 86B0     		sub	sp, sp, #24
 983              	.LCFI43:
 984              		.cfi_def_cfa_offset 32
 985 0004 00AF     		add	r7, sp, #0
 986              	.LCFI44:
 987              		.cfi_def_cfa_register 7
 988 0006 F860     		str	r0, [r7, #12]
 989 0008 B960     		str	r1, [r7, #8]
 990 000a 1346     		mov	r3, r2
 991 000c FB80     		strh	r3, [r7, #6]	@ movhi
 488:Drivers/STM32F1xx_HAL_Driver/Src/stm32f1xx_hal_tim_ex.c ****   uint32_t tmpsmcr;
 489:Drivers/STM32F1xx_HAL_Driver/Src/stm32f1xx_hal_tim_ex.c ****   HAL_TIM_ChannelStateTypeDef channel_1_state = TIM_CHANNEL_STATE_GET(htim, TIM_CHANNEL_1);
 992              		.loc 1 489 31
 993 000e FB68     		ldr	r3, [r7, #12]
 994 0010 93F83E30 		ldrb	r3, [r3, #62]
 995 0014 FB75     		strb	r3, [r7, #23]
 490:Drivers/STM32F1xx_HAL_Driver/Src/stm32f1xx_hal_tim_ex.c ****   HAL_TIM_ChannelStateTypeDef complementary_channel_1_state = TIM_CHANNEL_N_STATE_GET(htim, TIM_CHA
 996              		.loc 1 490 31
 997 0016 FB68     		ldr	r3, [r7, #12]
 998 0018 93F84230 		ldrb	r3, [r3, #66]
 999 001c BB75     		strb	r3, [r7, #22]
 491:Drivers/STM32F1xx_HAL_Driver/Src/stm32f1xx_hal_tim_ex.c **** 
 492:Drivers/STM32F1xx_HAL_Driver/Src/stm32f1xx_hal_tim_ex.c ****   /* Check the parameters */
 493:Drivers/STM32F1xx_HAL_Driver/Src/stm32f1xx_hal_tim_ex.c ****   assert_param(IS_TIM_HALL_SENSOR_INTERFACE_INSTANCE(htim->Instance));
 494:Drivers/STM32F1xx_HAL_Driver/Src/stm32f1xx_hal_tim_ex.c **** 
 495:Drivers/STM32F1xx_HAL_Driver/Src/stm32f1xx_hal_tim_ex.c ****   /* Set the TIM channel state */
 496:Drivers/STM32F1xx_HAL_Driver/Src/stm32f1xx_hal_tim_ex.c ****   if ((channel_1_state == HAL_TIM_CHANNEL_STATE_BUSY)
 1000              		.loc 1 496 6
 1001 001e FB7D     		ldrb	r3, [r7, #23]	@ zero_extendqisi2
ARM GAS  /tmp/ccydCXE5.s 			page 27


 1002 0020 022B     		cmp	r3, #2
 1003 0022 02D0     		beq	.L38
 497:Drivers/STM32F1xx_HAL_Driver/Src/stm32f1xx_hal_tim_ex.c ****       || (complementary_channel_1_state == HAL_TIM_CHANNEL_STATE_BUSY))
 1004              		.loc 1 497 7
 1005 0024 BB7D     		ldrb	r3, [r7, #22]	@ zero_extendqisi2
 1006 0026 022B     		cmp	r3, #2
 1007 0028 01D1     		bne	.L39
 1008              	.L38:
 498:Drivers/STM32F1xx_HAL_Driver/Src/stm32f1xx_hal_tim_ex.c ****   {
 499:Drivers/STM32F1xx_HAL_Driver/Src/stm32f1xx_hal_tim_ex.c ****     return HAL_BUSY;
 1009              		.loc 1 499 12
 1010 002a 0223     		movs	r3, #2
 1011 002c 72E0     		b	.L40
 1012              	.L39:
 500:Drivers/STM32F1xx_HAL_Driver/Src/stm32f1xx_hal_tim_ex.c ****   }
 501:Drivers/STM32F1xx_HAL_Driver/Src/stm32f1xx_hal_tim_ex.c ****   else if ((channel_1_state == HAL_TIM_CHANNEL_STATE_READY)
 1013              		.loc 1 501 11
 1014 002e FB7D     		ldrb	r3, [r7, #23]	@ zero_extendqisi2
 1015 0030 012B     		cmp	r3, #1
 1016 0032 34D1     		bne	.L41
 502:Drivers/STM32F1xx_HAL_Driver/Src/stm32f1xx_hal_tim_ex.c ****            && (complementary_channel_1_state == HAL_TIM_CHANNEL_STATE_READY))
 1017              		.loc 1 502 12
 1018 0034 BB7D     		ldrb	r3, [r7, #22]	@ zero_extendqisi2
 1019 0036 012B     		cmp	r3, #1
 1020 0038 31D1     		bne	.L41
 503:Drivers/STM32F1xx_HAL_Driver/Src/stm32f1xx_hal_tim_ex.c ****   {
 504:Drivers/STM32F1xx_HAL_Driver/Src/stm32f1xx_hal_tim_ex.c ****     if ((pData == NULL) && (Length > 0U))
 1021              		.loc 1 504 8
 1022 003a BB68     		ldr	r3, [r7, #8]
 1023 003c 002B     		cmp	r3, #0
 1024 003e 04D1     		bne	.L42
 1025              		.loc 1 504 25 discriminator 1
 1026 0040 FB88     		ldrh	r3, [r7, #6]
 1027 0042 002B     		cmp	r3, #0
 1028 0044 01D0     		beq	.L42
 505:Drivers/STM32F1xx_HAL_Driver/Src/stm32f1xx_hal_tim_ex.c ****     {
 506:Drivers/STM32F1xx_HAL_Driver/Src/stm32f1xx_hal_tim_ex.c ****       return HAL_ERROR;
 1029              		.loc 1 506 14
 1030 0046 0123     		movs	r3, #1
 1031 0048 64E0     		b	.L40
 1032              	.L42:
 507:Drivers/STM32F1xx_HAL_Driver/Src/stm32f1xx_hal_tim_ex.c ****     }
 508:Drivers/STM32F1xx_HAL_Driver/Src/stm32f1xx_hal_tim_ex.c ****     else
 509:Drivers/STM32F1xx_HAL_Driver/Src/stm32f1xx_hal_tim_ex.c ****     {
 510:Drivers/STM32F1xx_HAL_Driver/Src/stm32f1xx_hal_tim_ex.c ****       TIM_CHANNEL_STATE_SET(htim, TIM_CHANNEL_1, HAL_TIM_CHANNEL_STATE_BUSY);
 1033              		.loc 1 510 7
 1034 004a FB68     		ldr	r3, [r7, #12]
 1035 004c 0222     		movs	r2, #2
 1036 004e 83F83E20 		strb	r2, [r3, #62]
 511:Drivers/STM32F1xx_HAL_Driver/Src/stm32f1xx_hal_tim_ex.c ****       TIM_CHANNEL_N_STATE_SET(htim, TIM_CHANNEL_1, HAL_TIM_CHANNEL_STATE_BUSY);
 1037              		.loc 1 511 7
 1038 0052 FB68     		ldr	r3, [r7, #12]
 1039 0054 0222     		movs	r2, #2
 1040 0056 83F84220 		strb	r2, [r3, #66]
 504:Drivers/STM32F1xx_HAL_Driver/Src/stm32f1xx_hal_tim_ex.c ****     {
 1041              		.loc 1 504 8
 1042 005a 00BF     		nop
ARM GAS  /tmp/ccydCXE5.s 			page 28


 512:Drivers/STM32F1xx_HAL_Driver/Src/stm32f1xx_hal_tim_ex.c ****     }
 513:Drivers/STM32F1xx_HAL_Driver/Src/stm32f1xx_hal_tim_ex.c ****   }
 514:Drivers/STM32F1xx_HAL_Driver/Src/stm32f1xx_hal_tim_ex.c ****   else
 515:Drivers/STM32F1xx_HAL_Driver/Src/stm32f1xx_hal_tim_ex.c ****   {
 516:Drivers/STM32F1xx_HAL_Driver/Src/stm32f1xx_hal_tim_ex.c ****     return HAL_ERROR;
 517:Drivers/STM32F1xx_HAL_Driver/Src/stm32f1xx_hal_tim_ex.c ****   }
 518:Drivers/STM32F1xx_HAL_Driver/Src/stm32f1xx_hal_tim_ex.c **** 
 519:Drivers/STM32F1xx_HAL_Driver/Src/stm32f1xx_hal_tim_ex.c ****   /* Enable the Input Capture channel 1
 520:Drivers/STM32F1xx_HAL_Driver/Src/stm32f1xx_hal_tim_ex.c ****   (in the Hall Sensor Interface the three possible channels that can be used are TIM_CHANNEL_1,
 521:Drivers/STM32F1xx_HAL_Driver/Src/stm32f1xx_hal_tim_ex.c ****   TIM_CHANNEL_2 and TIM_CHANNEL_3) */
 522:Drivers/STM32F1xx_HAL_Driver/Src/stm32f1xx_hal_tim_ex.c ****   TIM_CCxChannelCmd(htim->Instance, TIM_CHANNEL_1, TIM_CCx_ENABLE);
 1043              		.loc 1 522 3
 1044 005c FB68     		ldr	r3, [r7, #12]
 1045 005e 1B68     		ldr	r3, [r3]
 1046 0060 0122     		movs	r2, #1
 1047 0062 0021     		movs	r1, #0
 1048 0064 1846     		mov	r0, r3
 1049 0066 FFF7FEFF 		bl	TIM_CCxChannelCmd
 523:Drivers/STM32F1xx_HAL_Driver/Src/stm32f1xx_hal_tim_ex.c **** 
 524:Drivers/STM32F1xx_HAL_Driver/Src/stm32f1xx_hal_tim_ex.c ****   /* Set the DMA Input Capture 1 Callbacks */
 525:Drivers/STM32F1xx_HAL_Driver/Src/stm32f1xx_hal_tim_ex.c ****   htim->hdma[TIM_DMA_ID_CC1]->XferCpltCallback = TIM_DMACaptureCplt;
 1050              		.loc 1 525 13
 1051 006a FB68     		ldr	r3, [r7, #12]
 1052 006c 5B6A     		ldr	r3, [r3, #36]
 1053              		.loc 1 525 48
 1054 006e 2B4A     		ldr	r2, .L50
 1055 0070 9A62     		str	r2, [r3, #40]
 526:Drivers/STM32F1xx_HAL_Driver/Src/stm32f1xx_hal_tim_ex.c ****   htim->hdma[TIM_DMA_ID_CC1]->XferHalfCpltCallback = TIM_DMACaptureHalfCplt;
 1056              		.loc 1 526 13
 1057 0072 FB68     		ldr	r3, [r7, #12]
 1058 0074 5B6A     		ldr	r3, [r3, #36]
 1059              		.loc 1 526 52
 1060 0076 2A4A     		ldr	r2, .L50+4
 1061 0078 DA62     		str	r2, [r3, #44]
 527:Drivers/STM32F1xx_HAL_Driver/Src/stm32f1xx_hal_tim_ex.c ****   /* Set the DMA error callback */
 528:Drivers/STM32F1xx_HAL_Driver/Src/stm32f1xx_hal_tim_ex.c ****   htim->hdma[TIM_DMA_ID_CC1]->XferErrorCallback = TIM_DMAError ;
 1062              		.loc 1 528 13
 1063 007a FB68     		ldr	r3, [r7, #12]
 1064 007c 5B6A     		ldr	r3, [r3, #36]
 1065              		.loc 1 528 49
 1066 007e 294A     		ldr	r2, .L50+8
 1067 0080 1A63     		str	r2, [r3, #48]
 529:Drivers/STM32F1xx_HAL_Driver/Src/stm32f1xx_hal_tim_ex.c **** 
 530:Drivers/STM32F1xx_HAL_Driver/Src/stm32f1xx_hal_tim_ex.c ****   /* Enable the DMA channel for Capture 1*/
 531:Drivers/STM32F1xx_HAL_Driver/Src/stm32f1xx_hal_tim_ex.c ****   if (HAL_DMA_Start_IT(htim->hdma[TIM_DMA_ID_CC1], (uint32_t)&htim->Instance->CCR1, (uint32_t)pData
 1068              		.loc 1 531 7
 1069 0082 FB68     		ldr	r3, [r7, #12]
 1070 0084 586A     		ldr	r0, [r3, #36]
 1071              		.loc 1 531 67
 1072 0086 FB68     		ldr	r3, [r7, #12]
 1073 0088 1B68     		ldr	r3, [r3]
 1074              		.loc 1 531 62
 1075 008a 3433     		adds	r3, r3, #52
 1076              		.loc 1 531 7
 1077 008c 1946     		mov	r1, r3
 1078 008e BA68     		ldr	r2, [r7, #8]
 1079 0090 FB88     		ldrh	r3, [r7, #6]
ARM GAS  /tmp/ccydCXE5.s 			page 29


 1080 0092 FFF7FEFF 		bl	HAL_DMA_Start_IT
 1081 0096 0346     		mov	r3, r0
 1082              		.loc 1 531 6
 1083 0098 002B     		cmp	r3, #0
 1084 009a 04D0     		beq	.L44
 1085 009c 01E0     		b	.L49
 1086              	.L41:
 516:Drivers/STM32F1xx_HAL_Driver/Src/stm32f1xx_hal_tim_ex.c ****   }
 1087              		.loc 1 516 12
 1088 009e 0123     		movs	r3, #1
 1089 00a0 38E0     		b	.L40
 1090              	.L49:
 532:Drivers/STM32F1xx_HAL_Driver/Src/stm32f1xx_hal_tim_ex.c ****   {
 533:Drivers/STM32F1xx_HAL_Driver/Src/stm32f1xx_hal_tim_ex.c ****     /* Return error status */
 534:Drivers/STM32F1xx_HAL_Driver/Src/stm32f1xx_hal_tim_ex.c ****     return HAL_ERROR;
 1091              		.loc 1 534 12
 1092 00a2 0123     		movs	r3, #1
 1093 00a4 36E0     		b	.L40
 1094              	.L44:
 535:Drivers/STM32F1xx_HAL_Driver/Src/stm32f1xx_hal_tim_ex.c ****   }
 536:Drivers/STM32F1xx_HAL_Driver/Src/stm32f1xx_hal_tim_ex.c ****   /* Enable the capture compare 1 Interrupt */
 537:Drivers/STM32F1xx_HAL_Driver/Src/stm32f1xx_hal_tim_ex.c ****   __HAL_TIM_ENABLE_DMA(htim, TIM_DMA_CC1);
 1095              		.loc 1 537 3
 1096 00a6 FB68     		ldr	r3, [r7, #12]
 1097 00a8 1B68     		ldr	r3, [r3]
 1098 00aa DA68     		ldr	r2, [r3, #12]
 1099 00ac FB68     		ldr	r3, [r7, #12]
 1100 00ae 1B68     		ldr	r3, [r3]
 1101 00b0 42F40072 		orr	r2, r2, #512
 1102 00b4 DA60     		str	r2, [r3, #12]
 538:Drivers/STM32F1xx_HAL_Driver/Src/stm32f1xx_hal_tim_ex.c **** 
 539:Drivers/STM32F1xx_HAL_Driver/Src/stm32f1xx_hal_tim_ex.c ****   /* Enable the Peripheral, except in trigger mode where enable is automatically done with trigger 
 540:Drivers/STM32F1xx_HAL_Driver/Src/stm32f1xx_hal_tim_ex.c ****   if (IS_TIM_SLAVE_INSTANCE(htim->Instance))
 1103              		.loc 1 540 7
 1104 00b6 FB68     		ldr	r3, [r7, #12]
 1105 00b8 1B68     		ldr	r3, [r3]
 1106              		.loc 1 540 6
 1107 00ba 1B4A     		ldr	r2, .L50+12
 1108 00bc 9342     		cmp	r3, r2
 1109 00be 0ED0     		beq	.L45
 1110              		.loc 1 540 7 discriminator 1
 1111 00c0 FB68     		ldr	r3, [r7, #12]
 1112 00c2 1B68     		ldr	r3, [r3]
 1113 00c4 B3F1804F 		cmp	r3, #1073741824
 1114 00c8 09D0     		beq	.L45
 1115              		.loc 1 540 7 is_stmt 0 discriminator 2
 1116 00ca FB68     		ldr	r3, [r7, #12]
 1117 00cc 1B68     		ldr	r3, [r3]
 1118 00ce 174A     		ldr	r2, .L50+16
 1119 00d0 9342     		cmp	r3, r2
 1120 00d2 04D0     		beq	.L45
 1121              		.loc 1 540 7 discriminator 3
 1122 00d4 FB68     		ldr	r3, [r7, #12]
 1123 00d6 1B68     		ldr	r3, [r3]
 1124 00d8 154A     		ldr	r2, .L50+20
 1125 00da 9342     		cmp	r3, r2
 1126 00dc 11D1     		bne	.L46
ARM GAS  /tmp/ccydCXE5.s 			page 30


 1127              	.L45:
 541:Drivers/STM32F1xx_HAL_Driver/Src/stm32f1xx_hal_tim_ex.c ****   {
 542:Drivers/STM32F1xx_HAL_Driver/Src/stm32f1xx_hal_tim_ex.c ****     tmpsmcr = htim->Instance->SMCR & TIM_SMCR_SMS;
 1128              		.loc 1 542 19 is_stmt 1
 1129 00de FB68     		ldr	r3, [r7, #12]
 1130 00e0 1B68     		ldr	r3, [r3]
 1131              		.loc 1 542 29
 1132 00e2 9B68     		ldr	r3, [r3, #8]
 1133              		.loc 1 542 13
 1134 00e4 03F00703 		and	r3, r3, #7
 1135 00e8 3B61     		str	r3, [r7, #16]
 543:Drivers/STM32F1xx_HAL_Driver/Src/stm32f1xx_hal_tim_ex.c ****     if (!IS_TIM_SLAVEMODE_TRIGGER_ENABLED(tmpsmcr))
 1136              		.loc 1 543 8
 1137 00ea 3B69     		ldr	r3, [r7, #16]
 1138 00ec 062B     		cmp	r3, #6
 1139 00ee 10D0     		beq	.L48
 544:Drivers/STM32F1xx_HAL_Driver/Src/stm32f1xx_hal_tim_ex.c ****     {
 545:Drivers/STM32F1xx_HAL_Driver/Src/stm32f1xx_hal_tim_ex.c ****       __HAL_TIM_ENABLE(htim);
 1140              		.loc 1 545 7
 1141 00f0 FB68     		ldr	r3, [r7, #12]
 1142 00f2 1B68     		ldr	r3, [r3]
 1143 00f4 1A68     		ldr	r2, [r3]
 1144 00f6 FB68     		ldr	r3, [r7, #12]
 1145 00f8 1B68     		ldr	r3, [r3]
 1146 00fa 42F00102 		orr	r2, r2, #1
 1147 00fe 1A60     		str	r2, [r3]
 543:Drivers/STM32F1xx_HAL_Driver/Src/stm32f1xx_hal_tim_ex.c ****     if (!IS_TIM_SLAVEMODE_TRIGGER_ENABLED(tmpsmcr))
 1148              		.loc 1 543 8
 1149 0100 07E0     		b	.L48
 1150              	.L46:
 546:Drivers/STM32F1xx_HAL_Driver/Src/stm32f1xx_hal_tim_ex.c ****     }
 547:Drivers/STM32F1xx_HAL_Driver/Src/stm32f1xx_hal_tim_ex.c ****   }
 548:Drivers/STM32F1xx_HAL_Driver/Src/stm32f1xx_hal_tim_ex.c ****   else
 549:Drivers/STM32F1xx_HAL_Driver/Src/stm32f1xx_hal_tim_ex.c ****   {
 550:Drivers/STM32F1xx_HAL_Driver/Src/stm32f1xx_hal_tim_ex.c ****     __HAL_TIM_ENABLE(htim);
 1151              		.loc 1 550 5
 1152 0102 FB68     		ldr	r3, [r7, #12]
 1153 0104 1B68     		ldr	r3, [r3]
 1154 0106 1A68     		ldr	r2, [r3]
 1155 0108 FB68     		ldr	r3, [r7, #12]
 1156 010a 1B68     		ldr	r3, [r3]
 1157 010c 42F00102 		orr	r2, r2, #1
 1158 0110 1A60     		str	r2, [r3]
 1159              	.L48:
 551:Drivers/STM32F1xx_HAL_Driver/Src/stm32f1xx_hal_tim_ex.c ****   }
 552:Drivers/STM32F1xx_HAL_Driver/Src/stm32f1xx_hal_tim_ex.c **** 
 553:Drivers/STM32F1xx_HAL_Driver/Src/stm32f1xx_hal_tim_ex.c ****   /* Return function status */
 554:Drivers/STM32F1xx_HAL_Driver/Src/stm32f1xx_hal_tim_ex.c ****   return HAL_OK;
 1160              		.loc 1 554 10
 1161 0112 0023     		movs	r3, #0
 1162              	.L40:
 555:Drivers/STM32F1xx_HAL_Driver/Src/stm32f1xx_hal_tim_ex.c **** }
 1163              		.loc 1 555 1
 1164 0114 1846     		mov	r0, r3
 1165 0116 1837     		adds	r7, r7, #24
 1166              	.LCFI45:
 1167              		.cfi_def_cfa_offset 8
ARM GAS  /tmp/ccydCXE5.s 			page 31


 1168 0118 BD46     		mov	sp, r7
 1169              	.LCFI46:
 1170              		.cfi_def_cfa_register 13
 1171              		@ sp needed
 1172 011a 80BD     		pop	{r7, pc}
 1173              	.L51:
 1174              		.align	2
 1175              	.L50:
 1176 011c 00000000 		.word	TIM_DMACaptureCplt
 1177 0120 00000000 		.word	TIM_DMACaptureHalfCplt
 1178 0124 00000000 		.word	TIM_DMAError
 1179 0128 002C0140 		.word	1073818624
 1180 012c 00040040 		.word	1073742848
 1181 0130 00080040 		.word	1073743872
 1182              		.cfi_endproc
 1183              	.LFE73:
 1185              		.section	.text.HAL_TIMEx_HallSensor_Stop_DMA,"ax",%progbits
 1186              		.align	1
 1187              		.global	HAL_TIMEx_HallSensor_Stop_DMA
 1188              		.syntax unified
 1189              		.thumb
 1190              		.thumb_func
 1192              	HAL_TIMEx_HallSensor_Stop_DMA:
 1193              	.LFB74:
 556:Drivers/STM32F1xx_HAL_Driver/Src/stm32f1xx_hal_tim_ex.c **** 
 557:Drivers/STM32F1xx_HAL_Driver/Src/stm32f1xx_hal_tim_ex.c **** /**
 558:Drivers/STM32F1xx_HAL_Driver/Src/stm32f1xx_hal_tim_ex.c ****   * @brief  Stops the TIM Hall Sensor Interface in DMA mode.
 559:Drivers/STM32F1xx_HAL_Driver/Src/stm32f1xx_hal_tim_ex.c ****   * @param  htim TIM Hall Sensor Interface handle
 560:Drivers/STM32F1xx_HAL_Driver/Src/stm32f1xx_hal_tim_ex.c ****   * @retval HAL status
 561:Drivers/STM32F1xx_HAL_Driver/Src/stm32f1xx_hal_tim_ex.c ****   */
 562:Drivers/STM32F1xx_HAL_Driver/Src/stm32f1xx_hal_tim_ex.c **** HAL_StatusTypeDef HAL_TIMEx_HallSensor_Stop_DMA(TIM_HandleTypeDef *htim)
 563:Drivers/STM32F1xx_HAL_Driver/Src/stm32f1xx_hal_tim_ex.c **** {
 1194              		.loc 1 563 1
 1195              		.cfi_startproc
 1196              		@ args = 0, pretend = 0, frame = 8
 1197              		@ frame_needed = 1, uses_anonymous_args = 0
 1198 0000 80B5     		push	{r7, lr}
 1199              	.LCFI47:
 1200              		.cfi_def_cfa_offset 8
 1201              		.cfi_offset 7, -8
 1202              		.cfi_offset 14, -4
 1203 0002 82B0     		sub	sp, sp, #8
 1204              	.LCFI48:
 1205              		.cfi_def_cfa_offset 16
 1206 0004 00AF     		add	r7, sp, #0
 1207              	.LCFI49:
 1208              		.cfi_def_cfa_register 7
 1209 0006 7860     		str	r0, [r7, #4]
 564:Drivers/STM32F1xx_HAL_Driver/Src/stm32f1xx_hal_tim_ex.c ****   /* Check the parameters */
 565:Drivers/STM32F1xx_HAL_Driver/Src/stm32f1xx_hal_tim_ex.c ****   assert_param(IS_TIM_HALL_SENSOR_INTERFACE_INSTANCE(htim->Instance));
 566:Drivers/STM32F1xx_HAL_Driver/Src/stm32f1xx_hal_tim_ex.c **** 
 567:Drivers/STM32F1xx_HAL_Driver/Src/stm32f1xx_hal_tim_ex.c ****   /* Disable the Input Capture channel 1
 568:Drivers/STM32F1xx_HAL_Driver/Src/stm32f1xx_hal_tim_ex.c ****   (in the Hall Sensor Interface the three possible channels that can be used are TIM_CHANNEL_1,
 569:Drivers/STM32F1xx_HAL_Driver/Src/stm32f1xx_hal_tim_ex.c ****   TIM_CHANNEL_2 and TIM_CHANNEL_3) */
 570:Drivers/STM32F1xx_HAL_Driver/Src/stm32f1xx_hal_tim_ex.c ****   TIM_CCxChannelCmd(htim->Instance, TIM_CHANNEL_1, TIM_CCx_DISABLE);
 1210              		.loc 1 570 3
 1211 0008 7B68     		ldr	r3, [r7, #4]
ARM GAS  /tmp/ccydCXE5.s 			page 32


 1212 000a 1B68     		ldr	r3, [r3]
 1213 000c 0022     		movs	r2, #0
 1214 000e 0021     		movs	r1, #0
 1215 0010 1846     		mov	r0, r3
 1216 0012 FFF7FEFF 		bl	TIM_CCxChannelCmd
 571:Drivers/STM32F1xx_HAL_Driver/Src/stm32f1xx_hal_tim_ex.c **** 
 572:Drivers/STM32F1xx_HAL_Driver/Src/stm32f1xx_hal_tim_ex.c **** 
 573:Drivers/STM32F1xx_HAL_Driver/Src/stm32f1xx_hal_tim_ex.c ****   /* Disable the capture compare Interrupts 1 event */
 574:Drivers/STM32F1xx_HAL_Driver/Src/stm32f1xx_hal_tim_ex.c ****   __HAL_TIM_DISABLE_DMA(htim, TIM_DMA_CC1);
 1217              		.loc 1 574 3
 1218 0016 7B68     		ldr	r3, [r7, #4]
 1219 0018 1B68     		ldr	r3, [r3]
 1220 001a DA68     		ldr	r2, [r3, #12]
 1221 001c 7B68     		ldr	r3, [r7, #4]
 1222 001e 1B68     		ldr	r3, [r3]
 1223 0020 22F40072 		bic	r2, r2, #512
 1224 0024 DA60     		str	r2, [r3, #12]
 575:Drivers/STM32F1xx_HAL_Driver/Src/stm32f1xx_hal_tim_ex.c **** 
 576:Drivers/STM32F1xx_HAL_Driver/Src/stm32f1xx_hal_tim_ex.c ****   (void)HAL_DMA_Abort_IT(htim->hdma[TIM_DMA_ID_CC1]);
 1225              		.loc 1 576 9
 1226 0026 7B68     		ldr	r3, [r7, #4]
 1227 0028 5B6A     		ldr	r3, [r3, #36]
 1228 002a 1846     		mov	r0, r3
 1229 002c FFF7FEFF 		bl	HAL_DMA_Abort_IT
 577:Drivers/STM32F1xx_HAL_Driver/Src/stm32f1xx_hal_tim_ex.c **** 
 578:Drivers/STM32F1xx_HAL_Driver/Src/stm32f1xx_hal_tim_ex.c ****   /* Disable the Peripheral */
 579:Drivers/STM32F1xx_HAL_Driver/Src/stm32f1xx_hal_tim_ex.c ****   __HAL_TIM_DISABLE(htim);
 1230              		.loc 1 579 3
 1231 0030 7B68     		ldr	r3, [r7, #4]
 1232 0032 1B68     		ldr	r3, [r3]
 1233 0034 1A6A     		ldr	r2, [r3, #32]
 1234 0036 41F21113 		movw	r3, #4369
 1235 003a 1340     		ands	r3, r3, r2
 1236 003c 002B     		cmp	r3, #0
 1237 003e 0FD1     		bne	.L53
 1238              		.loc 1 579 3 is_stmt 0 discriminator 1
 1239 0040 7B68     		ldr	r3, [r7, #4]
 1240 0042 1B68     		ldr	r3, [r3]
 1241 0044 1A6A     		ldr	r2, [r3, #32]
 1242 0046 40F24443 		movw	r3, #1092
 1243 004a 1340     		ands	r3, r3, r2
 1244 004c 002B     		cmp	r3, #0
 1245 004e 07D1     		bne	.L53
 1246              		.loc 1 579 3 discriminator 2
 1247 0050 7B68     		ldr	r3, [r7, #4]
 1248 0052 1B68     		ldr	r3, [r3]
 1249 0054 1A68     		ldr	r2, [r3]
 1250 0056 7B68     		ldr	r3, [r7, #4]
 1251 0058 1B68     		ldr	r3, [r3]
 1252 005a 22F00102 		bic	r2, r2, #1
 1253 005e 1A60     		str	r2, [r3]
 1254              	.L53:
 580:Drivers/STM32F1xx_HAL_Driver/Src/stm32f1xx_hal_tim_ex.c **** 
 581:Drivers/STM32F1xx_HAL_Driver/Src/stm32f1xx_hal_tim_ex.c ****   /* Set the TIM channel state */
 582:Drivers/STM32F1xx_HAL_Driver/Src/stm32f1xx_hal_tim_ex.c ****   TIM_CHANNEL_STATE_SET(htim, TIM_CHANNEL_1, HAL_TIM_CHANNEL_STATE_READY);
 1255              		.loc 1 582 3 is_stmt 1
 1256 0060 7B68     		ldr	r3, [r7, #4]
ARM GAS  /tmp/ccydCXE5.s 			page 33


 1257 0062 0122     		movs	r2, #1
 1258 0064 83F83E20 		strb	r2, [r3, #62]
 583:Drivers/STM32F1xx_HAL_Driver/Src/stm32f1xx_hal_tim_ex.c ****   TIM_CHANNEL_N_STATE_SET(htim, TIM_CHANNEL_1, HAL_TIM_CHANNEL_STATE_READY);
 1259              		.loc 1 583 3
 1260 0068 7B68     		ldr	r3, [r7, #4]
 1261 006a 0122     		movs	r2, #1
 1262 006c 83F84220 		strb	r2, [r3, #66]
 584:Drivers/STM32F1xx_HAL_Driver/Src/stm32f1xx_hal_tim_ex.c **** 
 585:Drivers/STM32F1xx_HAL_Driver/Src/stm32f1xx_hal_tim_ex.c ****   /* Return function status */
 586:Drivers/STM32F1xx_HAL_Driver/Src/stm32f1xx_hal_tim_ex.c ****   return HAL_OK;
 1263              		.loc 1 586 10
 1264 0070 0023     		movs	r3, #0
 587:Drivers/STM32F1xx_HAL_Driver/Src/stm32f1xx_hal_tim_ex.c **** }
 1265              		.loc 1 587 1
 1266 0072 1846     		mov	r0, r3
 1267 0074 0837     		adds	r7, r7, #8
 1268              	.LCFI50:
 1269              		.cfi_def_cfa_offset 8
 1270 0076 BD46     		mov	sp, r7
 1271              	.LCFI51:
 1272              		.cfi_def_cfa_register 13
 1273              		@ sp needed
 1274 0078 80BD     		pop	{r7, pc}
 1275              		.cfi_endproc
 1276              	.LFE74:
 1278              		.section	.text.HAL_TIMEx_OCN_Start,"ax",%progbits
 1279              		.align	1
 1280              		.global	HAL_TIMEx_OCN_Start
 1281              		.syntax unified
 1282              		.thumb
 1283              		.thumb_func
 1285              	HAL_TIMEx_OCN_Start:
 1286              	.LFB75:
 588:Drivers/STM32F1xx_HAL_Driver/Src/stm32f1xx_hal_tim_ex.c **** 
 589:Drivers/STM32F1xx_HAL_Driver/Src/stm32f1xx_hal_tim_ex.c **** /**
 590:Drivers/STM32F1xx_HAL_Driver/Src/stm32f1xx_hal_tim_ex.c ****   * @}
 591:Drivers/STM32F1xx_HAL_Driver/Src/stm32f1xx_hal_tim_ex.c ****   */
 592:Drivers/STM32F1xx_HAL_Driver/Src/stm32f1xx_hal_tim_ex.c **** 
 593:Drivers/STM32F1xx_HAL_Driver/Src/stm32f1xx_hal_tim_ex.c **** /** @defgroup TIMEx_Exported_Functions_Group2 Extended Timer Complementary Output Compare functions
 594:Drivers/STM32F1xx_HAL_Driver/Src/stm32f1xx_hal_tim_ex.c ****   *  @brief   Timer Complementary Output Compare functions
 595:Drivers/STM32F1xx_HAL_Driver/Src/stm32f1xx_hal_tim_ex.c ****   *
 596:Drivers/STM32F1xx_HAL_Driver/Src/stm32f1xx_hal_tim_ex.c **** @verbatim
 597:Drivers/STM32F1xx_HAL_Driver/Src/stm32f1xx_hal_tim_ex.c ****   ==============================================================================
 598:Drivers/STM32F1xx_HAL_Driver/Src/stm32f1xx_hal_tim_ex.c ****               ##### Timer Complementary Output Compare functions #####
 599:Drivers/STM32F1xx_HAL_Driver/Src/stm32f1xx_hal_tim_ex.c ****   ==============================================================================
 600:Drivers/STM32F1xx_HAL_Driver/Src/stm32f1xx_hal_tim_ex.c ****   [..]
 601:Drivers/STM32F1xx_HAL_Driver/Src/stm32f1xx_hal_tim_ex.c ****     This section provides functions allowing to:
 602:Drivers/STM32F1xx_HAL_Driver/Src/stm32f1xx_hal_tim_ex.c ****     (+) Start the Complementary Output Compare/PWM.
 603:Drivers/STM32F1xx_HAL_Driver/Src/stm32f1xx_hal_tim_ex.c ****     (+) Stop the Complementary Output Compare/PWM.
 604:Drivers/STM32F1xx_HAL_Driver/Src/stm32f1xx_hal_tim_ex.c ****     (+) Start the Complementary Output Compare/PWM and enable interrupts.
 605:Drivers/STM32F1xx_HAL_Driver/Src/stm32f1xx_hal_tim_ex.c ****     (+) Stop the Complementary Output Compare/PWM and disable interrupts.
 606:Drivers/STM32F1xx_HAL_Driver/Src/stm32f1xx_hal_tim_ex.c ****     (+) Start the Complementary Output Compare/PWM and enable DMA transfers.
 607:Drivers/STM32F1xx_HAL_Driver/Src/stm32f1xx_hal_tim_ex.c ****     (+) Stop the Complementary Output Compare/PWM and disable DMA transfers.
 608:Drivers/STM32F1xx_HAL_Driver/Src/stm32f1xx_hal_tim_ex.c **** 
 609:Drivers/STM32F1xx_HAL_Driver/Src/stm32f1xx_hal_tim_ex.c **** @endverbatim
 610:Drivers/STM32F1xx_HAL_Driver/Src/stm32f1xx_hal_tim_ex.c ****   * @{
 611:Drivers/STM32F1xx_HAL_Driver/Src/stm32f1xx_hal_tim_ex.c ****   */
ARM GAS  /tmp/ccydCXE5.s 			page 34


 612:Drivers/STM32F1xx_HAL_Driver/Src/stm32f1xx_hal_tim_ex.c **** 
 613:Drivers/STM32F1xx_HAL_Driver/Src/stm32f1xx_hal_tim_ex.c **** /**
 614:Drivers/STM32F1xx_HAL_Driver/Src/stm32f1xx_hal_tim_ex.c ****   * @brief  Starts the TIM Output Compare signal generation on the complementary
 615:Drivers/STM32F1xx_HAL_Driver/Src/stm32f1xx_hal_tim_ex.c ****   *         output.
 616:Drivers/STM32F1xx_HAL_Driver/Src/stm32f1xx_hal_tim_ex.c ****   * @param  htim TIM Output Compare handle
 617:Drivers/STM32F1xx_HAL_Driver/Src/stm32f1xx_hal_tim_ex.c ****   * @param  Channel TIM Channel to be enabled
 618:Drivers/STM32F1xx_HAL_Driver/Src/stm32f1xx_hal_tim_ex.c ****   *          This parameter can be one of the following values:
 619:Drivers/STM32F1xx_HAL_Driver/Src/stm32f1xx_hal_tim_ex.c ****   *            @arg TIM_CHANNEL_1: TIM Channel 1 selected
 620:Drivers/STM32F1xx_HAL_Driver/Src/stm32f1xx_hal_tim_ex.c ****   *            @arg TIM_CHANNEL_2: TIM Channel 2 selected
 621:Drivers/STM32F1xx_HAL_Driver/Src/stm32f1xx_hal_tim_ex.c ****   *            @arg TIM_CHANNEL_3: TIM Channel 3 selected
 622:Drivers/STM32F1xx_HAL_Driver/Src/stm32f1xx_hal_tim_ex.c ****   * @retval HAL status
 623:Drivers/STM32F1xx_HAL_Driver/Src/stm32f1xx_hal_tim_ex.c ****   */
 624:Drivers/STM32F1xx_HAL_Driver/Src/stm32f1xx_hal_tim_ex.c **** HAL_StatusTypeDef HAL_TIMEx_OCN_Start(TIM_HandleTypeDef *htim, uint32_t Channel)
 625:Drivers/STM32F1xx_HAL_Driver/Src/stm32f1xx_hal_tim_ex.c **** {
 1287              		.loc 1 625 1
 1288              		.cfi_startproc
 1289              		@ args = 0, pretend = 0, frame = 16
 1290              		@ frame_needed = 1, uses_anonymous_args = 0
 1291 0000 80B5     		push	{r7, lr}
 1292              	.LCFI52:
 1293              		.cfi_def_cfa_offset 8
 1294              		.cfi_offset 7, -8
 1295              		.cfi_offset 14, -4
 1296 0002 84B0     		sub	sp, sp, #16
 1297              	.LCFI53:
 1298              		.cfi_def_cfa_offset 24
 1299 0004 00AF     		add	r7, sp, #0
 1300              	.LCFI54:
 1301              		.cfi_def_cfa_register 7
 1302 0006 7860     		str	r0, [r7, #4]
 1303 0008 3960     		str	r1, [r7]
 626:Drivers/STM32F1xx_HAL_Driver/Src/stm32f1xx_hal_tim_ex.c ****   uint32_t tmpsmcr;
 627:Drivers/STM32F1xx_HAL_Driver/Src/stm32f1xx_hal_tim_ex.c **** 
 628:Drivers/STM32F1xx_HAL_Driver/Src/stm32f1xx_hal_tim_ex.c ****   /* Check the parameters */
 629:Drivers/STM32F1xx_HAL_Driver/Src/stm32f1xx_hal_tim_ex.c ****   assert_param(IS_TIM_CCXN_INSTANCE(htim->Instance, Channel));
 630:Drivers/STM32F1xx_HAL_Driver/Src/stm32f1xx_hal_tim_ex.c **** 
 631:Drivers/STM32F1xx_HAL_Driver/Src/stm32f1xx_hal_tim_ex.c ****   /* Check the TIM complementary channel state */
 632:Drivers/STM32F1xx_HAL_Driver/Src/stm32f1xx_hal_tim_ex.c ****   if (TIM_CHANNEL_N_STATE_GET(htim, Channel) != HAL_TIM_CHANNEL_STATE_READY)
 1304              		.loc 1 632 46
 1305 000a 3B68     		ldr	r3, [r7]
 1306 000c 002B     		cmp	r3, #0
 1307 000e 09D1     		bne	.L56
 1308              		.loc 1 632 7 discriminator 1
 1309 0010 7B68     		ldr	r3, [r7, #4]
 1310 0012 93F84230 		ldrb	r3, [r3, #66]
 1311 0016 DBB2     		uxtb	r3, r3
 1312              		.loc 1 632 46 discriminator 1
 1313 0018 012B     		cmp	r3, #1
 1314 001a 14BF     		ite	ne
 1315 001c 0123     		movne	r3, #1
 1316 001e 0023     		moveq	r3, #0
 1317 0020 DBB2     		uxtb	r3, r3
 1318 0022 22E0     		b	.L57
 1319              	.L56:
 1320              		.loc 1 632 46 is_stmt 0 discriminator 2
 1321 0024 3B68     		ldr	r3, [r7]
 1322 0026 042B     		cmp	r3, #4
ARM GAS  /tmp/ccydCXE5.s 			page 35


 1323 0028 09D1     		bne	.L58
 1324              		.loc 1 632 7 is_stmt 1 discriminator 4
 1325 002a 7B68     		ldr	r3, [r7, #4]
 1326 002c 93F84330 		ldrb	r3, [r3, #67]
 1327 0030 DBB2     		uxtb	r3, r3
 1328              		.loc 1 632 46 discriminator 4
 1329 0032 012B     		cmp	r3, #1
 1330 0034 14BF     		ite	ne
 1331 0036 0123     		movne	r3, #1
 1332 0038 0023     		moveq	r3, #0
 1333 003a DBB2     		uxtb	r3, r3
 1334 003c 15E0     		b	.L57
 1335              	.L58:
 1336              		.loc 1 632 46 is_stmt 0 discriminator 5
 1337 003e 3B68     		ldr	r3, [r7]
 1338 0040 082B     		cmp	r3, #8
 1339 0042 09D1     		bne	.L60
 1340              		.loc 1 632 7 is_stmt 1 discriminator 7
 1341 0044 7B68     		ldr	r3, [r7, #4]
 1342 0046 93F84430 		ldrb	r3, [r3, #68]
 1343 004a DBB2     		uxtb	r3, r3
 1344              		.loc 1 632 46 discriminator 7
 1345 004c 012B     		cmp	r3, #1
 1346 004e 14BF     		ite	ne
 1347 0050 0123     		movne	r3, #1
 1348 0052 0023     		moveq	r3, #0
 1349 0054 DBB2     		uxtb	r3, r3
 1350 0056 08E0     		b	.L57
 1351              	.L60:
 1352              		.loc 1 632 7 discriminator 8
 1353 0058 7B68     		ldr	r3, [r7, #4]
 1354 005a 93F84530 		ldrb	r3, [r3, #69]
 1355 005e DBB2     		uxtb	r3, r3
 1356              		.loc 1 632 46 discriminator 8
 1357 0060 012B     		cmp	r3, #1
 1358 0062 14BF     		ite	ne
 1359 0064 0123     		movne	r3, #1
 1360 0066 0023     		moveq	r3, #0
 1361 0068 DBB2     		uxtb	r3, r3
 1362              	.L57:
 1363              		.loc 1 632 6 discriminator 12
 1364 006a 002B     		cmp	r3, #0
 1365 006c 01D0     		beq	.L62
 633:Drivers/STM32F1xx_HAL_Driver/Src/stm32f1xx_hal_tim_ex.c ****   {
 634:Drivers/STM32F1xx_HAL_Driver/Src/stm32f1xx_hal_tim_ex.c ****     return HAL_ERROR;
 1366              		.loc 1 634 12
 1367 006e 0123     		movs	r3, #1
 1368 0070 59E0     		b	.L63
 1369              	.L62:
 635:Drivers/STM32F1xx_HAL_Driver/Src/stm32f1xx_hal_tim_ex.c ****   }
 636:Drivers/STM32F1xx_HAL_Driver/Src/stm32f1xx_hal_tim_ex.c **** 
 637:Drivers/STM32F1xx_HAL_Driver/Src/stm32f1xx_hal_tim_ex.c ****   /* Set the TIM complementary channel state */
 638:Drivers/STM32F1xx_HAL_Driver/Src/stm32f1xx_hal_tim_ex.c ****   TIM_CHANNEL_N_STATE_SET(htim, Channel, HAL_TIM_CHANNEL_STATE_BUSY);
 1370              		.loc 1 638 3
 1371 0072 3B68     		ldr	r3, [r7]
 1372 0074 002B     		cmp	r3, #0
 1373 0076 04D1     		bne	.L64
ARM GAS  /tmp/ccydCXE5.s 			page 36


 1374              		.loc 1 638 3 is_stmt 0 discriminator 1
 1375 0078 7B68     		ldr	r3, [r7, #4]
 1376 007a 0222     		movs	r2, #2
 1377 007c 83F84220 		strb	r2, [r3, #66]
 1378 0080 13E0     		b	.L65
 1379              	.L64:
 1380              		.loc 1 638 3 discriminator 2
 1381 0082 3B68     		ldr	r3, [r7]
 1382 0084 042B     		cmp	r3, #4
 1383 0086 04D1     		bne	.L66
 1384              		.loc 1 638 3 discriminator 3
 1385 0088 7B68     		ldr	r3, [r7, #4]
 1386 008a 0222     		movs	r2, #2
 1387 008c 83F84320 		strb	r2, [r3, #67]
 1388 0090 0BE0     		b	.L65
 1389              	.L66:
 1390              		.loc 1 638 3 discriminator 4
 1391 0092 3B68     		ldr	r3, [r7]
 1392 0094 082B     		cmp	r3, #8
 1393 0096 04D1     		bne	.L68
 1394              		.loc 1 638 3 discriminator 6
 1395 0098 7B68     		ldr	r3, [r7, #4]
 1396 009a 0222     		movs	r2, #2
 1397 009c 83F84420 		strb	r2, [r3, #68]
 1398 00a0 03E0     		b	.L65
 1399              	.L68:
 1400              		.loc 1 638 3 discriminator 7
 1401 00a2 7B68     		ldr	r3, [r7, #4]
 1402 00a4 0222     		movs	r2, #2
 1403 00a6 83F84520 		strb	r2, [r3, #69]
 1404              	.L65:
 639:Drivers/STM32F1xx_HAL_Driver/Src/stm32f1xx_hal_tim_ex.c **** 
 640:Drivers/STM32F1xx_HAL_Driver/Src/stm32f1xx_hal_tim_ex.c ****   /* Enable the Capture compare channel N */
 641:Drivers/STM32F1xx_HAL_Driver/Src/stm32f1xx_hal_tim_ex.c ****   TIM_CCxNChannelCmd(htim->Instance, Channel, TIM_CCxN_ENABLE);
 1405              		.loc 1 641 3 is_stmt 1
 1406 00aa 7B68     		ldr	r3, [r7, #4]
 1407 00ac 1B68     		ldr	r3, [r3]
 1408 00ae 0422     		movs	r2, #4
 1409 00b0 3968     		ldr	r1, [r7]
 1410 00b2 1846     		mov	r0, r3
 1411 00b4 FFF7FEFF 		bl	TIM_CCxNChannelCmd
 642:Drivers/STM32F1xx_HAL_Driver/Src/stm32f1xx_hal_tim_ex.c **** 
 643:Drivers/STM32F1xx_HAL_Driver/Src/stm32f1xx_hal_tim_ex.c ****   /* Enable the Main Output */
 644:Drivers/STM32F1xx_HAL_Driver/Src/stm32f1xx_hal_tim_ex.c ****   __HAL_TIM_MOE_ENABLE(htim);
 1412              		.loc 1 644 3
 1413 00b8 7B68     		ldr	r3, [r7, #4]
 1414 00ba 1B68     		ldr	r3, [r3]
 1415 00bc 5A6C     		ldr	r2, [r3, #68]
 1416 00be 7B68     		ldr	r3, [r7, #4]
 1417 00c0 1B68     		ldr	r3, [r3]
 1418 00c2 42F40042 		orr	r2, r2, #32768
 1419 00c6 5A64     		str	r2, [r3, #68]
 645:Drivers/STM32F1xx_HAL_Driver/Src/stm32f1xx_hal_tim_ex.c **** 
 646:Drivers/STM32F1xx_HAL_Driver/Src/stm32f1xx_hal_tim_ex.c ****   /* Enable the Peripheral, except in trigger mode where enable is automatically done with trigger 
 647:Drivers/STM32F1xx_HAL_Driver/Src/stm32f1xx_hal_tim_ex.c ****   if (IS_TIM_SLAVE_INSTANCE(htim->Instance))
 1420              		.loc 1 647 7
 1421 00c8 7B68     		ldr	r3, [r7, #4]
ARM GAS  /tmp/ccydCXE5.s 			page 37


 1422 00ca 1B68     		ldr	r3, [r3]
 1423              		.loc 1 647 6
 1424 00cc 184A     		ldr	r2, .L74
 1425 00ce 9342     		cmp	r3, r2
 1426 00d0 0ED0     		beq	.L70
 1427              		.loc 1 647 7 discriminator 1
 1428 00d2 7B68     		ldr	r3, [r7, #4]
 1429 00d4 1B68     		ldr	r3, [r3]
 1430 00d6 B3F1804F 		cmp	r3, #1073741824
 1431 00da 09D0     		beq	.L70
 1432              		.loc 1 647 7 is_stmt 0 discriminator 2
 1433 00dc 7B68     		ldr	r3, [r7, #4]
 1434 00de 1B68     		ldr	r3, [r3]
 1435 00e0 144A     		ldr	r2, .L74+4
 1436 00e2 9342     		cmp	r3, r2
 1437 00e4 04D0     		beq	.L70
 1438              		.loc 1 647 7 discriminator 3
 1439 00e6 7B68     		ldr	r3, [r7, #4]
 1440 00e8 1B68     		ldr	r3, [r3]
 1441 00ea 134A     		ldr	r2, .L74+8
 1442 00ec 9342     		cmp	r3, r2
 1443 00ee 11D1     		bne	.L71
 1444              	.L70:
 648:Drivers/STM32F1xx_HAL_Driver/Src/stm32f1xx_hal_tim_ex.c ****   {
 649:Drivers/STM32F1xx_HAL_Driver/Src/stm32f1xx_hal_tim_ex.c ****     tmpsmcr = htim->Instance->SMCR & TIM_SMCR_SMS;
 1445              		.loc 1 649 19 is_stmt 1
 1446 00f0 7B68     		ldr	r3, [r7, #4]
 1447 00f2 1B68     		ldr	r3, [r3]
 1448              		.loc 1 649 29
 1449 00f4 9B68     		ldr	r3, [r3, #8]
 1450              		.loc 1 649 13
 1451 00f6 03F00703 		and	r3, r3, #7
 1452 00fa FB60     		str	r3, [r7, #12]
 650:Drivers/STM32F1xx_HAL_Driver/Src/stm32f1xx_hal_tim_ex.c ****     if (!IS_TIM_SLAVEMODE_TRIGGER_ENABLED(tmpsmcr))
 1453              		.loc 1 650 8
 1454 00fc FB68     		ldr	r3, [r7, #12]
 1455 00fe 062B     		cmp	r3, #6
 1456 0100 10D0     		beq	.L73
 651:Drivers/STM32F1xx_HAL_Driver/Src/stm32f1xx_hal_tim_ex.c ****     {
 652:Drivers/STM32F1xx_HAL_Driver/Src/stm32f1xx_hal_tim_ex.c ****       __HAL_TIM_ENABLE(htim);
 1457              		.loc 1 652 7
 1458 0102 7B68     		ldr	r3, [r7, #4]
 1459 0104 1B68     		ldr	r3, [r3]
 1460 0106 1A68     		ldr	r2, [r3]
 1461 0108 7B68     		ldr	r3, [r7, #4]
 1462 010a 1B68     		ldr	r3, [r3]
 1463 010c 42F00102 		orr	r2, r2, #1
 1464 0110 1A60     		str	r2, [r3]
 650:Drivers/STM32F1xx_HAL_Driver/Src/stm32f1xx_hal_tim_ex.c ****     if (!IS_TIM_SLAVEMODE_TRIGGER_ENABLED(tmpsmcr))
 1465              		.loc 1 650 8
 1466 0112 07E0     		b	.L73
 1467              	.L71:
 653:Drivers/STM32F1xx_HAL_Driver/Src/stm32f1xx_hal_tim_ex.c ****     }
 654:Drivers/STM32F1xx_HAL_Driver/Src/stm32f1xx_hal_tim_ex.c ****   }
 655:Drivers/STM32F1xx_HAL_Driver/Src/stm32f1xx_hal_tim_ex.c ****   else
 656:Drivers/STM32F1xx_HAL_Driver/Src/stm32f1xx_hal_tim_ex.c ****   {
 657:Drivers/STM32F1xx_HAL_Driver/Src/stm32f1xx_hal_tim_ex.c ****     __HAL_TIM_ENABLE(htim);
ARM GAS  /tmp/ccydCXE5.s 			page 38


 1468              		.loc 1 657 5
 1469 0114 7B68     		ldr	r3, [r7, #4]
 1470 0116 1B68     		ldr	r3, [r3]
 1471 0118 1A68     		ldr	r2, [r3]
 1472 011a 7B68     		ldr	r3, [r7, #4]
 1473 011c 1B68     		ldr	r3, [r3]
 1474 011e 42F00102 		orr	r2, r2, #1
 1475 0122 1A60     		str	r2, [r3]
 1476              	.L73:
 658:Drivers/STM32F1xx_HAL_Driver/Src/stm32f1xx_hal_tim_ex.c ****   }
 659:Drivers/STM32F1xx_HAL_Driver/Src/stm32f1xx_hal_tim_ex.c **** 
 660:Drivers/STM32F1xx_HAL_Driver/Src/stm32f1xx_hal_tim_ex.c ****   /* Return function status */
 661:Drivers/STM32F1xx_HAL_Driver/Src/stm32f1xx_hal_tim_ex.c ****   return HAL_OK;
 1477              		.loc 1 661 10
 1478 0124 0023     		movs	r3, #0
 1479              	.L63:
 662:Drivers/STM32F1xx_HAL_Driver/Src/stm32f1xx_hal_tim_ex.c **** }
 1480              		.loc 1 662 1
 1481 0126 1846     		mov	r0, r3
 1482 0128 1037     		adds	r7, r7, #16
 1483              	.LCFI55:
 1484              		.cfi_def_cfa_offset 8
 1485 012a BD46     		mov	sp, r7
 1486              	.LCFI56:
 1487              		.cfi_def_cfa_register 13
 1488              		@ sp needed
 1489 012c 80BD     		pop	{r7, pc}
 1490              	.L75:
 1491 012e 00BF     		.align	2
 1492              	.L74:
 1493 0130 002C0140 		.word	1073818624
 1494 0134 00040040 		.word	1073742848
 1495 0138 00080040 		.word	1073743872
 1496              		.cfi_endproc
 1497              	.LFE75:
 1499              		.section	.text.HAL_TIMEx_OCN_Stop,"ax",%progbits
 1500              		.align	1
 1501              		.global	HAL_TIMEx_OCN_Stop
 1502              		.syntax unified
 1503              		.thumb
 1504              		.thumb_func
 1506              	HAL_TIMEx_OCN_Stop:
 1507              	.LFB76:
 663:Drivers/STM32F1xx_HAL_Driver/Src/stm32f1xx_hal_tim_ex.c **** 
 664:Drivers/STM32F1xx_HAL_Driver/Src/stm32f1xx_hal_tim_ex.c **** /**
 665:Drivers/STM32F1xx_HAL_Driver/Src/stm32f1xx_hal_tim_ex.c ****   * @brief  Stops the TIM Output Compare signal generation on the complementary
 666:Drivers/STM32F1xx_HAL_Driver/Src/stm32f1xx_hal_tim_ex.c ****   *         output.
 667:Drivers/STM32F1xx_HAL_Driver/Src/stm32f1xx_hal_tim_ex.c ****   * @param  htim TIM handle
 668:Drivers/STM32F1xx_HAL_Driver/Src/stm32f1xx_hal_tim_ex.c ****   * @param  Channel TIM Channel to be disabled
 669:Drivers/STM32F1xx_HAL_Driver/Src/stm32f1xx_hal_tim_ex.c ****   *          This parameter can be one of the following values:
 670:Drivers/STM32F1xx_HAL_Driver/Src/stm32f1xx_hal_tim_ex.c ****   *            @arg TIM_CHANNEL_1: TIM Channel 1 selected
 671:Drivers/STM32F1xx_HAL_Driver/Src/stm32f1xx_hal_tim_ex.c ****   *            @arg TIM_CHANNEL_2: TIM Channel 2 selected
 672:Drivers/STM32F1xx_HAL_Driver/Src/stm32f1xx_hal_tim_ex.c ****   *            @arg TIM_CHANNEL_3: TIM Channel 3 selected
 673:Drivers/STM32F1xx_HAL_Driver/Src/stm32f1xx_hal_tim_ex.c ****   * @retval HAL status
 674:Drivers/STM32F1xx_HAL_Driver/Src/stm32f1xx_hal_tim_ex.c ****   */
 675:Drivers/STM32F1xx_HAL_Driver/Src/stm32f1xx_hal_tim_ex.c **** HAL_StatusTypeDef HAL_TIMEx_OCN_Stop(TIM_HandleTypeDef *htim, uint32_t Channel)
 676:Drivers/STM32F1xx_HAL_Driver/Src/stm32f1xx_hal_tim_ex.c **** {
ARM GAS  /tmp/ccydCXE5.s 			page 39


 1508              		.loc 1 676 1
 1509              		.cfi_startproc
 1510              		@ args = 0, pretend = 0, frame = 8
 1511              		@ frame_needed = 1, uses_anonymous_args = 0
 1512 0000 80B5     		push	{r7, lr}
 1513              	.LCFI57:
 1514              		.cfi_def_cfa_offset 8
 1515              		.cfi_offset 7, -8
 1516              		.cfi_offset 14, -4
 1517 0002 82B0     		sub	sp, sp, #8
 1518              	.LCFI58:
 1519              		.cfi_def_cfa_offset 16
 1520 0004 00AF     		add	r7, sp, #0
 1521              	.LCFI59:
 1522              		.cfi_def_cfa_register 7
 1523 0006 7860     		str	r0, [r7, #4]
 1524 0008 3960     		str	r1, [r7]
 677:Drivers/STM32F1xx_HAL_Driver/Src/stm32f1xx_hal_tim_ex.c ****   /* Check the parameters */
 678:Drivers/STM32F1xx_HAL_Driver/Src/stm32f1xx_hal_tim_ex.c ****   assert_param(IS_TIM_CCXN_INSTANCE(htim->Instance, Channel));
 679:Drivers/STM32F1xx_HAL_Driver/Src/stm32f1xx_hal_tim_ex.c **** 
 680:Drivers/STM32F1xx_HAL_Driver/Src/stm32f1xx_hal_tim_ex.c ****   /* Disable the Capture compare channel N */
 681:Drivers/STM32F1xx_HAL_Driver/Src/stm32f1xx_hal_tim_ex.c ****   TIM_CCxNChannelCmd(htim->Instance, Channel, TIM_CCxN_DISABLE);
 1525              		.loc 1 681 3
 1526 000a 7B68     		ldr	r3, [r7, #4]
 1527 000c 1B68     		ldr	r3, [r3]
 1528 000e 0022     		movs	r2, #0
 1529 0010 3968     		ldr	r1, [r7]
 1530 0012 1846     		mov	r0, r3
 1531 0014 FFF7FEFF 		bl	TIM_CCxNChannelCmd
 682:Drivers/STM32F1xx_HAL_Driver/Src/stm32f1xx_hal_tim_ex.c **** 
 683:Drivers/STM32F1xx_HAL_Driver/Src/stm32f1xx_hal_tim_ex.c ****   /* Disable the Main Output */
 684:Drivers/STM32F1xx_HAL_Driver/Src/stm32f1xx_hal_tim_ex.c ****   __HAL_TIM_MOE_DISABLE(htim);
 1532              		.loc 1 684 3
 1533 0018 7B68     		ldr	r3, [r7, #4]
 1534 001a 1B68     		ldr	r3, [r3]
 1535 001c 1A6A     		ldr	r2, [r3, #32]
 1536 001e 41F21113 		movw	r3, #4369
 1537 0022 1340     		ands	r3, r3, r2
 1538 0024 002B     		cmp	r3, #0
 1539 0026 0FD1     		bne	.L77
 1540              		.loc 1 684 3 is_stmt 0 discriminator 1
 1541 0028 7B68     		ldr	r3, [r7, #4]
 1542 002a 1B68     		ldr	r3, [r3]
 1543 002c 1A6A     		ldr	r2, [r3, #32]
 1544 002e 40F24443 		movw	r3, #1092
 1545 0032 1340     		ands	r3, r3, r2
 1546 0034 002B     		cmp	r3, #0
 1547 0036 07D1     		bne	.L77
 1548              		.loc 1 684 3 discriminator 2
 1549 0038 7B68     		ldr	r3, [r7, #4]
 1550 003a 1B68     		ldr	r3, [r3]
 1551 003c 5A6C     		ldr	r2, [r3, #68]
 1552 003e 7B68     		ldr	r3, [r7, #4]
 1553 0040 1B68     		ldr	r3, [r3]
 1554 0042 22F40042 		bic	r2, r2, #32768
 1555 0046 5A64     		str	r2, [r3, #68]
 1556              	.L77:
ARM GAS  /tmp/ccydCXE5.s 			page 40


 685:Drivers/STM32F1xx_HAL_Driver/Src/stm32f1xx_hal_tim_ex.c **** 
 686:Drivers/STM32F1xx_HAL_Driver/Src/stm32f1xx_hal_tim_ex.c ****   /* Disable the Peripheral */
 687:Drivers/STM32F1xx_HAL_Driver/Src/stm32f1xx_hal_tim_ex.c ****   __HAL_TIM_DISABLE(htim);
 1557              		.loc 1 687 3 is_stmt 1
 1558 0048 7B68     		ldr	r3, [r7, #4]
 1559 004a 1B68     		ldr	r3, [r3]
 1560 004c 1A6A     		ldr	r2, [r3, #32]
 1561 004e 41F21113 		movw	r3, #4369
 1562 0052 1340     		ands	r3, r3, r2
 1563 0054 002B     		cmp	r3, #0
 1564 0056 0FD1     		bne	.L78
 1565              		.loc 1 687 3 is_stmt 0 discriminator 1
 1566 0058 7B68     		ldr	r3, [r7, #4]
 1567 005a 1B68     		ldr	r3, [r3]
 1568 005c 1A6A     		ldr	r2, [r3, #32]
 1569 005e 40F24443 		movw	r3, #1092
 1570 0062 1340     		ands	r3, r3, r2
 1571 0064 002B     		cmp	r3, #0
 1572 0066 07D1     		bne	.L78
 1573              		.loc 1 687 3 discriminator 2
 1574 0068 7B68     		ldr	r3, [r7, #4]
 1575 006a 1B68     		ldr	r3, [r3]
 1576 006c 1A68     		ldr	r2, [r3]
 1577 006e 7B68     		ldr	r3, [r7, #4]
 1578 0070 1B68     		ldr	r3, [r3]
 1579 0072 22F00102 		bic	r2, r2, #1
 1580 0076 1A60     		str	r2, [r3]
 1581              	.L78:
 688:Drivers/STM32F1xx_HAL_Driver/Src/stm32f1xx_hal_tim_ex.c **** 
 689:Drivers/STM32F1xx_HAL_Driver/Src/stm32f1xx_hal_tim_ex.c ****   /* Set the TIM complementary channel state */
 690:Drivers/STM32F1xx_HAL_Driver/Src/stm32f1xx_hal_tim_ex.c ****   TIM_CHANNEL_N_STATE_SET(htim, Channel, HAL_TIM_CHANNEL_STATE_READY);
 1582              		.loc 1 690 3 is_stmt 1
 1583 0078 3B68     		ldr	r3, [r7]
 1584 007a 002B     		cmp	r3, #0
 1585 007c 04D1     		bne	.L79
 1586              		.loc 1 690 3 is_stmt 0 discriminator 1
 1587 007e 7B68     		ldr	r3, [r7, #4]
 1588 0080 0122     		movs	r2, #1
 1589 0082 83F84220 		strb	r2, [r3, #66]
 1590 0086 13E0     		b	.L80
 1591              	.L79:
 1592              		.loc 1 690 3 discriminator 2
 1593 0088 3B68     		ldr	r3, [r7]
 1594 008a 042B     		cmp	r3, #4
 1595 008c 04D1     		bne	.L81
 1596              		.loc 1 690 3 discriminator 3
 1597 008e 7B68     		ldr	r3, [r7, #4]
 1598 0090 0122     		movs	r2, #1
 1599 0092 83F84320 		strb	r2, [r3, #67]
 1600 0096 0BE0     		b	.L80
 1601              	.L81:
 1602              		.loc 1 690 3 discriminator 4
 1603 0098 3B68     		ldr	r3, [r7]
 1604 009a 082B     		cmp	r3, #8
 1605 009c 04D1     		bne	.L83
 1606              		.loc 1 690 3 discriminator 6
 1607 009e 7B68     		ldr	r3, [r7, #4]
ARM GAS  /tmp/ccydCXE5.s 			page 41


 1608 00a0 0122     		movs	r2, #1
 1609 00a2 83F84420 		strb	r2, [r3, #68]
 1610 00a6 03E0     		b	.L80
 1611              	.L83:
 1612              		.loc 1 690 3 discriminator 7
 1613 00a8 7B68     		ldr	r3, [r7, #4]
 1614 00aa 0122     		movs	r2, #1
 1615 00ac 83F84520 		strb	r2, [r3, #69]
 1616              	.L80:
 691:Drivers/STM32F1xx_HAL_Driver/Src/stm32f1xx_hal_tim_ex.c **** 
 692:Drivers/STM32F1xx_HAL_Driver/Src/stm32f1xx_hal_tim_ex.c ****   /* Return function status */
 693:Drivers/STM32F1xx_HAL_Driver/Src/stm32f1xx_hal_tim_ex.c ****   return HAL_OK;
 1617              		.loc 1 693 10 is_stmt 1
 1618 00b0 0023     		movs	r3, #0
 694:Drivers/STM32F1xx_HAL_Driver/Src/stm32f1xx_hal_tim_ex.c **** }
 1619              		.loc 1 694 1
 1620 00b2 1846     		mov	r0, r3
 1621 00b4 0837     		adds	r7, r7, #8
 1622              	.LCFI60:
 1623              		.cfi_def_cfa_offset 8
 1624 00b6 BD46     		mov	sp, r7
 1625              	.LCFI61:
 1626              		.cfi_def_cfa_register 13
 1627              		@ sp needed
 1628 00b8 80BD     		pop	{r7, pc}
 1629              		.cfi_endproc
 1630              	.LFE76:
 1632              		.section	.text.HAL_TIMEx_OCN_Start_IT,"ax",%progbits
 1633              		.align	1
 1634              		.global	HAL_TIMEx_OCN_Start_IT
 1635              		.syntax unified
 1636              		.thumb
 1637              		.thumb_func
 1639              	HAL_TIMEx_OCN_Start_IT:
 1640              	.LFB77:
 695:Drivers/STM32F1xx_HAL_Driver/Src/stm32f1xx_hal_tim_ex.c **** 
 696:Drivers/STM32F1xx_HAL_Driver/Src/stm32f1xx_hal_tim_ex.c **** /**
 697:Drivers/STM32F1xx_HAL_Driver/Src/stm32f1xx_hal_tim_ex.c ****   * @brief  Starts the TIM Output Compare signal generation in interrupt mode
 698:Drivers/STM32F1xx_HAL_Driver/Src/stm32f1xx_hal_tim_ex.c ****   *         on the complementary output.
 699:Drivers/STM32F1xx_HAL_Driver/Src/stm32f1xx_hal_tim_ex.c ****   * @param  htim TIM OC handle
 700:Drivers/STM32F1xx_HAL_Driver/Src/stm32f1xx_hal_tim_ex.c ****   * @param  Channel TIM Channel to be enabled
 701:Drivers/STM32F1xx_HAL_Driver/Src/stm32f1xx_hal_tim_ex.c ****   *          This parameter can be one of the following values:
 702:Drivers/STM32F1xx_HAL_Driver/Src/stm32f1xx_hal_tim_ex.c ****   *            @arg TIM_CHANNEL_1: TIM Channel 1 selected
 703:Drivers/STM32F1xx_HAL_Driver/Src/stm32f1xx_hal_tim_ex.c ****   *            @arg TIM_CHANNEL_2: TIM Channel 2 selected
 704:Drivers/STM32F1xx_HAL_Driver/Src/stm32f1xx_hal_tim_ex.c ****   *            @arg TIM_CHANNEL_3: TIM Channel 3 selected
 705:Drivers/STM32F1xx_HAL_Driver/Src/stm32f1xx_hal_tim_ex.c ****   * @retval HAL status
 706:Drivers/STM32F1xx_HAL_Driver/Src/stm32f1xx_hal_tim_ex.c ****   */
 707:Drivers/STM32F1xx_HAL_Driver/Src/stm32f1xx_hal_tim_ex.c **** HAL_StatusTypeDef HAL_TIMEx_OCN_Start_IT(TIM_HandleTypeDef *htim, uint32_t Channel)
 708:Drivers/STM32F1xx_HAL_Driver/Src/stm32f1xx_hal_tim_ex.c **** {
 1641              		.loc 1 708 1
 1642              		.cfi_startproc
 1643              		@ args = 0, pretend = 0, frame = 16
 1644              		@ frame_needed = 1, uses_anonymous_args = 0
 1645 0000 80B5     		push	{r7, lr}
 1646              	.LCFI62:
 1647              		.cfi_def_cfa_offset 8
 1648              		.cfi_offset 7, -8
ARM GAS  /tmp/ccydCXE5.s 			page 42


 1649              		.cfi_offset 14, -4
 1650 0002 84B0     		sub	sp, sp, #16
 1651              	.LCFI63:
 1652              		.cfi_def_cfa_offset 24
 1653 0004 00AF     		add	r7, sp, #0
 1654              	.LCFI64:
 1655              		.cfi_def_cfa_register 7
 1656 0006 7860     		str	r0, [r7, #4]
 1657 0008 3960     		str	r1, [r7]
 709:Drivers/STM32F1xx_HAL_Driver/Src/stm32f1xx_hal_tim_ex.c ****   uint32_t tmpsmcr;
 710:Drivers/STM32F1xx_HAL_Driver/Src/stm32f1xx_hal_tim_ex.c **** 
 711:Drivers/STM32F1xx_HAL_Driver/Src/stm32f1xx_hal_tim_ex.c ****   /* Check the parameters */
 712:Drivers/STM32F1xx_HAL_Driver/Src/stm32f1xx_hal_tim_ex.c ****   assert_param(IS_TIM_CCXN_INSTANCE(htim->Instance, Channel));
 713:Drivers/STM32F1xx_HAL_Driver/Src/stm32f1xx_hal_tim_ex.c **** 
 714:Drivers/STM32F1xx_HAL_Driver/Src/stm32f1xx_hal_tim_ex.c ****   /* Check the TIM complementary channel state */
 715:Drivers/STM32F1xx_HAL_Driver/Src/stm32f1xx_hal_tim_ex.c ****   if (TIM_CHANNEL_N_STATE_GET(htim, Channel) != HAL_TIM_CHANNEL_STATE_READY)
 1658              		.loc 1 715 46
 1659 000a 3B68     		ldr	r3, [r7]
 1660 000c 002B     		cmp	r3, #0
 1661 000e 09D1     		bne	.L87
 1662              		.loc 1 715 7 discriminator 1
 1663 0010 7B68     		ldr	r3, [r7, #4]
 1664 0012 93F84230 		ldrb	r3, [r3, #66]
 1665 0016 DBB2     		uxtb	r3, r3
 1666              		.loc 1 715 46 discriminator 1
 1667 0018 012B     		cmp	r3, #1
 1668 001a 14BF     		ite	ne
 1669 001c 0123     		movne	r3, #1
 1670 001e 0023     		moveq	r3, #0
 1671 0020 DBB2     		uxtb	r3, r3
 1672 0022 22E0     		b	.L88
 1673              	.L87:
 1674              		.loc 1 715 46 is_stmt 0 discriminator 2
 1675 0024 3B68     		ldr	r3, [r7]
 1676 0026 042B     		cmp	r3, #4
 1677 0028 09D1     		bne	.L89
 1678              		.loc 1 715 7 is_stmt 1 discriminator 4
 1679 002a 7B68     		ldr	r3, [r7, #4]
 1680 002c 93F84330 		ldrb	r3, [r3, #67]
 1681 0030 DBB2     		uxtb	r3, r3
 1682              		.loc 1 715 46 discriminator 4
 1683 0032 012B     		cmp	r3, #1
 1684 0034 14BF     		ite	ne
 1685 0036 0123     		movne	r3, #1
 1686 0038 0023     		moveq	r3, #0
 1687 003a DBB2     		uxtb	r3, r3
 1688 003c 15E0     		b	.L88
 1689              	.L89:
 1690              		.loc 1 715 46 is_stmt 0 discriminator 5
 1691 003e 3B68     		ldr	r3, [r7]
 1692 0040 082B     		cmp	r3, #8
 1693 0042 09D1     		bne	.L91
 1694              		.loc 1 715 7 is_stmt 1 discriminator 7
 1695 0044 7B68     		ldr	r3, [r7, #4]
 1696 0046 93F84430 		ldrb	r3, [r3, #68]
 1697 004a DBB2     		uxtb	r3, r3
 1698              		.loc 1 715 46 discriminator 7
ARM GAS  /tmp/ccydCXE5.s 			page 43


 1699 004c 012B     		cmp	r3, #1
 1700 004e 14BF     		ite	ne
 1701 0050 0123     		movne	r3, #1
 1702 0052 0023     		moveq	r3, #0
 1703 0054 DBB2     		uxtb	r3, r3
 1704 0056 08E0     		b	.L88
 1705              	.L91:
 1706              		.loc 1 715 7 discriminator 8
 1707 0058 7B68     		ldr	r3, [r7, #4]
 1708 005a 93F84530 		ldrb	r3, [r3, #69]
 1709 005e DBB2     		uxtb	r3, r3
 1710              		.loc 1 715 46 discriminator 8
 1711 0060 012B     		cmp	r3, #1
 1712 0062 14BF     		ite	ne
 1713 0064 0123     		movne	r3, #1
 1714 0066 0023     		moveq	r3, #0
 1715 0068 DBB2     		uxtb	r3, r3
 1716              	.L88:
 1717              		.loc 1 715 6 discriminator 12
 1718 006a 002B     		cmp	r3, #0
 1719 006c 01D0     		beq	.L93
 716:Drivers/STM32F1xx_HAL_Driver/Src/stm32f1xx_hal_tim_ex.c ****   {
 717:Drivers/STM32F1xx_HAL_Driver/Src/stm32f1xx_hal_tim_ex.c ****     return HAL_ERROR;
 1720              		.loc 1 717 12
 1721 006e 0123     		movs	r3, #1
 1722 0070 8AE0     		b	.L94
 1723              	.L93:
 718:Drivers/STM32F1xx_HAL_Driver/Src/stm32f1xx_hal_tim_ex.c ****   }
 719:Drivers/STM32F1xx_HAL_Driver/Src/stm32f1xx_hal_tim_ex.c **** 
 720:Drivers/STM32F1xx_HAL_Driver/Src/stm32f1xx_hal_tim_ex.c ****   /* Set the TIM complementary channel state */
 721:Drivers/STM32F1xx_HAL_Driver/Src/stm32f1xx_hal_tim_ex.c ****   TIM_CHANNEL_N_STATE_SET(htim, Channel, HAL_TIM_CHANNEL_STATE_BUSY);
 1724              		.loc 1 721 3
 1725 0072 3B68     		ldr	r3, [r7]
 1726 0074 002B     		cmp	r3, #0
 1727 0076 04D1     		bne	.L95
 1728              		.loc 1 721 3 is_stmt 0 discriminator 1
 1729 0078 7B68     		ldr	r3, [r7, #4]
 1730 007a 0222     		movs	r2, #2
 1731 007c 83F84220 		strb	r2, [r3, #66]
 1732 0080 13E0     		b	.L96
 1733              	.L95:
 1734              		.loc 1 721 3 discriminator 2
 1735 0082 3B68     		ldr	r3, [r7]
 1736 0084 042B     		cmp	r3, #4
 1737 0086 04D1     		bne	.L97
 1738              		.loc 1 721 3 discriminator 3
 1739 0088 7B68     		ldr	r3, [r7, #4]
 1740 008a 0222     		movs	r2, #2
 1741 008c 83F84320 		strb	r2, [r3, #67]
 1742 0090 0BE0     		b	.L96
 1743              	.L97:
 1744              		.loc 1 721 3 discriminator 4
 1745 0092 3B68     		ldr	r3, [r7]
 1746 0094 082B     		cmp	r3, #8
 1747 0096 04D1     		bne	.L99
 1748              		.loc 1 721 3 discriminator 6
 1749 0098 7B68     		ldr	r3, [r7, #4]
ARM GAS  /tmp/ccydCXE5.s 			page 44


 1750 009a 0222     		movs	r2, #2
 1751 009c 83F84420 		strb	r2, [r3, #68]
 1752 00a0 03E0     		b	.L96
 1753              	.L99:
 1754              		.loc 1 721 3 discriminator 7
 1755 00a2 7B68     		ldr	r3, [r7, #4]
 1756 00a4 0222     		movs	r2, #2
 1757 00a6 83F84520 		strb	r2, [r3, #69]
 1758              	.L96:
 722:Drivers/STM32F1xx_HAL_Driver/Src/stm32f1xx_hal_tim_ex.c **** 
 723:Drivers/STM32F1xx_HAL_Driver/Src/stm32f1xx_hal_tim_ex.c ****   switch (Channel)
 1759              		.loc 1 723 3 is_stmt 1
 1760 00aa 3B68     		ldr	r3, [r7]
 1761 00ac 082B     		cmp	r3, #8
 1762 00ae 1BD0     		beq	.L101
 1763 00b0 3B68     		ldr	r3, [r7]
 1764 00b2 082B     		cmp	r3, #8
 1765 00b4 21D8     		bhi	.L110
 1766 00b6 3B68     		ldr	r3, [r7]
 1767 00b8 002B     		cmp	r3, #0
 1768 00ba 03D0     		beq	.L103
 1769 00bc 3B68     		ldr	r3, [r7]
 1770 00be 042B     		cmp	r3, #4
 1771 00c0 09D0     		beq	.L104
 724:Drivers/STM32F1xx_HAL_Driver/Src/stm32f1xx_hal_tim_ex.c ****   {
 725:Drivers/STM32F1xx_HAL_Driver/Src/stm32f1xx_hal_tim_ex.c ****     case TIM_CHANNEL_1:
 726:Drivers/STM32F1xx_HAL_Driver/Src/stm32f1xx_hal_tim_ex.c ****     {
 727:Drivers/STM32F1xx_HAL_Driver/Src/stm32f1xx_hal_tim_ex.c ****       /* Enable the TIM Output Compare interrupt */
 728:Drivers/STM32F1xx_HAL_Driver/Src/stm32f1xx_hal_tim_ex.c ****       __HAL_TIM_ENABLE_IT(htim, TIM_IT_CC1);
 729:Drivers/STM32F1xx_HAL_Driver/Src/stm32f1xx_hal_tim_ex.c ****       break;
 730:Drivers/STM32F1xx_HAL_Driver/Src/stm32f1xx_hal_tim_ex.c ****     }
 731:Drivers/STM32F1xx_HAL_Driver/Src/stm32f1xx_hal_tim_ex.c **** 
 732:Drivers/STM32F1xx_HAL_Driver/Src/stm32f1xx_hal_tim_ex.c ****     case TIM_CHANNEL_2:
 733:Drivers/STM32F1xx_HAL_Driver/Src/stm32f1xx_hal_tim_ex.c ****     {
 734:Drivers/STM32F1xx_HAL_Driver/Src/stm32f1xx_hal_tim_ex.c ****       /* Enable the TIM Output Compare interrupt */
 735:Drivers/STM32F1xx_HAL_Driver/Src/stm32f1xx_hal_tim_ex.c ****       __HAL_TIM_ENABLE_IT(htim, TIM_IT_CC2);
 736:Drivers/STM32F1xx_HAL_Driver/Src/stm32f1xx_hal_tim_ex.c ****       break;
 737:Drivers/STM32F1xx_HAL_Driver/Src/stm32f1xx_hal_tim_ex.c ****     }
 738:Drivers/STM32F1xx_HAL_Driver/Src/stm32f1xx_hal_tim_ex.c **** 
 739:Drivers/STM32F1xx_HAL_Driver/Src/stm32f1xx_hal_tim_ex.c ****     case TIM_CHANNEL_3:
 740:Drivers/STM32F1xx_HAL_Driver/Src/stm32f1xx_hal_tim_ex.c ****     {
 741:Drivers/STM32F1xx_HAL_Driver/Src/stm32f1xx_hal_tim_ex.c ****       /* Enable the TIM Output Compare interrupt */
 742:Drivers/STM32F1xx_HAL_Driver/Src/stm32f1xx_hal_tim_ex.c ****       __HAL_TIM_ENABLE_IT(htim, TIM_IT_CC3);
 743:Drivers/STM32F1xx_HAL_Driver/Src/stm32f1xx_hal_tim_ex.c ****       break;
 744:Drivers/STM32F1xx_HAL_Driver/Src/stm32f1xx_hal_tim_ex.c ****     }
 745:Drivers/STM32F1xx_HAL_Driver/Src/stm32f1xx_hal_tim_ex.c **** 
 746:Drivers/STM32F1xx_HAL_Driver/Src/stm32f1xx_hal_tim_ex.c **** 
 747:Drivers/STM32F1xx_HAL_Driver/Src/stm32f1xx_hal_tim_ex.c ****     default:
 748:Drivers/STM32F1xx_HAL_Driver/Src/stm32f1xx_hal_tim_ex.c ****       break;
 1772              		.loc 1 748 7
 1773 00c2 1AE0     		b	.L110
 1774              	.L103:
 728:Drivers/STM32F1xx_HAL_Driver/Src/stm32f1xx_hal_tim_ex.c ****       break;
 1775              		.loc 1 728 7
 1776 00c4 7B68     		ldr	r3, [r7, #4]
 1777 00c6 1B68     		ldr	r3, [r3]
 1778 00c8 DA68     		ldr	r2, [r3, #12]
ARM GAS  /tmp/ccydCXE5.s 			page 45


 1779 00ca 7B68     		ldr	r3, [r7, #4]
 1780 00cc 1B68     		ldr	r3, [r3]
 1781 00ce 42F00202 		orr	r2, r2, #2
 1782 00d2 DA60     		str	r2, [r3, #12]
 729:Drivers/STM32F1xx_HAL_Driver/Src/stm32f1xx_hal_tim_ex.c ****     }
 1783              		.loc 1 729 7
 1784 00d4 12E0     		b	.L105
 1785              	.L104:
 735:Drivers/STM32F1xx_HAL_Driver/Src/stm32f1xx_hal_tim_ex.c ****       break;
 1786              		.loc 1 735 7
 1787 00d6 7B68     		ldr	r3, [r7, #4]
 1788 00d8 1B68     		ldr	r3, [r3]
 1789 00da DA68     		ldr	r2, [r3, #12]
 1790 00dc 7B68     		ldr	r3, [r7, #4]
 1791 00de 1B68     		ldr	r3, [r3]
 1792 00e0 42F00402 		orr	r2, r2, #4
 1793 00e4 DA60     		str	r2, [r3, #12]
 736:Drivers/STM32F1xx_HAL_Driver/Src/stm32f1xx_hal_tim_ex.c ****     }
 1794              		.loc 1 736 7
 1795 00e6 09E0     		b	.L105
 1796              	.L101:
 742:Drivers/STM32F1xx_HAL_Driver/Src/stm32f1xx_hal_tim_ex.c ****       break;
 1797              		.loc 1 742 7
 1798 00e8 7B68     		ldr	r3, [r7, #4]
 1799 00ea 1B68     		ldr	r3, [r3]
 1800 00ec DA68     		ldr	r2, [r3, #12]
 1801 00ee 7B68     		ldr	r3, [r7, #4]
 1802 00f0 1B68     		ldr	r3, [r3]
 1803 00f2 42F00802 		orr	r2, r2, #8
 1804 00f6 DA60     		str	r2, [r3, #12]
 743:Drivers/STM32F1xx_HAL_Driver/Src/stm32f1xx_hal_tim_ex.c ****     }
 1805              		.loc 1 743 7
 1806 00f8 00E0     		b	.L105
 1807              	.L110:
 1808              		.loc 1 748 7
 1809 00fa 00BF     		nop
 1810              	.L105:
 749:Drivers/STM32F1xx_HAL_Driver/Src/stm32f1xx_hal_tim_ex.c ****   }
 750:Drivers/STM32F1xx_HAL_Driver/Src/stm32f1xx_hal_tim_ex.c **** 
 751:Drivers/STM32F1xx_HAL_Driver/Src/stm32f1xx_hal_tim_ex.c ****   /* Enable the TIM Break interrupt */
 752:Drivers/STM32F1xx_HAL_Driver/Src/stm32f1xx_hal_tim_ex.c ****   __HAL_TIM_ENABLE_IT(htim, TIM_IT_BREAK);
 1811              		.loc 1 752 3
 1812 00fc 7B68     		ldr	r3, [r7, #4]
 1813 00fe 1B68     		ldr	r3, [r3]
 1814 0100 DA68     		ldr	r2, [r3, #12]
 1815 0102 7B68     		ldr	r3, [r7, #4]
 1816 0104 1B68     		ldr	r3, [r3]
 1817 0106 42F08002 		orr	r2, r2, #128
 1818 010a DA60     		str	r2, [r3, #12]
 753:Drivers/STM32F1xx_HAL_Driver/Src/stm32f1xx_hal_tim_ex.c **** 
 754:Drivers/STM32F1xx_HAL_Driver/Src/stm32f1xx_hal_tim_ex.c ****   /* Enable the Capture compare channel N */
 755:Drivers/STM32F1xx_HAL_Driver/Src/stm32f1xx_hal_tim_ex.c ****   TIM_CCxNChannelCmd(htim->Instance, Channel, TIM_CCxN_ENABLE);
 1819              		.loc 1 755 3
 1820 010c 7B68     		ldr	r3, [r7, #4]
 1821 010e 1B68     		ldr	r3, [r3]
 1822 0110 0422     		movs	r2, #4
 1823 0112 3968     		ldr	r1, [r7]
ARM GAS  /tmp/ccydCXE5.s 			page 46


 1824 0114 1846     		mov	r0, r3
 1825 0116 FFF7FEFF 		bl	TIM_CCxNChannelCmd
 756:Drivers/STM32F1xx_HAL_Driver/Src/stm32f1xx_hal_tim_ex.c **** 
 757:Drivers/STM32F1xx_HAL_Driver/Src/stm32f1xx_hal_tim_ex.c ****   /* Enable the Main Output */
 758:Drivers/STM32F1xx_HAL_Driver/Src/stm32f1xx_hal_tim_ex.c ****   __HAL_TIM_MOE_ENABLE(htim);
 1826              		.loc 1 758 3
 1827 011a 7B68     		ldr	r3, [r7, #4]
 1828 011c 1B68     		ldr	r3, [r3]
 1829 011e 5A6C     		ldr	r2, [r3, #68]
 1830 0120 7B68     		ldr	r3, [r7, #4]
 1831 0122 1B68     		ldr	r3, [r3]
 1832 0124 42F40042 		orr	r2, r2, #32768
 1833 0128 5A64     		str	r2, [r3, #68]
 759:Drivers/STM32F1xx_HAL_Driver/Src/stm32f1xx_hal_tim_ex.c **** 
 760:Drivers/STM32F1xx_HAL_Driver/Src/stm32f1xx_hal_tim_ex.c ****   /* Enable the Peripheral, except in trigger mode where enable is automatically done with trigger 
 761:Drivers/STM32F1xx_HAL_Driver/Src/stm32f1xx_hal_tim_ex.c ****   if (IS_TIM_SLAVE_INSTANCE(htim->Instance))
 1834              		.loc 1 761 7
 1835 012a 7B68     		ldr	r3, [r7, #4]
 1836 012c 1B68     		ldr	r3, [r3]
 1837              		.loc 1 761 6
 1838 012e 184A     		ldr	r2, .L111
 1839 0130 9342     		cmp	r3, r2
 1840 0132 0ED0     		beq	.L106
 1841              		.loc 1 761 7 discriminator 1
 1842 0134 7B68     		ldr	r3, [r7, #4]
 1843 0136 1B68     		ldr	r3, [r3]
 1844 0138 B3F1804F 		cmp	r3, #1073741824
 1845 013c 09D0     		beq	.L106
 1846              		.loc 1 761 7 is_stmt 0 discriminator 2
 1847 013e 7B68     		ldr	r3, [r7, #4]
 1848 0140 1B68     		ldr	r3, [r3]
 1849 0142 144A     		ldr	r2, .L111+4
 1850 0144 9342     		cmp	r3, r2
 1851 0146 04D0     		beq	.L106
 1852              		.loc 1 761 7 discriminator 3
 1853 0148 7B68     		ldr	r3, [r7, #4]
 1854 014a 1B68     		ldr	r3, [r3]
 1855 014c 124A     		ldr	r2, .L111+8
 1856 014e 9342     		cmp	r3, r2
 1857 0150 11D1     		bne	.L107
 1858              	.L106:
 762:Drivers/STM32F1xx_HAL_Driver/Src/stm32f1xx_hal_tim_ex.c ****   {
 763:Drivers/STM32F1xx_HAL_Driver/Src/stm32f1xx_hal_tim_ex.c ****     tmpsmcr = htim->Instance->SMCR & TIM_SMCR_SMS;
 1859              		.loc 1 763 19 is_stmt 1
 1860 0152 7B68     		ldr	r3, [r7, #4]
 1861 0154 1B68     		ldr	r3, [r3]
 1862              		.loc 1 763 29
 1863 0156 9B68     		ldr	r3, [r3, #8]
 1864              		.loc 1 763 13
 1865 0158 03F00703 		and	r3, r3, #7
 1866 015c FB60     		str	r3, [r7, #12]
 764:Drivers/STM32F1xx_HAL_Driver/Src/stm32f1xx_hal_tim_ex.c ****     if (!IS_TIM_SLAVEMODE_TRIGGER_ENABLED(tmpsmcr))
 1867              		.loc 1 764 8
 1868 015e FB68     		ldr	r3, [r7, #12]
 1869 0160 062B     		cmp	r3, #6
 1870 0162 10D0     		beq	.L109
 765:Drivers/STM32F1xx_HAL_Driver/Src/stm32f1xx_hal_tim_ex.c ****     {
ARM GAS  /tmp/ccydCXE5.s 			page 47


 766:Drivers/STM32F1xx_HAL_Driver/Src/stm32f1xx_hal_tim_ex.c ****       __HAL_TIM_ENABLE(htim);
 1871              		.loc 1 766 7
 1872 0164 7B68     		ldr	r3, [r7, #4]
 1873 0166 1B68     		ldr	r3, [r3]
 1874 0168 1A68     		ldr	r2, [r3]
 1875 016a 7B68     		ldr	r3, [r7, #4]
 1876 016c 1B68     		ldr	r3, [r3]
 1877 016e 42F00102 		orr	r2, r2, #1
 1878 0172 1A60     		str	r2, [r3]
 764:Drivers/STM32F1xx_HAL_Driver/Src/stm32f1xx_hal_tim_ex.c ****     if (!IS_TIM_SLAVEMODE_TRIGGER_ENABLED(tmpsmcr))
 1879              		.loc 1 764 8
 1880 0174 07E0     		b	.L109
 1881              	.L107:
 767:Drivers/STM32F1xx_HAL_Driver/Src/stm32f1xx_hal_tim_ex.c ****     }
 768:Drivers/STM32F1xx_HAL_Driver/Src/stm32f1xx_hal_tim_ex.c ****   }
 769:Drivers/STM32F1xx_HAL_Driver/Src/stm32f1xx_hal_tim_ex.c ****   else
 770:Drivers/STM32F1xx_HAL_Driver/Src/stm32f1xx_hal_tim_ex.c ****   {
 771:Drivers/STM32F1xx_HAL_Driver/Src/stm32f1xx_hal_tim_ex.c ****     __HAL_TIM_ENABLE(htim);
 1882              		.loc 1 771 5
 1883 0176 7B68     		ldr	r3, [r7, #4]
 1884 0178 1B68     		ldr	r3, [r3]
 1885 017a 1A68     		ldr	r2, [r3]
 1886 017c 7B68     		ldr	r3, [r7, #4]
 1887 017e 1B68     		ldr	r3, [r3]
 1888 0180 42F00102 		orr	r2, r2, #1
 1889 0184 1A60     		str	r2, [r3]
 1890              	.L109:
 772:Drivers/STM32F1xx_HAL_Driver/Src/stm32f1xx_hal_tim_ex.c ****   }
 773:Drivers/STM32F1xx_HAL_Driver/Src/stm32f1xx_hal_tim_ex.c **** 
 774:Drivers/STM32F1xx_HAL_Driver/Src/stm32f1xx_hal_tim_ex.c ****   /* Return function status */
 775:Drivers/STM32F1xx_HAL_Driver/Src/stm32f1xx_hal_tim_ex.c ****   return HAL_OK;
 1891              		.loc 1 775 10
 1892 0186 0023     		movs	r3, #0
 1893              	.L94:
 776:Drivers/STM32F1xx_HAL_Driver/Src/stm32f1xx_hal_tim_ex.c **** }
 1894              		.loc 1 776 1
 1895 0188 1846     		mov	r0, r3
 1896 018a 1037     		adds	r7, r7, #16
 1897              	.LCFI65:
 1898              		.cfi_def_cfa_offset 8
 1899 018c BD46     		mov	sp, r7
 1900              	.LCFI66:
 1901              		.cfi_def_cfa_register 13
 1902              		@ sp needed
 1903 018e 80BD     		pop	{r7, pc}
 1904              	.L112:
 1905              		.align	2
 1906              	.L111:
 1907 0190 002C0140 		.word	1073818624
 1908 0194 00040040 		.word	1073742848
 1909 0198 00080040 		.word	1073743872
 1910              		.cfi_endproc
 1911              	.LFE77:
 1913              		.section	.text.HAL_TIMEx_OCN_Stop_IT,"ax",%progbits
 1914              		.align	1
 1915              		.global	HAL_TIMEx_OCN_Stop_IT
 1916              		.syntax unified
ARM GAS  /tmp/ccydCXE5.s 			page 48


 1917              		.thumb
 1918              		.thumb_func
 1920              	HAL_TIMEx_OCN_Stop_IT:
 1921              	.LFB78:
 777:Drivers/STM32F1xx_HAL_Driver/Src/stm32f1xx_hal_tim_ex.c **** 
 778:Drivers/STM32F1xx_HAL_Driver/Src/stm32f1xx_hal_tim_ex.c **** /**
 779:Drivers/STM32F1xx_HAL_Driver/Src/stm32f1xx_hal_tim_ex.c ****   * @brief  Stops the TIM Output Compare signal generation in interrupt mode
 780:Drivers/STM32F1xx_HAL_Driver/Src/stm32f1xx_hal_tim_ex.c ****   *         on the complementary output.
 781:Drivers/STM32F1xx_HAL_Driver/Src/stm32f1xx_hal_tim_ex.c ****   * @param  htim TIM Output Compare handle
 782:Drivers/STM32F1xx_HAL_Driver/Src/stm32f1xx_hal_tim_ex.c ****   * @param  Channel TIM Channel to be disabled
 783:Drivers/STM32F1xx_HAL_Driver/Src/stm32f1xx_hal_tim_ex.c ****   *          This parameter can be one of the following values:
 784:Drivers/STM32F1xx_HAL_Driver/Src/stm32f1xx_hal_tim_ex.c ****   *            @arg TIM_CHANNEL_1: TIM Channel 1 selected
 785:Drivers/STM32F1xx_HAL_Driver/Src/stm32f1xx_hal_tim_ex.c ****   *            @arg TIM_CHANNEL_2: TIM Channel 2 selected
 786:Drivers/STM32F1xx_HAL_Driver/Src/stm32f1xx_hal_tim_ex.c ****   *            @arg TIM_CHANNEL_3: TIM Channel 3 selected
 787:Drivers/STM32F1xx_HAL_Driver/Src/stm32f1xx_hal_tim_ex.c ****   * @retval HAL status
 788:Drivers/STM32F1xx_HAL_Driver/Src/stm32f1xx_hal_tim_ex.c ****   */
 789:Drivers/STM32F1xx_HAL_Driver/Src/stm32f1xx_hal_tim_ex.c **** HAL_StatusTypeDef HAL_TIMEx_OCN_Stop_IT(TIM_HandleTypeDef *htim, uint32_t Channel)
 790:Drivers/STM32F1xx_HAL_Driver/Src/stm32f1xx_hal_tim_ex.c **** {
 1922              		.loc 1 790 1
 1923              		.cfi_startproc
 1924              		@ args = 0, pretend = 0, frame = 16
 1925              		@ frame_needed = 1, uses_anonymous_args = 0
 1926 0000 80B5     		push	{r7, lr}
 1927              	.LCFI67:
 1928              		.cfi_def_cfa_offset 8
 1929              		.cfi_offset 7, -8
 1930              		.cfi_offset 14, -4
 1931 0002 84B0     		sub	sp, sp, #16
 1932              	.LCFI68:
 1933              		.cfi_def_cfa_offset 24
 1934 0004 00AF     		add	r7, sp, #0
 1935              	.LCFI69:
 1936              		.cfi_def_cfa_register 7
 1937 0006 7860     		str	r0, [r7, #4]
 1938 0008 3960     		str	r1, [r7]
 791:Drivers/STM32F1xx_HAL_Driver/Src/stm32f1xx_hal_tim_ex.c ****   uint32_t tmpccer;
 792:Drivers/STM32F1xx_HAL_Driver/Src/stm32f1xx_hal_tim_ex.c ****   /* Check the parameters */
 793:Drivers/STM32F1xx_HAL_Driver/Src/stm32f1xx_hal_tim_ex.c ****   assert_param(IS_TIM_CCXN_INSTANCE(htim->Instance, Channel));
 794:Drivers/STM32F1xx_HAL_Driver/Src/stm32f1xx_hal_tim_ex.c **** 
 795:Drivers/STM32F1xx_HAL_Driver/Src/stm32f1xx_hal_tim_ex.c ****   switch (Channel)
 1939              		.loc 1 795 3
 1940 000a 3B68     		ldr	r3, [r7]
 1941 000c 082B     		cmp	r3, #8
 1942 000e 1BD0     		beq	.L114
 1943 0010 3B68     		ldr	r3, [r7]
 1944 0012 082B     		cmp	r3, #8
 1945 0014 21D8     		bhi	.L129
 1946 0016 3B68     		ldr	r3, [r7]
 1947 0018 002B     		cmp	r3, #0
 1948 001a 03D0     		beq	.L116
 1949 001c 3B68     		ldr	r3, [r7]
 1950 001e 042B     		cmp	r3, #4
 1951 0020 09D0     		beq	.L117
 796:Drivers/STM32F1xx_HAL_Driver/Src/stm32f1xx_hal_tim_ex.c ****   {
 797:Drivers/STM32F1xx_HAL_Driver/Src/stm32f1xx_hal_tim_ex.c ****     case TIM_CHANNEL_1:
 798:Drivers/STM32F1xx_HAL_Driver/Src/stm32f1xx_hal_tim_ex.c ****     {
 799:Drivers/STM32F1xx_HAL_Driver/Src/stm32f1xx_hal_tim_ex.c ****       /* Disable the TIM Output Compare interrupt */
ARM GAS  /tmp/ccydCXE5.s 			page 49


 800:Drivers/STM32F1xx_HAL_Driver/Src/stm32f1xx_hal_tim_ex.c ****       __HAL_TIM_DISABLE_IT(htim, TIM_IT_CC1);
 801:Drivers/STM32F1xx_HAL_Driver/Src/stm32f1xx_hal_tim_ex.c ****       break;
 802:Drivers/STM32F1xx_HAL_Driver/Src/stm32f1xx_hal_tim_ex.c ****     }
 803:Drivers/STM32F1xx_HAL_Driver/Src/stm32f1xx_hal_tim_ex.c **** 
 804:Drivers/STM32F1xx_HAL_Driver/Src/stm32f1xx_hal_tim_ex.c ****     case TIM_CHANNEL_2:
 805:Drivers/STM32F1xx_HAL_Driver/Src/stm32f1xx_hal_tim_ex.c ****     {
 806:Drivers/STM32F1xx_HAL_Driver/Src/stm32f1xx_hal_tim_ex.c ****       /* Disable the TIM Output Compare interrupt */
 807:Drivers/STM32F1xx_HAL_Driver/Src/stm32f1xx_hal_tim_ex.c ****       __HAL_TIM_DISABLE_IT(htim, TIM_IT_CC2);
 808:Drivers/STM32F1xx_HAL_Driver/Src/stm32f1xx_hal_tim_ex.c ****       break;
 809:Drivers/STM32F1xx_HAL_Driver/Src/stm32f1xx_hal_tim_ex.c ****     }
 810:Drivers/STM32F1xx_HAL_Driver/Src/stm32f1xx_hal_tim_ex.c **** 
 811:Drivers/STM32F1xx_HAL_Driver/Src/stm32f1xx_hal_tim_ex.c ****     case TIM_CHANNEL_3:
 812:Drivers/STM32F1xx_HAL_Driver/Src/stm32f1xx_hal_tim_ex.c ****     {
 813:Drivers/STM32F1xx_HAL_Driver/Src/stm32f1xx_hal_tim_ex.c ****       /* Disable the TIM Output Compare interrupt */
 814:Drivers/STM32F1xx_HAL_Driver/Src/stm32f1xx_hal_tim_ex.c ****       __HAL_TIM_DISABLE_IT(htim, TIM_IT_CC3);
 815:Drivers/STM32F1xx_HAL_Driver/Src/stm32f1xx_hal_tim_ex.c ****       break;
 816:Drivers/STM32F1xx_HAL_Driver/Src/stm32f1xx_hal_tim_ex.c ****     }
 817:Drivers/STM32F1xx_HAL_Driver/Src/stm32f1xx_hal_tim_ex.c **** 
 818:Drivers/STM32F1xx_HAL_Driver/Src/stm32f1xx_hal_tim_ex.c ****     default:
 819:Drivers/STM32F1xx_HAL_Driver/Src/stm32f1xx_hal_tim_ex.c ****       break;
 1952              		.loc 1 819 7
 1953 0022 1AE0     		b	.L129
 1954              	.L116:
 800:Drivers/STM32F1xx_HAL_Driver/Src/stm32f1xx_hal_tim_ex.c ****       break;
 1955              		.loc 1 800 7
 1956 0024 7B68     		ldr	r3, [r7, #4]
 1957 0026 1B68     		ldr	r3, [r3]
 1958 0028 DA68     		ldr	r2, [r3, #12]
 1959 002a 7B68     		ldr	r3, [r7, #4]
 1960 002c 1B68     		ldr	r3, [r3]
 1961 002e 22F00202 		bic	r2, r2, #2
 1962 0032 DA60     		str	r2, [r3, #12]
 801:Drivers/STM32F1xx_HAL_Driver/Src/stm32f1xx_hal_tim_ex.c ****     }
 1963              		.loc 1 801 7
 1964 0034 12E0     		b	.L118
 1965              	.L117:
 807:Drivers/STM32F1xx_HAL_Driver/Src/stm32f1xx_hal_tim_ex.c ****       break;
 1966              		.loc 1 807 7
 1967 0036 7B68     		ldr	r3, [r7, #4]
 1968 0038 1B68     		ldr	r3, [r3]
 1969 003a DA68     		ldr	r2, [r3, #12]
 1970 003c 7B68     		ldr	r3, [r7, #4]
 1971 003e 1B68     		ldr	r3, [r3]
 1972 0040 22F00402 		bic	r2, r2, #4
 1973 0044 DA60     		str	r2, [r3, #12]
 808:Drivers/STM32F1xx_HAL_Driver/Src/stm32f1xx_hal_tim_ex.c ****     }
 1974              		.loc 1 808 7
 1975 0046 09E0     		b	.L118
 1976              	.L114:
 814:Drivers/STM32F1xx_HAL_Driver/Src/stm32f1xx_hal_tim_ex.c ****       break;
 1977              		.loc 1 814 7
 1978 0048 7B68     		ldr	r3, [r7, #4]
 1979 004a 1B68     		ldr	r3, [r3]
 1980 004c DA68     		ldr	r2, [r3, #12]
 1981 004e 7B68     		ldr	r3, [r7, #4]
 1982 0050 1B68     		ldr	r3, [r3]
 1983 0052 22F00802 		bic	r2, r2, #8
ARM GAS  /tmp/ccydCXE5.s 			page 50


 1984 0056 DA60     		str	r2, [r3, #12]
 815:Drivers/STM32F1xx_HAL_Driver/Src/stm32f1xx_hal_tim_ex.c ****     }
 1985              		.loc 1 815 7
 1986 0058 00E0     		b	.L118
 1987              	.L129:
 1988              		.loc 1 819 7
 1989 005a 00BF     		nop
 1990              	.L118:
 820:Drivers/STM32F1xx_HAL_Driver/Src/stm32f1xx_hal_tim_ex.c ****   }
 821:Drivers/STM32F1xx_HAL_Driver/Src/stm32f1xx_hal_tim_ex.c **** 
 822:Drivers/STM32F1xx_HAL_Driver/Src/stm32f1xx_hal_tim_ex.c ****   /* Disable the Capture compare channel N */
 823:Drivers/STM32F1xx_HAL_Driver/Src/stm32f1xx_hal_tim_ex.c ****   TIM_CCxNChannelCmd(htim->Instance, Channel, TIM_CCxN_DISABLE);
 1991              		.loc 1 823 3
 1992 005c 7B68     		ldr	r3, [r7, #4]
 1993 005e 1B68     		ldr	r3, [r3]
 1994 0060 0022     		movs	r2, #0
 1995 0062 3968     		ldr	r1, [r7]
 1996 0064 1846     		mov	r0, r3
 1997 0066 FFF7FEFF 		bl	TIM_CCxNChannelCmd
 824:Drivers/STM32F1xx_HAL_Driver/Src/stm32f1xx_hal_tim_ex.c **** 
 825:Drivers/STM32F1xx_HAL_Driver/Src/stm32f1xx_hal_tim_ex.c ****   /* Disable the TIM Break interrupt (only if no more channel is active) */
 826:Drivers/STM32F1xx_HAL_Driver/Src/stm32f1xx_hal_tim_ex.c ****   tmpccer = htim->Instance->CCER;
 1998              		.loc 1 826 17
 1999 006a 7B68     		ldr	r3, [r7, #4]
 2000 006c 1B68     		ldr	r3, [r3]
 2001              		.loc 1 826 11
 2002 006e 1B6A     		ldr	r3, [r3, #32]
 2003 0070 FB60     		str	r3, [r7, #12]
 827:Drivers/STM32F1xx_HAL_Driver/Src/stm32f1xx_hal_tim_ex.c ****   if ((tmpccer & (TIM_CCER_CC1NE | TIM_CCER_CC2NE | TIM_CCER_CC3NE)) == (uint32_t)RESET)
 2004              		.loc 1 827 16
 2005 0072 FA68     		ldr	r2, [r7, #12]
 2006 0074 40F24443 		movw	r3, #1092
 2007 0078 1340     		ands	r3, r3, r2
 2008              		.loc 1 827 6
 2009 007a 002B     		cmp	r3, #0
 2010 007c 07D1     		bne	.L119
 828:Drivers/STM32F1xx_HAL_Driver/Src/stm32f1xx_hal_tim_ex.c ****   {
 829:Drivers/STM32F1xx_HAL_Driver/Src/stm32f1xx_hal_tim_ex.c ****     __HAL_TIM_DISABLE_IT(htim, TIM_IT_BREAK);
 2011              		.loc 1 829 5
 2012 007e 7B68     		ldr	r3, [r7, #4]
 2013 0080 1B68     		ldr	r3, [r3]
 2014 0082 DA68     		ldr	r2, [r3, #12]
 2015 0084 7B68     		ldr	r3, [r7, #4]
 2016 0086 1B68     		ldr	r3, [r3]
 2017 0088 22F08002 		bic	r2, r2, #128
 2018 008c DA60     		str	r2, [r3, #12]
 2019              	.L119:
 830:Drivers/STM32F1xx_HAL_Driver/Src/stm32f1xx_hal_tim_ex.c ****   }
 831:Drivers/STM32F1xx_HAL_Driver/Src/stm32f1xx_hal_tim_ex.c **** 
 832:Drivers/STM32F1xx_HAL_Driver/Src/stm32f1xx_hal_tim_ex.c ****   /* Disable the Main Output */
 833:Drivers/STM32F1xx_HAL_Driver/Src/stm32f1xx_hal_tim_ex.c ****   __HAL_TIM_MOE_DISABLE(htim);
 2020              		.loc 1 833 3
 2021 008e 7B68     		ldr	r3, [r7, #4]
 2022 0090 1B68     		ldr	r3, [r3]
 2023 0092 1A6A     		ldr	r2, [r3, #32]
 2024 0094 41F21113 		movw	r3, #4369
 2025 0098 1340     		ands	r3, r3, r2
ARM GAS  /tmp/ccydCXE5.s 			page 51


 2026 009a 002B     		cmp	r3, #0
 2027 009c 0FD1     		bne	.L120
 2028              		.loc 1 833 3 is_stmt 0 discriminator 1
 2029 009e 7B68     		ldr	r3, [r7, #4]
 2030 00a0 1B68     		ldr	r3, [r3]
 2031 00a2 1A6A     		ldr	r2, [r3, #32]
 2032 00a4 40F24443 		movw	r3, #1092
 2033 00a8 1340     		ands	r3, r3, r2
 2034 00aa 002B     		cmp	r3, #0
 2035 00ac 07D1     		bne	.L120
 2036              		.loc 1 833 3 discriminator 2
 2037 00ae 7B68     		ldr	r3, [r7, #4]
 2038 00b0 1B68     		ldr	r3, [r3]
 2039 00b2 5A6C     		ldr	r2, [r3, #68]
 2040 00b4 7B68     		ldr	r3, [r7, #4]
 2041 00b6 1B68     		ldr	r3, [r3]
 2042 00b8 22F40042 		bic	r2, r2, #32768
 2043 00bc 5A64     		str	r2, [r3, #68]
 2044              	.L120:
 834:Drivers/STM32F1xx_HAL_Driver/Src/stm32f1xx_hal_tim_ex.c **** 
 835:Drivers/STM32F1xx_HAL_Driver/Src/stm32f1xx_hal_tim_ex.c ****   /* Disable the Peripheral */
 836:Drivers/STM32F1xx_HAL_Driver/Src/stm32f1xx_hal_tim_ex.c ****   __HAL_TIM_DISABLE(htim);
 2045              		.loc 1 836 3 is_stmt 1
 2046 00be 7B68     		ldr	r3, [r7, #4]
 2047 00c0 1B68     		ldr	r3, [r3]
 2048 00c2 1A6A     		ldr	r2, [r3, #32]
 2049 00c4 41F21113 		movw	r3, #4369
 2050 00c8 1340     		ands	r3, r3, r2
 2051 00ca 002B     		cmp	r3, #0
 2052 00cc 0FD1     		bne	.L121
 2053              		.loc 1 836 3 is_stmt 0 discriminator 1
 2054 00ce 7B68     		ldr	r3, [r7, #4]
 2055 00d0 1B68     		ldr	r3, [r3]
 2056 00d2 1A6A     		ldr	r2, [r3, #32]
 2057 00d4 40F24443 		movw	r3, #1092
 2058 00d8 1340     		ands	r3, r3, r2
 2059 00da 002B     		cmp	r3, #0
 2060 00dc 07D1     		bne	.L121
 2061              		.loc 1 836 3 discriminator 2
 2062 00de 7B68     		ldr	r3, [r7, #4]
 2063 00e0 1B68     		ldr	r3, [r3]
 2064 00e2 1A68     		ldr	r2, [r3]
 2065 00e4 7B68     		ldr	r3, [r7, #4]
 2066 00e6 1B68     		ldr	r3, [r3]
 2067 00e8 22F00102 		bic	r2, r2, #1
 2068 00ec 1A60     		str	r2, [r3]
 2069              	.L121:
 837:Drivers/STM32F1xx_HAL_Driver/Src/stm32f1xx_hal_tim_ex.c **** 
 838:Drivers/STM32F1xx_HAL_Driver/Src/stm32f1xx_hal_tim_ex.c ****   /* Set the TIM complementary channel state */
 839:Drivers/STM32F1xx_HAL_Driver/Src/stm32f1xx_hal_tim_ex.c ****   TIM_CHANNEL_N_STATE_SET(htim, Channel, HAL_TIM_CHANNEL_STATE_READY);
 2070              		.loc 1 839 3 is_stmt 1
 2071 00ee 3B68     		ldr	r3, [r7]
 2072 00f0 002B     		cmp	r3, #0
 2073 00f2 04D1     		bne	.L122
 2074              		.loc 1 839 3 is_stmt 0 discriminator 1
 2075 00f4 7B68     		ldr	r3, [r7, #4]
 2076 00f6 0122     		movs	r2, #1
ARM GAS  /tmp/ccydCXE5.s 			page 52


 2077 00f8 83F84220 		strb	r2, [r3, #66]
 2078 00fc 13E0     		b	.L123
 2079              	.L122:
 2080              		.loc 1 839 3 discriminator 2
 2081 00fe 3B68     		ldr	r3, [r7]
 2082 0100 042B     		cmp	r3, #4
 2083 0102 04D1     		bne	.L124
 2084              		.loc 1 839 3 discriminator 3
 2085 0104 7B68     		ldr	r3, [r7, #4]
 2086 0106 0122     		movs	r2, #1
 2087 0108 83F84320 		strb	r2, [r3, #67]
 2088 010c 0BE0     		b	.L123
 2089              	.L124:
 2090              		.loc 1 839 3 discriminator 4
 2091 010e 3B68     		ldr	r3, [r7]
 2092 0110 082B     		cmp	r3, #8
 2093 0112 04D1     		bne	.L126
 2094              		.loc 1 839 3 discriminator 6
 2095 0114 7B68     		ldr	r3, [r7, #4]
 2096 0116 0122     		movs	r2, #1
 2097 0118 83F84420 		strb	r2, [r3, #68]
 2098 011c 03E0     		b	.L123
 2099              	.L126:
 2100              		.loc 1 839 3 discriminator 7
 2101 011e 7B68     		ldr	r3, [r7, #4]
 2102 0120 0122     		movs	r2, #1
 2103 0122 83F84520 		strb	r2, [r3, #69]
 2104              	.L123:
 840:Drivers/STM32F1xx_HAL_Driver/Src/stm32f1xx_hal_tim_ex.c **** 
 841:Drivers/STM32F1xx_HAL_Driver/Src/stm32f1xx_hal_tim_ex.c ****   /* Return function status */
 842:Drivers/STM32F1xx_HAL_Driver/Src/stm32f1xx_hal_tim_ex.c ****   return HAL_OK;
 2105              		.loc 1 842 10 is_stmt 1
 2106 0126 0023     		movs	r3, #0
 843:Drivers/STM32F1xx_HAL_Driver/Src/stm32f1xx_hal_tim_ex.c **** }
 2107              		.loc 1 843 1
 2108 0128 1846     		mov	r0, r3
 2109 012a 1037     		adds	r7, r7, #16
 2110              	.LCFI70:
 2111              		.cfi_def_cfa_offset 8
 2112 012c BD46     		mov	sp, r7
 2113              	.LCFI71:
 2114              		.cfi_def_cfa_register 13
 2115              		@ sp needed
 2116 012e 80BD     		pop	{r7, pc}
 2117              		.cfi_endproc
 2118              	.LFE78:
 2120              		.section	.text.HAL_TIMEx_OCN_Start_DMA,"ax",%progbits
 2121              		.align	1
 2122              		.global	HAL_TIMEx_OCN_Start_DMA
 2123              		.syntax unified
 2124              		.thumb
 2125              		.thumb_func
 2127              	HAL_TIMEx_OCN_Start_DMA:
 2128              	.LFB79:
 844:Drivers/STM32F1xx_HAL_Driver/Src/stm32f1xx_hal_tim_ex.c **** 
 845:Drivers/STM32F1xx_HAL_Driver/Src/stm32f1xx_hal_tim_ex.c **** /**
 846:Drivers/STM32F1xx_HAL_Driver/Src/stm32f1xx_hal_tim_ex.c ****   * @brief  Starts the TIM Output Compare signal generation in DMA mode
ARM GAS  /tmp/ccydCXE5.s 			page 53


 847:Drivers/STM32F1xx_HAL_Driver/Src/stm32f1xx_hal_tim_ex.c ****   *         on the complementary output.
 848:Drivers/STM32F1xx_HAL_Driver/Src/stm32f1xx_hal_tim_ex.c ****   * @param  htim TIM Output Compare handle
 849:Drivers/STM32F1xx_HAL_Driver/Src/stm32f1xx_hal_tim_ex.c ****   * @param  Channel TIM Channel to be enabled
 850:Drivers/STM32F1xx_HAL_Driver/Src/stm32f1xx_hal_tim_ex.c ****   *          This parameter can be one of the following values:
 851:Drivers/STM32F1xx_HAL_Driver/Src/stm32f1xx_hal_tim_ex.c ****   *            @arg TIM_CHANNEL_1: TIM Channel 1 selected
 852:Drivers/STM32F1xx_HAL_Driver/Src/stm32f1xx_hal_tim_ex.c ****   *            @arg TIM_CHANNEL_2: TIM Channel 2 selected
 853:Drivers/STM32F1xx_HAL_Driver/Src/stm32f1xx_hal_tim_ex.c ****   *            @arg TIM_CHANNEL_3: TIM Channel 3 selected
 854:Drivers/STM32F1xx_HAL_Driver/Src/stm32f1xx_hal_tim_ex.c ****   * @param  pData The source Buffer address.
 855:Drivers/STM32F1xx_HAL_Driver/Src/stm32f1xx_hal_tim_ex.c ****   * @param  Length The length of data to be transferred from memory to TIM peripheral
 856:Drivers/STM32F1xx_HAL_Driver/Src/stm32f1xx_hal_tim_ex.c ****   * @retval HAL status
 857:Drivers/STM32F1xx_HAL_Driver/Src/stm32f1xx_hal_tim_ex.c ****   */
 858:Drivers/STM32F1xx_HAL_Driver/Src/stm32f1xx_hal_tim_ex.c **** HAL_StatusTypeDef HAL_TIMEx_OCN_Start_DMA(TIM_HandleTypeDef *htim, uint32_t Channel, uint32_t *pDat
 859:Drivers/STM32F1xx_HAL_Driver/Src/stm32f1xx_hal_tim_ex.c **** {
 2129              		.loc 1 859 1
 2130              		.cfi_startproc
 2131              		@ args = 0, pretend = 0, frame = 24
 2132              		@ frame_needed = 1, uses_anonymous_args = 0
 2133 0000 80B5     		push	{r7, lr}
 2134              	.LCFI72:
 2135              		.cfi_def_cfa_offset 8
 2136              		.cfi_offset 7, -8
 2137              		.cfi_offset 14, -4
 2138 0002 86B0     		sub	sp, sp, #24
 2139              	.LCFI73:
 2140              		.cfi_def_cfa_offset 32
 2141 0004 00AF     		add	r7, sp, #0
 2142              	.LCFI74:
 2143              		.cfi_def_cfa_register 7
 2144 0006 F860     		str	r0, [r7, #12]
 2145 0008 B960     		str	r1, [r7, #8]
 2146 000a 7A60     		str	r2, [r7, #4]
 2147 000c 7B80     		strh	r3, [r7, #2]	@ movhi
 860:Drivers/STM32F1xx_HAL_Driver/Src/stm32f1xx_hal_tim_ex.c ****   uint32_t tmpsmcr;
 861:Drivers/STM32F1xx_HAL_Driver/Src/stm32f1xx_hal_tim_ex.c **** 
 862:Drivers/STM32F1xx_HAL_Driver/Src/stm32f1xx_hal_tim_ex.c ****   /* Check the parameters */
 863:Drivers/STM32F1xx_HAL_Driver/Src/stm32f1xx_hal_tim_ex.c ****   assert_param(IS_TIM_CCXN_INSTANCE(htim->Instance, Channel));
 864:Drivers/STM32F1xx_HAL_Driver/Src/stm32f1xx_hal_tim_ex.c **** 
 865:Drivers/STM32F1xx_HAL_Driver/Src/stm32f1xx_hal_tim_ex.c ****   /* Set the TIM complementary channel state */
 866:Drivers/STM32F1xx_HAL_Driver/Src/stm32f1xx_hal_tim_ex.c ****   if (TIM_CHANNEL_N_STATE_GET(htim, Channel) == HAL_TIM_CHANNEL_STATE_BUSY)
 2148              		.loc 1 866 46
 2149 000e BB68     		ldr	r3, [r7, #8]
 2150 0010 002B     		cmp	r3, #0
 2151 0012 09D1     		bne	.L131
 2152              		.loc 1 866 7 discriminator 1
 2153 0014 FB68     		ldr	r3, [r7, #12]
 2154 0016 93F84230 		ldrb	r3, [r3, #66]
 2155 001a DBB2     		uxtb	r3, r3
 2156              		.loc 1 866 46 discriminator 1
 2157 001c 022B     		cmp	r3, #2
 2158 001e 0CBF     		ite	eq
 2159 0020 0123     		moveq	r3, #1
 2160 0022 0023     		movne	r3, #0
 2161 0024 DBB2     		uxtb	r3, r3
 2162 0026 22E0     		b	.L132
 2163              	.L131:
 2164              		.loc 1 866 46 is_stmt 0 discriminator 2
 2165 0028 BB68     		ldr	r3, [r7, #8]
ARM GAS  /tmp/ccydCXE5.s 			page 54


 2166 002a 042B     		cmp	r3, #4
 2167 002c 09D1     		bne	.L133
 2168              		.loc 1 866 7 is_stmt 1 discriminator 4
 2169 002e FB68     		ldr	r3, [r7, #12]
 2170 0030 93F84330 		ldrb	r3, [r3, #67]
 2171 0034 DBB2     		uxtb	r3, r3
 2172              		.loc 1 866 46 discriminator 4
 2173 0036 022B     		cmp	r3, #2
 2174 0038 0CBF     		ite	eq
 2175 003a 0123     		moveq	r3, #1
 2176 003c 0023     		movne	r3, #0
 2177 003e DBB2     		uxtb	r3, r3
 2178 0040 15E0     		b	.L132
 2179              	.L133:
 2180              		.loc 1 866 46 is_stmt 0 discriminator 5
 2181 0042 BB68     		ldr	r3, [r7, #8]
 2182 0044 082B     		cmp	r3, #8
 2183 0046 09D1     		bne	.L135
 2184              		.loc 1 866 7 is_stmt 1 discriminator 7
 2185 0048 FB68     		ldr	r3, [r7, #12]
 2186 004a 93F84430 		ldrb	r3, [r3, #68]
 2187 004e DBB2     		uxtb	r3, r3
 2188              		.loc 1 866 46 discriminator 7
 2189 0050 022B     		cmp	r3, #2
 2190 0052 0CBF     		ite	eq
 2191 0054 0123     		moveq	r3, #1
 2192 0056 0023     		movne	r3, #0
 2193 0058 DBB2     		uxtb	r3, r3
 2194 005a 08E0     		b	.L132
 2195              	.L135:
 2196              		.loc 1 866 7 discriminator 8
 2197 005c FB68     		ldr	r3, [r7, #12]
 2198 005e 93F84530 		ldrb	r3, [r3, #69]
 2199 0062 DBB2     		uxtb	r3, r3
 2200              		.loc 1 866 46 discriminator 8
 2201 0064 022B     		cmp	r3, #2
 2202 0066 0CBF     		ite	eq
 2203 0068 0123     		moveq	r3, #1
 2204 006a 0023     		movne	r3, #0
 2205 006c DBB2     		uxtb	r3, r3
 2206              	.L132:
 2207              		.loc 1 866 6 discriminator 12
 2208 006e 002B     		cmp	r3, #0
 2209 0070 01D0     		beq	.L137
 867:Drivers/STM32F1xx_HAL_Driver/Src/stm32f1xx_hal_tim_ex.c ****   {
 868:Drivers/STM32F1xx_HAL_Driver/Src/stm32f1xx_hal_tim_ex.c ****     return HAL_BUSY;
 2210              		.loc 1 868 12
 2211 0072 0223     		movs	r3, #2
 2212 0074 10E1     		b	.L138
 2213              	.L137:
 869:Drivers/STM32F1xx_HAL_Driver/Src/stm32f1xx_hal_tim_ex.c ****   }
 870:Drivers/STM32F1xx_HAL_Driver/Src/stm32f1xx_hal_tim_ex.c ****   else if (TIM_CHANNEL_N_STATE_GET(htim, Channel) == HAL_TIM_CHANNEL_STATE_READY)
 2214              		.loc 1 870 51
 2215 0076 BB68     		ldr	r3, [r7, #8]
 2216 0078 002B     		cmp	r3, #0
 2217 007a 09D1     		bne	.L139
 2218              		.loc 1 870 12 discriminator 1
ARM GAS  /tmp/ccydCXE5.s 			page 55


 2219 007c FB68     		ldr	r3, [r7, #12]
 2220 007e 93F84230 		ldrb	r3, [r3, #66]
 2221 0082 DBB2     		uxtb	r3, r3
 2222              		.loc 1 870 51 discriminator 1
 2223 0084 012B     		cmp	r3, #1
 2224 0086 0CBF     		ite	eq
 2225 0088 0123     		moveq	r3, #1
 2226 008a 0023     		movne	r3, #0
 2227 008c DBB2     		uxtb	r3, r3
 2228 008e 22E0     		b	.L140
 2229              	.L139:
 2230              		.loc 1 870 51 is_stmt 0 discriminator 2
 2231 0090 BB68     		ldr	r3, [r7, #8]
 2232 0092 042B     		cmp	r3, #4
 2233 0094 09D1     		bne	.L141
 2234              		.loc 1 870 12 is_stmt 1 discriminator 4
 2235 0096 FB68     		ldr	r3, [r7, #12]
 2236 0098 93F84330 		ldrb	r3, [r3, #67]
 2237 009c DBB2     		uxtb	r3, r3
 2238              		.loc 1 870 51 discriminator 4
 2239 009e 012B     		cmp	r3, #1
 2240 00a0 0CBF     		ite	eq
 2241 00a2 0123     		moveq	r3, #1
 2242 00a4 0023     		movne	r3, #0
 2243 00a6 DBB2     		uxtb	r3, r3
 2244 00a8 15E0     		b	.L140
 2245              	.L141:
 2246              		.loc 1 870 51 is_stmt 0 discriminator 5
 2247 00aa BB68     		ldr	r3, [r7, #8]
 2248 00ac 082B     		cmp	r3, #8
 2249 00ae 09D1     		bne	.L143
 2250              		.loc 1 870 12 is_stmt 1 discriminator 7
 2251 00b0 FB68     		ldr	r3, [r7, #12]
 2252 00b2 93F84430 		ldrb	r3, [r3, #68]
 2253 00b6 DBB2     		uxtb	r3, r3
 2254              		.loc 1 870 51 discriminator 7
 2255 00b8 012B     		cmp	r3, #1
 2256 00ba 0CBF     		ite	eq
 2257 00bc 0123     		moveq	r3, #1
 2258 00be 0023     		movne	r3, #0
 2259 00c0 DBB2     		uxtb	r3, r3
 2260 00c2 08E0     		b	.L140
 2261              	.L143:
 2262              		.loc 1 870 12 discriminator 8
 2263 00c4 FB68     		ldr	r3, [r7, #12]
 2264 00c6 93F84530 		ldrb	r3, [r3, #69]
 2265 00ca DBB2     		uxtb	r3, r3
 2266              		.loc 1 870 51 discriminator 8
 2267 00cc 012B     		cmp	r3, #1
 2268 00ce 0CBF     		ite	eq
 2269 00d0 0123     		moveq	r3, #1
 2270 00d2 0023     		movne	r3, #0
 2271 00d4 DBB2     		uxtb	r3, r3
 2272              	.L140:
 2273              		.loc 1 870 11 discriminator 12
 2274 00d6 002B     		cmp	r3, #0
 2275 00d8 24D0     		beq	.L145
ARM GAS  /tmp/ccydCXE5.s 			page 56


 871:Drivers/STM32F1xx_HAL_Driver/Src/stm32f1xx_hal_tim_ex.c ****   {
 872:Drivers/STM32F1xx_HAL_Driver/Src/stm32f1xx_hal_tim_ex.c ****     if ((pData == NULL) && (Length > 0U))
 2276              		.loc 1 872 8
 2277 00da 7B68     		ldr	r3, [r7, #4]
 2278 00dc 002B     		cmp	r3, #0
 2279 00de 04D1     		bne	.L146
 2280              		.loc 1 872 25 discriminator 1
 2281 00e0 7B88     		ldrh	r3, [r7, #2]
 2282 00e2 002B     		cmp	r3, #0
 2283 00e4 01D0     		beq	.L146
 873:Drivers/STM32F1xx_HAL_Driver/Src/stm32f1xx_hal_tim_ex.c ****     {
 874:Drivers/STM32F1xx_HAL_Driver/Src/stm32f1xx_hal_tim_ex.c ****       return HAL_ERROR;
 2284              		.loc 1 874 14
 2285 00e6 0123     		movs	r3, #1
 2286 00e8 D6E0     		b	.L138
 2287              	.L146:
 875:Drivers/STM32F1xx_HAL_Driver/Src/stm32f1xx_hal_tim_ex.c ****     }
 876:Drivers/STM32F1xx_HAL_Driver/Src/stm32f1xx_hal_tim_ex.c ****     else
 877:Drivers/STM32F1xx_HAL_Driver/Src/stm32f1xx_hal_tim_ex.c ****     {
 878:Drivers/STM32F1xx_HAL_Driver/Src/stm32f1xx_hal_tim_ex.c ****       TIM_CHANNEL_N_STATE_SET(htim, Channel, HAL_TIM_CHANNEL_STATE_BUSY);
 2288              		.loc 1 878 7
 2289 00ea BB68     		ldr	r3, [r7, #8]
 2290 00ec 002B     		cmp	r3, #0
 2291 00ee 04D1     		bne	.L147
 2292              		.loc 1 878 7 is_stmt 0 discriminator 1
 2293 00f0 FB68     		ldr	r3, [r7, #12]
 2294 00f2 0222     		movs	r2, #2
 2295 00f4 83F84220 		strb	r2, [r3, #66]
 2296 00f8 16E0     		b	.L148
 2297              	.L147:
 2298              		.loc 1 878 7 discriminator 2
 2299 00fa BB68     		ldr	r3, [r7, #8]
 2300 00fc 042B     		cmp	r3, #4
 2301 00fe 04D1     		bne	.L149
 2302              		.loc 1 878 7 discriminator 3
 2303 0100 FB68     		ldr	r3, [r7, #12]
 2304 0102 0222     		movs	r2, #2
 2305 0104 83F84320 		strb	r2, [r3, #67]
 2306 0108 0EE0     		b	.L148
 2307              	.L149:
 2308              		.loc 1 878 7 discriminator 4
 2309 010a BB68     		ldr	r3, [r7, #8]
 2310 010c 082B     		cmp	r3, #8
 2311 010e 04D1     		bne	.L151
 2312              		.loc 1 878 7 discriminator 6
 2313 0110 FB68     		ldr	r3, [r7, #12]
 2314 0112 0222     		movs	r2, #2
 2315 0114 83F84420 		strb	r2, [r3, #68]
 2316 0118 06E0     		b	.L148
 2317              	.L151:
 2318              		.loc 1 878 7 discriminator 7
 2319 011a FB68     		ldr	r3, [r7, #12]
 2320 011c 0222     		movs	r2, #2
 2321 011e 83F84520 		strb	r2, [r3, #69]
 2322 0122 01E0     		b	.L148
 2323              	.L145:
 879:Drivers/STM32F1xx_HAL_Driver/Src/stm32f1xx_hal_tim_ex.c ****     }
ARM GAS  /tmp/ccydCXE5.s 			page 57


 880:Drivers/STM32F1xx_HAL_Driver/Src/stm32f1xx_hal_tim_ex.c ****   }
 881:Drivers/STM32F1xx_HAL_Driver/Src/stm32f1xx_hal_tim_ex.c ****   else
 882:Drivers/STM32F1xx_HAL_Driver/Src/stm32f1xx_hal_tim_ex.c ****   {
 883:Drivers/STM32F1xx_HAL_Driver/Src/stm32f1xx_hal_tim_ex.c ****     return HAL_ERROR;
 2324              		.loc 1 883 12 is_stmt 1
 2325 0124 0123     		movs	r3, #1
 2326 0126 B7E0     		b	.L138
 2327              	.L148:
 884:Drivers/STM32F1xx_HAL_Driver/Src/stm32f1xx_hal_tim_ex.c ****   }
 885:Drivers/STM32F1xx_HAL_Driver/Src/stm32f1xx_hal_tim_ex.c **** 
 886:Drivers/STM32F1xx_HAL_Driver/Src/stm32f1xx_hal_tim_ex.c ****   switch (Channel)
 2328              		.loc 1 886 3
 2329 0128 BB68     		ldr	r3, [r7, #8]
 2330 012a 082B     		cmp	r3, #8
 2331 012c 51D0     		beq	.L153
 2332 012e BB68     		ldr	r3, [r7, #8]
 2333 0130 082B     		cmp	r3, #8
 2334 0132 72D8     		bhi	.L165
 2335 0134 BB68     		ldr	r3, [r7, #8]
 2336 0136 002B     		cmp	r3, #0
 2337 0138 03D0     		beq	.L155
 2338 013a BB68     		ldr	r3, [r7, #8]
 2339 013c 042B     		cmp	r3, #4
 2340 013e 24D0     		beq	.L156
 887:Drivers/STM32F1xx_HAL_Driver/Src/stm32f1xx_hal_tim_ex.c ****   {
 888:Drivers/STM32F1xx_HAL_Driver/Src/stm32f1xx_hal_tim_ex.c ****     case TIM_CHANNEL_1:
 889:Drivers/STM32F1xx_HAL_Driver/Src/stm32f1xx_hal_tim_ex.c ****     {
 890:Drivers/STM32F1xx_HAL_Driver/Src/stm32f1xx_hal_tim_ex.c ****       /* Set the DMA compare callbacks */
 891:Drivers/STM32F1xx_HAL_Driver/Src/stm32f1xx_hal_tim_ex.c ****       htim->hdma[TIM_DMA_ID_CC1]->XferCpltCallback = TIM_DMADelayPulseNCplt;
 892:Drivers/STM32F1xx_HAL_Driver/Src/stm32f1xx_hal_tim_ex.c ****       htim->hdma[TIM_DMA_ID_CC1]->XferHalfCpltCallback = TIM_DMADelayPulseHalfCplt;
 893:Drivers/STM32F1xx_HAL_Driver/Src/stm32f1xx_hal_tim_ex.c **** 
 894:Drivers/STM32F1xx_HAL_Driver/Src/stm32f1xx_hal_tim_ex.c ****       /* Set the DMA error callback */
 895:Drivers/STM32F1xx_HAL_Driver/Src/stm32f1xx_hal_tim_ex.c ****       htim->hdma[TIM_DMA_ID_CC1]->XferErrorCallback = TIM_DMAErrorCCxN ;
 896:Drivers/STM32F1xx_HAL_Driver/Src/stm32f1xx_hal_tim_ex.c **** 
 897:Drivers/STM32F1xx_HAL_Driver/Src/stm32f1xx_hal_tim_ex.c ****       /* Enable the DMA channel */
 898:Drivers/STM32F1xx_HAL_Driver/Src/stm32f1xx_hal_tim_ex.c ****       if (HAL_DMA_Start_IT(htim->hdma[TIM_DMA_ID_CC1], (uint32_t)pData, (uint32_t)&htim->Instance->
 899:Drivers/STM32F1xx_HAL_Driver/Src/stm32f1xx_hal_tim_ex.c ****                          Length) != HAL_OK)
 900:Drivers/STM32F1xx_HAL_Driver/Src/stm32f1xx_hal_tim_ex.c ****       {
 901:Drivers/STM32F1xx_HAL_Driver/Src/stm32f1xx_hal_tim_ex.c ****         /* Return error status */
 902:Drivers/STM32F1xx_HAL_Driver/Src/stm32f1xx_hal_tim_ex.c ****         return HAL_ERROR;
 903:Drivers/STM32F1xx_HAL_Driver/Src/stm32f1xx_hal_tim_ex.c ****       }
 904:Drivers/STM32F1xx_HAL_Driver/Src/stm32f1xx_hal_tim_ex.c ****       /* Enable the TIM Output Compare DMA request */
 905:Drivers/STM32F1xx_HAL_Driver/Src/stm32f1xx_hal_tim_ex.c ****       __HAL_TIM_ENABLE_DMA(htim, TIM_DMA_CC1);
 906:Drivers/STM32F1xx_HAL_Driver/Src/stm32f1xx_hal_tim_ex.c ****       break;
 907:Drivers/STM32F1xx_HAL_Driver/Src/stm32f1xx_hal_tim_ex.c ****     }
 908:Drivers/STM32F1xx_HAL_Driver/Src/stm32f1xx_hal_tim_ex.c **** 
 909:Drivers/STM32F1xx_HAL_Driver/Src/stm32f1xx_hal_tim_ex.c ****     case TIM_CHANNEL_2:
 910:Drivers/STM32F1xx_HAL_Driver/Src/stm32f1xx_hal_tim_ex.c ****     {
 911:Drivers/STM32F1xx_HAL_Driver/Src/stm32f1xx_hal_tim_ex.c ****       /* Set the DMA compare callbacks */
 912:Drivers/STM32F1xx_HAL_Driver/Src/stm32f1xx_hal_tim_ex.c ****       htim->hdma[TIM_DMA_ID_CC2]->XferCpltCallback = TIM_DMADelayPulseNCplt;
 913:Drivers/STM32F1xx_HAL_Driver/Src/stm32f1xx_hal_tim_ex.c ****       htim->hdma[TIM_DMA_ID_CC2]->XferHalfCpltCallback = TIM_DMADelayPulseHalfCplt;
 914:Drivers/STM32F1xx_HAL_Driver/Src/stm32f1xx_hal_tim_ex.c **** 
 915:Drivers/STM32F1xx_HAL_Driver/Src/stm32f1xx_hal_tim_ex.c ****       /* Set the DMA error callback */
 916:Drivers/STM32F1xx_HAL_Driver/Src/stm32f1xx_hal_tim_ex.c ****       htim->hdma[TIM_DMA_ID_CC2]->XferErrorCallback = TIM_DMAErrorCCxN ;
 917:Drivers/STM32F1xx_HAL_Driver/Src/stm32f1xx_hal_tim_ex.c **** 
 918:Drivers/STM32F1xx_HAL_Driver/Src/stm32f1xx_hal_tim_ex.c ****       /* Enable the DMA channel */
 919:Drivers/STM32F1xx_HAL_Driver/Src/stm32f1xx_hal_tim_ex.c ****       if (HAL_DMA_Start_IT(htim->hdma[TIM_DMA_ID_CC2], (uint32_t)pData, (uint32_t)&htim->Instance->
ARM GAS  /tmp/ccydCXE5.s 			page 58


 920:Drivers/STM32F1xx_HAL_Driver/Src/stm32f1xx_hal_tim_ex.c ****                          Length) != HAL_OK)
 921:Drivers/STM32F1xx_HAL_Driver/Src/stm32f1xx_hal_tim_ex.c ****       {
 922:Drivers/STM32F1xx_HAL_Driver/Src/stm32f1xx_hal_tim_ex.c ****         /* Return error status */
 923:Drivers/STM32F1xx_HAL_Driver/Src/stm32f1xx_hal_tim_ex.c ****         return HAL_ERROR;
 924:Drivers/STM32F1xx_HAL_Driver/Src/stm32f1xx_hal_tim_ex.c ****       }
 925:Drivers/STM32F1xx_HAL_Driver/Src/stm32f1xx_hal_tim_ex.c ****       /* Enable the TIM Output Compare DMA request */
 926:Drivers/STM32F1xx_HAL_Driver/Src/stm32f1xx_hal_tim_ex.c ****       __HAL_TIM_ENABLE_DMA(htim, TIM_DMA_CC2);
 927:Drivers/STM32F1xx_HAL_Driver/Src/stm32f1xx_hal_tim_ex.c ****       break;
 928:Drivers/STM32F1xx_HAL_Driver/Src/stm32f1xx_hal_tim_ex.c ****     }
 929:Drivers/STM32F1xx_HAL_Driver/Src/stm32f1xx_hal_tim_ex.c **** 
 930:Drivers/STM32F1xx_HAL_Driver/Src/stm32f1xx_hal_tim_ex.c ****     case TIM_CHANNEL_3:
 931:Drivers/STM32F1xx_HAL_Driver/Src/stm32f1xx_hal_tim_ex.c ****     {
 932:Drivers/STM32F1xx_HAL_Driver/Src/stm32f1xx_hal_tim_ex.c ****       /* Set the DMA compare callbacks */
 933:Drivers/STM32F1xx_HAL_Driver/Src/stm32f1xx_hal_tim_ex.c ****       htim->hdma[TIM_DMA_ID_CC3]->XferCpltCallback = TIM_DMADelayPulseNCplt;
 934:Drivers/STM32F1xx_HAL_Driver/Src/stm32f1xx_hal_tim_ex.c ****       htim->hdma[TIM_DMA_ID_CC3]->XferHalfCpltCallback = TIM_DMADelayPulseHalfCplt;
 935:Drivers/STM32F1xx_HAL_Driver/Src/stm32f1xx_hal_tim_ex.c **** 
 936:Drivers/STM32F1xx_HAL_Driver/Src/stm32f1xx_hal_tim_ex.c ****       /* Set the DMA error callback */
 937:Drivers/STM32F1xx_HAL_Driver/Src/stm32f1xx_hal_tim_ex.c ****       htim->hdma[TIM_DMA_ID_CC3]->XferErrorCallback = TIM_DMAErrorCCxN ;
 938:Drivers/STM32F1xx_HAL_Driver/Src/stm32f1xx_hal_tim_ex.c **** 
 939:Drivers/STM32F1xx_HAL_Driver/Src/stm32f1xx_hal_tim_ex.c ****       /* Enable the DMA channel */
 940:Drivers/STM32F1xx_HAL_Driver/Src/stm32f1xx_hal_tim_ex.c ****       if (HAL_DMA_Start_IT(htim->hdma[TIM_DMA_ID_CC3], (uint32_t)pData, (uint32_t)&htim->Instance->
 941:Drivers/STM32F1xx_HAL_Driver/Src/stm32f1xx_hal_tim_ex.c ****                          Length) != HAL_OK)
 942:Drivers/STM32F1xx_HAL_Driver/Src/stm32f1xx_hal_tim_ex.c ****       {
 943:Drivers/STM32F1xx_HAL_Driver/Src/stm32f1xx_hal_tim_ex.c ****         /* Return error status */
 944:Drivers/STM32F1xx_HAL_Driver/Src/stm32f1xx_hal_tim_ex.c ****         return HAL_ERROR;
 945:Drivers/STM32F1xx_HAL_Driver/Src/stm32f1xx_hal_tim_ex.c ****       }
 946:Drivers/STM32F1xx_HAL_Driver/Src/stm32f1xx_hal_tim_ex.c ****       /* Enable the TIM Output Compare DMA request */
 947:Drivers/STM32F1xx_HAL_Driver/Src/stm32f1xx_hal_tim_ex.c ****       __HAL_TIM_ENABLE_DMA(htim, TIM_DMA_CC3);
 948:Drivers/STM32F1xx_HAL_Driver/Src/stm32f1xx_hal_tim_ex.c ****       break;
 949:Drivers/STM32F1xx_HAL_Driver/Src/stm32f1xx_hal_tim_ex.c ****     }
 950:Drivers/STM32F1xx_HAL_Driver/Src/stm32f1xx_hal_tim_ex.c **** 
 951:Drivers/STM32F1xx_HAL_Driver/Src/stm32f1xx_hal_tim_ex.c ****     default:
 952:Drivers/STM32F1xx_HAL_Driver/Src/stm32f1xx_hal_tim_ex.c ****       break;
 2341              		.loc 1 952 7
 2342 0140 6BE0     		b	.L165
 2343              	.L155:
 891:Drivers/STM32F1xx_HAL_Driver/Src/stm32f1xx_hal_tim_ex.c ****       htim->hdma[TIM_DMA_ID_CC1]->XferHalfCpltCallback = TIM_DMADelayPulseHalfCplt;
 2344              		.loc 1 891 17
 2345 0142 FB68     		ldr	r3, [r7, #12]
 2346 0144 5B6A     		ldr	r3, [r3, #36]
 891:Drivers/STM32F1xx_HAL_Driver/Src/stm32f1xx_hal_tim_ex.c ****       htim->hdma[TIM_DMA_ID_CC1]->XferHalfCpltCallback = TIM_DMADelayPulseHalfCplt;
 2347              		.loc 1 891 52
 2348 0146 564A     		ldr	r2, .L166
 2349 0148 9A62     		str	r2, [r3, #40]
 892:Drivers/STM32F1xx_HAL_Driver/Src/stm32f1xx_hal_tim_ex.c **** 
 2350              		.loc 1 892 17
 2351 014a FB68     		ldr	r3, [r7, #12]
 2352 014c 5B6A     		ldr	r3, [r3, #36]
 892:Drivers/STM32F1xx_HAL_Driver/Src/stm32f1xx_hal_tim_ex.c **** 
 2353              		.loc 1 892 56
 2354 014e 554A     		ldr	r2, .L166+4
 2355 0150 DA62     		str	r2, [r3, #44]
 895:Drivers/STM32F1xx_HAL_Driver/Src/stm32f1xx_hal_tim_ex.c **** 
 2356              		.loc 1 895 17
 2357 0152 FB68     		ldr	r3, [r7, #12]
 2358 0154 5B6A     		ldr	r3, [r3, #36]
 895:Drivers/STM32F1xx_HAL_Driver/Src/stm32f1xx_hal_tim_ex.c **** 
ARM GAS  /tmp/ccydCXE5.s 			page 59


 2359              		.loc 1 895 53
 2360 0156 544A     		ldr	r2, .L166+8
 2361 0158 1A63     		str	r2, [r3, #48]
 898:Drivers/STM32F1xx_HAL_Driver/Src/stm32f1xx_hal_tim_ex.c ****                          Length) != HAL_OK)
 2362              		.loc 1 898 11
 2363 015a FB68     		ldr	r3, [r7, #12]
 2364 015c 586A     		ldr	r0, [r3, #36]
 2365 015e 7968     		ldr	r1, [r7, #4]
 898:Drivers/STM32F1xx_HAL_Driver/Src/stm32f1xx_hal_tim_ex.c ****                          Length) != HAL_OK)
 2366              		.loc 1 898 88
 2367 0160 FB68     		ldr	r3, [r7, #12]
 2368 0162 1B68     		ldr	r3, [r3]
 898:Drivers/STM32F1xx_HAL_Driver/Src/stm32f1xx_hal_tim_ex.c ****                          Length) != HAL_OK)
 2369              		.loc 1 898 83
 2370 0164 3433     		adds	r3, r3, #52
 898:Drivers/STM32F1xx_HAL_Driver/Src/stm32f1xx_hal_tim_ex.c ****                          Length) != HAL_OK)
 2371              		.loc 1 898 11
 2372 0166 1A46     		mov	r2, r3
 2373 0168 7B88     		ldrh	r3, [r7, #2]
 2374 016a FFF7FEFF 		bl	HAL_DMA_Start_IT
 2375 016e 0346     		mov	r3, r0
 898:Drivers/STM32F1xx_HAL_Driver/Src/stm32f1xx_hal_tim_ex.c ****                          Length) != HAL_OK)
 2376              		.loc 1 898 10
 2377 0170 002B     		cmp	r3, #0
 2378 0172 01D0     		beq	.L157
 902:Drivers/STM32F1xx_HAL_Driver/Src/stm32f1xx_hal_tim_ex.c ****       }
 2379              		.loc 1 902 16
 2380 0174 0123     		movs	r3, #1
 2381 0176 8FE0     		b	.L138
 2382              	.L157:
 905:Drivers/STM32F1xx_HAL_Driver/Src/stm32f1xx_hal_tim_ex.c ****       break;
 2383              		.loc 1 905 7
 2384 0178 FB68     		ldr	r3, [r7, #12]
 2385 017a 1B68     		ldr	r3, [r3]
 2386 017c DA68     		ldr	r2, [r3, #12]
 2387 017e FB68     		ldr	r3, [r7, #12]
 2388 0180 1B68     		ldr	r3, [r3]
 2389 0182 42F40072 		orr	r2, r2, #512
 2390 0186 DA60     		str	r2, [r3, #12]
 906:Drivers/STM32F1xx_HAL_Driver/Src/stm32f1xx_hal_tim_ex.c ****     }
 2391              		.loc 1 906 7
 2392 0188 48E0     		b	.L158
 2393              	.L156:
 912:Drivers/STM32F1xx_HAL_Driver/Src/stm32f1xx_hal_tim_ex.c ****       htim->hdma[TIM_DMA_ID_CC2]->XferHalfCpltCallback = TIM_DMADelayPulseHalfCplt;
 2394              		.loc 1 912 17
 2395 018a FB68     		ldr	r3, [r7, #12]
 2396 018c 9B6A     		ldr	r3, [r3, #40]
 912:Drivers/STM32F1xx_HAL_Driver/Src/stm32f1xx_hal_tim_ex.c ****       htim->hdma[TIM_DMA_ID_CC2]->XferHalfCpltCallback = TIM_DMADelayPulseHalfCplt;
 2397              		.loc 1 912 52
 2398 018e 444A     		ldr	r2, .L166
 2399 0190 9A62     		str	r2, [r3, #40]
 913:Drivers/STM32F1xx_HAL_Driver/Src/stm32f1xx_hal_tim_ex.c **** 
 2400              		.loc 1 913 17
 2401 0192 FB68     		ldr	r3, [r7, #12]
 2402 0194 9B6A     		ldr	r3, [r3, #40]
 913:Drivers/STM32F1xx_HAL_Driver/Src/stm32f1xx_hal_tim_ex.c **** 
 2403              		.loc 1 913 56
ARM GAS  /tmp/ccydCXE5.s 			page 60


 2404 0196 434A     		ldr	r2, .L166+4
 2405 0198 DA62     		str	r2, [r3, #44]
 916:Drivers/STM32F1xx_HAL_Driver/Src/stm32f1xx_hal_tim_ex.c **** 
 2406              		.loc 1 916 17
 2407 019a FB68     		ldr	r3, [r7, #12]
 2408 019c 9B6A     		ldr	r3, [r3, #40]
 916:Drivers/STM32F1xx_HAL_Driver/Src/stm32f1xx_hal_tim_ex.c **** 
 2409              		.loc 1 916 53
 2410 019e 424A     		ldr	r2, .L166+8
 2411 01a0 1A63     		str	r2, [r3, #48]
 919:Drivers/STM32F1xx_HAL_Driver/Src/stm32f1xx_hal_tim_ex.c ****                          Length) != HAL_OK)
 2412              		.loc 1 919 11
 2413 01a2 FB68     		ldr	r3, [r7, #12]
 2414 01a4 986A     		ldr	r0, [r3, #40]
 2415 01a6 7968     		ldr	r1, [r7, #4]
 919:Drivers/STM32F1xx_HAL_Driver/Src/stm32f1xx_hal_tim_ex.c ****                          Length) != HAL_OK)
 2416              		.loc 1 919 88
 2417 01a8 FB68     		ldr	r3, [r7, #12]
 2418 01aa 1B68     		ldr	r3, [r3]
 919:Drivers/STM32F1xx_HAL_Driver/Src/stm32f1xx_hal_tim_ex.c ****                          Length) != HAL_OK)
 2419              		.loc 1 919 83
 2420 01ac 3833     		adds	r3, r3, #56
 919:Drivers/STM32F1xx_HAL_Driver/Src/stm32f1xx_hal_tim_ex.c ****                          Length) != HAL_OK)
 2421              		.loc 1 919 11
 2422 01ae 1A46     		mov	r2, r3
 2423 01b0 7B88     		ldrh	r3, [r7, #2]
 2424 01b2 FFF7FEFF 		bl	HAL_DMA_Start_IT
 2425 01b6 0346     		mov	r3, r0
 919:Drivers/STM32F1xx_HAL_Driver/Src/stm32f1xx_hal_tim_ex.c ****                          Length) != HAL_OK)
 2426              		.loc 1 919 10
 2427 01b8 002B     		cmp	r3, #0
 2428 01ba 01D0     		beq	.L159
 923:Drivers/STM32F1xx_HAL_Driver/Src/stm32f1xx_hal_tim_ex.c ****       }
 2429              		.loc 1 923 16
 2430 01bc 0123     		movs	r3, #1
 2431 01be 6BE0     		b	.L138
 2432              	.L159:
 926:Drivers/STM32F1xx_HAL_Driver/Src/stm32f1xx_hal_tim_ex.c ****       break;
 2433              		.loc 1 926 7
 2434 01c0 FB68     		ldr	r3, [r7, #12]
 2435 01c2 1B68     		ldr	r3, [r3]
 2436 01c4 DA68     		ldr	r2, [r3, #12]
 2437 01c6 FB68     		ldr	r3, [r7, #12]
 2438 01c8 1B68     		ldr	r3, [r3]
 2439 01ca 42F48062 		orr	r2, r2, #1024
 2440 01ce DA60     		str	r2, [r3, #12]
 927:Drivers/STM32F1xx_HAL_Driver/Src/stm32f1xx_hal_tim_ex.c ****     }
 2441              		.loc 1 927 7
 2442 01d0 24E0     		b	.L158
 2443              	.L153:
 933:Drivers/STM32F1xx_HAL_Driver/Src/stm32f1xx_hal_tim_ex.c ****       htim->hdma[TIM_DMA_ID_CC3]->XferHalfCpltCallback = TIM_DMADelayPulseHalfCplt;
 2444              		.loc 1 933 17
 2445 01d2 FB68     		ldr	r3, [r7, #12]
 2446 01d4 DB6A     		ldr	r3, [r3, #44]
 933:Drivers/STM32F1xx_HAL_Driver/Src/stm32f1xx_hal_tim_ex.c ****       htim->hdma[TIM_DMA_ID_CC3]->XferHalfCpltCallback = TIM_DMADelayPulseHalfCplt;
 2447              		.loc 1 933 52
 2448 01d6 324A     		ldr	r2, .L166
ARM GAS  /tmp/ccydCXE5.s 			page 61


 2449 01d8 9A62     		str	r2, [r3, #40]
 934:Drivers/STM32F1xx_HAL_Driver/Src/stm32f1xx_hal_tim_ex.c **** 
 2450              		.loc 1 934 17
 2451 01da FB68     		ldr	r3, [r7, #12]
 2452 01dc DB6A     		ldr	r3, [r3, #44]
 934:Drivers/STM32F1xx_HAL_Driver/Src/stm32f1xx_hal_tim_ex.c **** 
 2453              		.loc 1 934 56
 2454 01de 314A     		ldr	r2, .L166+4
 2455 01e0 DA62     		str	r2, [r3, #44]
 937:Drivers/STM32F1xx_HAL_Driver/Src/stm32f1xx_hal_tim_ex.c **** 
 2456              		.loc 1 937 17
 2457 01e2 FB68     		ldr	r3, [r7, #12]
 2458 01e4 DB6A     		ldr	r3, [r3, #44]
 937:Drivers/STM32F1xx_HAL_Driver/Src/stm32f1xx_hal_tim_ex.c **** 
 2459              		.loc 1 937 53
 2460 01e6 304A     		ldr	r2, .L166+8
 2461 01e8 1A63     		str	r2, [r3, #48]
 940:Drivers/STM32F1xx_HAL_Driver/Src/stm32f1xx_hal_tim_ex.c ****                          Length) != HAL_OK)
 2462              		.loc 1 940 11
 2463 01ea FB68     		ldr	r3, [r7, #12]
 2464 01ec D86A     		ldr	r0, [r3, #44]
 2465 01ee 7968     		ldr	r1, [r7, #4]
 940:Drivers/STM32F1xx_HAL_Driver/Src/stm32f1xx_hal_tim_ex.c ****                          Length) != HAL_OK)
 2466              		.loc 1 940 88
 2467 01f0 FB68     		ldr	r3, [r7, #12]
 2468 01f2 1B68     		ldr	r3, [r3]
 940:Drivers/STM32F1xx_HAL_Driver/Src/stm32f1xx_hal_tim_ex.c ****                          Length) != HAL_OK)
 2469              		.loc 1 940 83
 2470 01f4 3C33     		adds	r3, r3, #60
 940:Drivers/STM32F1xx_HAL_Driver/Src/stm32f1xx_hal_tim_ex.c ****                          Length) != HAL_OK)
 2471              		.loc 1 940 11
 2472 01f6 1A46     		mov	r2, r3
 2473 01f8 7B88     		ldrh	r3, [r7, #2]
 2474 01fa FFF7FEFF 		bl	HAL_DMA_Start_IT
 2475 01fe 0346     		mov	r3, r0
 940:Drivers/STM32F1xx_HAL_Driver/Src/stm32f1xx_hal_tim_ex.c ****                          Length) != HAL_OK)
 2476              		.loc 1 940 10
 2477 0200 002B     		cmp	r3, #0
 2478 0202 01D0     		beq	.L160
 944:Drivers/STM32F1xx_HAL_Driver/Src/stm32f1xx_hal_tim_ex.c ****       }
 2479              		.loc 1 944 16
 2480 0204 0123     		movs	r3, #1
 2481 0206 47E0     		b	.L138
 2482              	.L160:
 947:Drivers/STM32F1xx_HAL_Driver/Src/stm32f1xx_hal_tim_ex.c ****       break;
 2483              		.loc 1 947 7
 2484 0208 FB68     		ldr	r3, [r7, #12]
 2485 020a 1B68     		ldr	r3, [r3]
 2486 020c DA68     		ldr	r2, [r3, #12]
 2487 020e FB68     		ldr	r3, [r7, #12]
 2488 0210 1B68     		ldr	r3, [r3]
 2489 0212 42F40062 		orr	r2, r2, #2048
 2490 0216 DA60     		str	r2, [r3, #12]
 948:Drivers/STM32F1xx_HAL_Driver/Src/stm32f1xx_hal_tim_ex.c ****     }
 2491              		.loc 1 948 7
 2492 0218 00E0     		b	.L158
 2493              	.L165:
ARM GAS  /tmp/ccydCXE5.s 			page 62


 2494              		.loc 1 952 7
 2495 021a 00BF     		nop
 2496              	.L158:
 953:Drivers/STM32F1xx_HAL_Driver/Src/stm32f1xx_hal_tim_ex.c ****   }
 954:Drivers/STM32F1xx_HAL_Driver/Src/stm32f1xx_hal_tim_ex.c **** 
 955:Drivers/STM32F1xx_HAL_Driver/Src/stm32f1xx_hal_tim_ex.c ****   /* Enable the Capture compare channel N */
 956:Drivers/STM32F1xx_HAL_Driver/Src/stm32f1xx_hal_tim_ex.c ****   TIM_CCxNChannelCmd(htim->Instance, Channel, TIM_CCxN_ENABLE);
 2497              		.loc 1 956 3
 2498 021c FB68     		ldr	r3, [r7, #12]
 2499 021e 1B68     		ldr	r3, [r3]
 2500 0220 0422     		movs	r2, #4
 2501 0222 B968     		ldr	r1, [r7, #8]
 2502 0224 1846     		mov	r0, r3
 2503 0226 FFF7FEFF 		bl	TIM_CCxNChannelCmd
 957:Drivers/STM32F1xx_HAL_Driver/Src/stm32f1xx_hal_tim_ex.c **** 
 958:Drivers/STM32F1xx_HAL_Driver/Src/stm32f1xx_hal_tim_ex.c ****   /* Enable the Main Output */
 959:Drivers/STM32F1xx_HAL_Driver/Src/stm32f1xx_hal_tim_ex.c ****   __HAL_TIM_MOE_ENABLE(htim);
 2504              		.loc 1 959 3
 2505 022a FB68     		ldr	r3, [r7, #12]
 2506 022c 1B68     		ldr	r3, [r3]
 2507 022e 5A6C     		ldr	r2, [r3, #68]
 2508 0230 FB68     		ldr	r3, [r7, #12]
 2509 0232 1B68     		ldr	r3, [r3]
 2510 0234 42F40042 		orr	r2, r2, #32768
 2511 0238 5A64     		str	r2, [r3, #68]
 960:Drivers/STM32F1xx_HAL_Driver/Src/stm32f1xx_hal_tim_ex.c **** 
 961:Drivers/STM32F1xx_HAL_Driver/Src/stm32f1xx_hal_tim_ex.c ****   /* Enable the Peripheral, except in trigger mode where enable is automatically done with trigger 
 962:Drivers/STM32F1xx_HAL_Driver/Src/stm32f1xx_hal_tim_ex.c ****   if (IS_TIM_SLAVE_INSTANCE(htim->Instance))
 2512              		.loc 1 962 7
 2513 023a FB68     		ldr	r3, [r7, #12]
 2514 023c 1B68     		ldr	r3, [r3]
 2515              		.loc 1 962 6
 2516 023e 1B4A     		ldr	r2, .L166+12
 2517 0240 9342     		cmp	r3, r2
 2518 0242 0ED0     		beq	.L161
 2519              		.loc 1 962 7 discriminator 1
 2520 0244 FB68     		ldr	r3, [r7, #12]
 2521 0246 1B68     		ldr	r3, [r3]
 2522 0248 B3F1804F 		cmp	r3, #1073741824
 2523 024c 09D0     		beq	.L161
 2524              		.loc 1 962 7 is_stmt 0 discriminator 2
 2525 024e FB68     		ldr	r3, [r7, #12]
 2526 0250 1B68     		ldr	r3, [r3]
 2527 0252 174A     		ldr	r2, .L166+16
 2528 0254 9342     		cmp	r3, r2
 2529 0256 04D0     		beq	.L161
 2530              		.loc 1 962 7 discriminator 3
 2531 0258 FB68     		ldr	r3, [r7, #12]
 2532 025a 1B68     		ldr	r3, [r3]
 2533 025c 154A     		ldr	r2, .L166+20
 2534 025e 9342     		cmp	r3, r2
 2535 0260 11D1     		bne	.L162
 2536              	.L161:
 963:Drivers/STM32F1xx_HAL_Driver/Src/stm32f1xx_hal_tim_ex.c ****   {
 964:Drivers/STM32F1xx_HAL_Driver/Src/stm32f1xx_hal_tim_ex.c ****     tmpsmcr = htim->Instance->SMCR & TIM_SMCR_SMS;
 2537              		.loc 1 964 19 is_stmt 1
 2538 0262 FB68     		ldr	r3, [r7, #12]
ARM GAS  /tmp/ccydCXE5.s 			page 63


 2539 0264 1B68     		ldr	r3, [r3]
 2540              		.loc 1 964 29
 2541 0266 9B68     		ldr	r3, [r3, #8]
 2542              		.loc 1 964 13
 2543 0268 03F00703 		and	r3, r3, #7
 2544 026c 7B61     		str	r3, [r7, #20]
 965:Drivers/STM32F1xx_HAL_Driver/Src/stm32f1xx_hal_tim_ex.c ****     if (!IS_TIM_SLAVEMODE_TRIGGER_ENABLED(tmpsmcr))
 2545              		.loc 1 965 8
 2546 026e 7B69     		ldr	r3, [r7, #20]
 2547 0270 062B     		cmp	r3, #6
 2548 0272 10D0     		beq	.L164
 966:Drivers/STM32F1xx_HAL_Driver/Src/stm32f1xx_hal_tim_ex.c ****     {
 967:Drivers/STM32F1xx_HAL_Driver/Src/stm32f1xx_hal_tim_ex.c ****       __HAL_TIM_ENABLE(htim);
 2549              		.loc 1 967 7
 2550 0274 FB68     		ldr	r3, [r7, #12]
 2551 0276 1B68     		ldr	r3, [r3]
 2552 0278 1A68     		ldr	r2, [r3]
 2553 027a FB68     		ldr	r3, [r7, #12]
 2554 027c 1B68     		ldr	r3, [r3]
 2555 027e 42F00102 		orr	r2, r2, #1
 2556 0282 1A60     		str	r2, [r3]
 965:Drivers/STM32F1xx_HAL_Driver/Src/stm32f1xx_hal_tim_ex.c ****     if (!IS_TIM_SLAVEMODE_TRIGGER_ENABLED(tmpsmcr))
 2557              		.loc 1 965 8
 2558 0284 07E0     		b	.L164
 2559              	.L162:
 968:Drivers/STM32F1xx_HAL_Driver/Src/stm32f1xx_hal_tim_ex.c ****     }
 969:Drivers/STM32F1xx_HAL_Driver/Src/stm32f1xx_hal_tim_ex.c ****   }
 970:Drivers/STM32F1xx_HAL_Driver/Src/stm32f1xx_hal_tim_ex.c ****   else
 971:Drivers/STM32F1xx_HAL_Driver/Src/stm32f1xx_hal_tim_ex.c ****   {
 972:Drivers/STM32F1xx_HAL_Driver/Src/stm32f1xx_hal_tim_ex.c ****     __HAL_TIM_ENABLE(htim);
 2560              		.loc 1 972 5
 2561 0286 FB68     		ldr	r3, [r7, #12]
 2562 0288 1B68     		ldr	r3, [r3]
 2563 028a 1A68     		ldr	r2, [r3]
 2564 028c FB68     		ldr	r3, [r7, #12]
 2565 028e 1B68     		ldr	r3, [r3]
 2566 0290 42F00102 		orr	r2, r2, #1
 2567 0294 1A60     		str	r2, [r3]
 2568              	.L164:
 973:Drivers/STM32F1xx_HAL_Driver/Src/stm32f1xx_hal_tim_ex.c ****   }
 974:Drivers/STM32F1xx_HAL_Driver/Src/stm32f1xx_hal_tim_ex.c **** 
 975:Drivers/STM32F1xx_HAL_Driver/Src/stm32f1xx_hal_tim_ex.c ****   /* Return function status */
 976:Drivers/STM32F1xx_HAL_Driver/Src/stm32f1xx_hal_tim_ex.c ****   return HAL_OK;
 2569              		.loc 1 976 10
 2570 0296 0023     		movs	r3, #0
 2571              	.L138:
 977:Drivers/STM32F1xx_HAL_Driver/Src/stm32f1xx_hal_tim_ex.c **** }
 2572              		.loc 1 977 1
 2573 0298 1846     		mov	r0, r3
 2574 029a 1837     		adds	r7, r7, #24
 2575              	.LCFI75:
 2576              		.cfi_def_cfa_offset 8
 2577 029c BD46     		mov	sp, r7
 2578              	.LCFI76:
 2579              		.cfi_def_cfa_register 13
 2580              		@ sp needed
 2581 029e 80BD     		pop	{r7, pc}
ARM GAS  /tmp/ccydCXE5.s 			page 64


 2582              	.L167:
 2583              		.align	2
 2584              	.L166:
 2585 02a0 00000000 		.word	TIM_DMADelayPulseNCplt
 2586 02a4 00000000 		.word	TIM_DMADelayPulseHalfCplt
 2587 02a8 00000000 		.word	TIM_DMAErrorCCxN
 2588 02ac 002C0140 		.word	1073818624
 2589 02b0 00040040 		.word	1073742848
 2590 02b4 00080040 		.word	1073743872
 2591              		.cfi_endproc
 2592              	.LFE79:
 2594              		.section	.text.HAL_TIMEx_OCN_Stop_DMA,"ax",%progbits
 2595              		.align	1
 2596              		.global	HAL_TIMEx_OCN_Stop_DMA
 2597              		.syntax unified
 2598              		.thumb
 2599              		.thumb_func
 2601              	HAL_TIMEx_OCN_Stop_DMA:
 2602              	.LFB80:
 978:Drivers/STM32F1xx_HAL_Driver/Src/stm32f1xx_hal_tim_ex.c **** 
 979:Drivers/STM32F1xx_HAL_Driver/Src/stm32f1xx_hal_tim_ex.c **** /**
 980:Drivers/STM32F1xx_HAL_Driver/Src/stm32f1xx_hal_tim_ex.c ****   * @brief  Stops the TIM Output Compare signal generation in DMA mode
 981:Drivers/STM32F1xx_HAL_Driver/Src/stm32f1xx_hal_tim_ex.c ****   *         on the complementary output.
 982:Drivers/STM32F1xx_HAL_Driver/Src/stm32f1xx_hal_tim_ex.c ****   * @param  htim TIM Output Compare handle
 983:Drivers/STM32F1xx_HAL_Driver/Src/stm32f1xx_hal_tim_ex.c ****   * @param  Channel TIM Channel to be disabled
 984:Drivers/STM32F1xx_HAL_Driver/Src/stm32f1xx_hal_tim_ex.c ****   *          This parameter can be one of the following values:
 985:Drivers/STM32F1xx_HAL_Driver/Src/stm32f1xx_hal_tim_ex.c ****   *            @arg TIM_CHANNEL_1: TIM Channel 1 selected
 986:Drivers/STM32F1xx_HAL_Driver/Src/stm32f1xx_hal_tim_ex.c ****   *            @arg TIM_CHANNEL_2: TIM Channel 2 selected
 987:Drivers/STM32F1xx_HAL_Driver/Src/stm32f1xx_hal_tim_ex.c ****   *            @arg TIM_CHANNEL_3: TIM Channel 3 selected
 988:Drivers/STM32F1xx_HAL_Driver/Src/stm32f1xx_hal_tim_ex.c ****   * @retval HAL status
 989:Drivers/STM32F1xx_HAL_Driver/Src/stm32f1xx_hal_tim_ex.c ****   */
 990:Drivers/STM32F1xx_HAL_Driver/Src/stm32f1xx_hal_tim_ex.c **** HAL_StatusTypeDef HAL_TIMEx_OCN_Stop_DMA(TIM_HandleTypeDef *htim, uint32_t Channel)
 991:Drivers/STM32F1xx_HAL_Driver/Src/stm32f1xx_hal_tim_ex.c **** {
 2603              		.loc 1 991 1
 2604              		.cfi_startproc
 2605              		@ args = 0, pretend = 0, frame = 8
 2606              		@ frame_needed = 1, uses_anonymous_args = 0
 2607 0000 80B5     		push	{r7, lr}
 2608              	.LCFI77:
 2609              		.cfi_def_cfa_offset 8
 2610              		.cfi_offset 7, -8
 2611              		.cfi_offset 14, -4
 2612 0002 82B0     		sub	sp, sp, #8
 2613              	.LCFI78:
 2614              		.cfi_def_cfa_offset 16
 2615 0004 00AF     		add	r7, sp, #0
 2616              	.LCFI79:
 2617              		.cfi_def_cfa_register 7
 2618 0006 7860     		str	r0, [r7, #4]
 2619 0008 3960     		str	r1, [r7]
 992:Drivers/STM32F1xx_HAL_Driver/Src/stm32f1xx_hal_tim_ex.c ****   /* Check the parameters */
 993:Drivers/STM32F1xx_HAL_Driver/Src/stm32f1xx_hal_tim_ex.c ****   assert_param(IS_TIM_CCXN_INSTANCE(htim->Instance, Channel));
 994:Drivers/STM32F1xx_HAL_Driver/Src/stm32f1xx_hal_tim_ex.c **** 
 995:Drivers/STM32F1xx_HAL_Driver/Src/stm32f1xx_hal_tim_ex.c ****   switch (Channel)
 2620              		.loc 1 995 3
 2621 000a 3B68     		ldr	r3, [r7]
 2622 000c 082B     		cmp	r3, #8
ARM GAS  /tmp/ccydCXE5.s 			page 65


 2623 000e 25D0     		beq	.L169
 2624 0010 3B68     		ldr	r3, [r7]
 2625 0012 082B     		cmp	r3, #8
 2626 0014 30D8     		bhi	.L183
 2627 0016 3B68     		ldr	r3, [r7]
 2628 0018 002B     		cmp	r3, #0
 2629 001a 03D0     		beq	.L171
 2630 001c 3B68     		ldr	r3, [r7]
 2631 001e 042B     		cmp	r3, #4
 2632 0020 0ED0     		beq	.L172
 996:Drivers/STM32F1xx_HAL_Driver/Src/stm32f1xx_hal_tim_ex.c ****   {
 997:Drivers/STM32F1xx_HAL_Driver/Src/stm32f1xx_hal_tim_ex.c ****     case TIM_CHANNEL_1:
 998:Drivers/STM32F1xx_HAL_Driver/Src/stm32f1xx_hal_tim_ex.c ****     {
 999:Drivers/STM32F1xx_HAL_Driver/Src/stm32f1xx_hal_tim_ex.c ****       /* Disable the TIM Output Compare DMA request */
1000:Drivers/STM32F1xx_HAL_Driver/Src/stm32f1xx_hal_tim_ex.c ****       __HAL_TIM_DISABLE_DMA(htim, TIM_DMA_CC1);
1001:Drivers/STM32F1xx_HAL_Driver/Src/stm32f1xx_hal_tim_ex.c ****       (void)HAL_DMA_Abort_IT(htim->hdma[TIM_DMA_ID_CC1]);
1002:Drivers/STM32F1xx_HAL_Driver/Src/stm32f1xx_hal_tim_ex.c ****       break;
1003:Drivers/STM32F1xx_HAL_Driver/Src/stm32f1xx_hal_tim_ex.c ****     }
1004:Drivers/STM32F1xx_HAL_Driver/Src/stm32f1xx_hal_tim_ex.c **** 
1005:Drivers/STM32F1xx_HAL_Driver/Src/stm32f1xx_hal_tim_ex.c ****     case TIM_CHANNEL_2:
1006:Drivers/STM32F1xx_HAL_Driver/Src/stm32f1xx_hal_tim_ex.c ****     {
1007:Drivers/STM32F1xx_HAL_Driver/Src/stm32f1xx_hal_tim_ex.c ****       /* Disable the TIM Output Compare DMA request */
1008:Drivers/STM32F1xx_HAL_Driver/Src/stm32f1xx_hal_tim_ex.c ****       __HAL_TIM_DISABLE_DMA(htim, TIM_DMA_CC2);
1009:Drivers/STM32F1xx_HAL_Driver/Src/stm32f1xx_hal_tim_ex.c ****       (void)HAL_DMA_Abort_IT(htim->hdma[TIM_DMA_ID_CC2]);
1010:Drivers/STM32F1xx_HAL_Driver/Src/stm32f1xx_hal_tim_ex.c ****       break;
1011:Drivers/STM32F1xx_HAL_Driver/Src/stm32f1xx_hal_tim_ex.c ****     }
1012:Drivers/STM32F1xx_HAL_Driver/Src/stm32f1xx_hal_tim_ex.c **** 
1013:Drivers/STM32F1xx_HAL_Driver/Src/stm32f1xx_hal_tim_ex.c ****     case TIM_CHANNEL_3:
1014:Drivers/STM32F1xx_HAL_Driver/Src/stm32f1xx_hal_tim_ex.c ****     {
1015:Drivers/STM32F1xx_HAL_Driver/Src/stm32f1xx_hal_tim_ex.c ****       /* Disable the TIM Output Compare DMA request */
1016:Drivers/STM32F1xx_HAL_Driver/Src/stm32f1xx_hal_tim_ex.c ****       __HAL_TIM_DISABLE_DMA(htim, TIM_DMA_CC3);
1017:Drivers/STM32F1xx_HAL_Driver/Src/stm32f1xx_hal_tim_ex.c ****       (void)HAL_DMA_Abort_IT(htim->hdma[TIM_DMA_ID_CC3]);
1018:Drivers/STM32F1xx_HAL_Driver/Src/stm32f1xx_hal_tim_ex.c ****       break;
1019:Drivers/STM32F1xx_HAL_Driver/Src/stm32f1xx_hal_tim_ex.c ****     }
1020:Drivers/STM32F1xx_HAL_Driver/Src/stm32f1xx_hal_tim_ex.c **** 
1021:Drivers/STM32F1xx_HAL_Driver/Src/stm32f1xx_hal_tim_ex.c ****     default:
1022:Drivers/STM32F1xx_HAL_Driver/Src/stm32f1xx_hal_tim_ex.c ****       break;
 2633              		.loc 1 1022 7
 2634 0022 29E0     		b	.L183
 2635              	.L171:
1000:Drivers/STM32F1xx_HAL_Driver/Src/stm32f1xx_hal_tim_ex.c ****       (void)HAL_DMA_Abort_IT(htim->hdma[TIM_DMA_ID_CC1]);
 2636              		.loc 1 1000 7
 2637 0024 7B68     		ldr	r3, [r7, #4]
 2638 0026 1B68     		ldr	r3, [r3]
 2639 0028 DA68     		ldr	r2, [r3, #12]
 2640 002a 7B68     		ldr	r3, [r7, #4]
 2641 002c 1B68     		ldr	r3, [r3]
 2642 002e 22F40072 		bic	r2, r2, #512
 2643 0032 DA60     		str	r2, [r3, #12]
1001:Drivers/STM32F1xx_HAL_Driver/Src/stm32f1xx_hal_tim_ex.c ****       break;
 2644              		.loc 1 1001 13
 2645 0034 7B68     		ldr	r3, [r7, #4]
 2646 0036 5B6A     		ldr	r3, [r3, #36]
 2647 0038 1846     		mov	r0, r3
 2648 003a FFF7FEFF 		bl	HAL_DMA_Abort_IT
1002:Drivers/STM32F1xx_HAL_Driver/Src/stm32f1xx_hal_tim_ex.c ****     }
 2649              		.loc 1 1002 7
ARM GAS  /tmp/ccydCXE5.s 			page 66


 2650 003e 1CE0     		b	.L173
 2651              	.L172:
1008:Drivers/STM32F1xx_HAL_Driver/Src/stm32f1xx_hal_tim_ex.c ****       (void)HAL_DMA_Abort_IT(htim->hdma[TIM_DMA_ID_CC2]);
 2652              		.loc 1 1008 7
 2653 0040 7B68     		ldr	r3, [r7, #4]
 2654 0042 1B68     		ldr	r3, [r3]
 2655 0044 DA68     		ldr	r2, [r3, #12]
 2656 0046 7B68     		ldr	r3, [r7, #4]
 2657 0048 1B68     		ldr	r3, [r3]
 2658 004a 22F48062 		bic	r2, r2, #1024
 2659 004e DA60     		str	r2, [r3, #12]
1009:Drivers/STM32F1xx_HAL_Driver/Src/stm32f1xx_hal_tim_ex.c ****       break;
 2660              		.loc 1 1009 13
 2661 0050 7B68     		ldr	r3, [r7, #4]
 2662 0052 9B6A     		ldr	r3, [r3, #40]
 2663 0054 1846     		mov	r0, r3
 2664 0056 FFF7FEFF 		bl	HAL_DMA_Abort_IT
1010:Drivers/STM32F1xx_HAL_Driver/Src/stm32f1xx_hal_tim_ex.c ****     }
 2665              		.loc 1 1010 7
 2666 005a 0EE0     		b	.L173
 2667              	.L169:
1016:Drivers/STM32F1xx_HAL_Driver/Src/stm32f1xx_hal_tim_ex.c ****       (void)HAL_DMA_Abort_IT(htim->hdma[TIM_DMA_ID_CC3]);
 2668              		.loc 1 1016 7
 2669 005c 7B68     		ldr	r3, [r7, #4]
 2670 005e 1B68     		ldr	r3, [r3]
 2671 0060 DA68     		ldr	r2, [r3, #12]
 2672 0062 7B68     		ldr	r3, [r7, #4]
 2673 0064 1B68     		ldr	r3, [r3]
 2674 0066 22F40062 		bic	r2, r2, #2048
 2675 006a DA60     		str	r2, [r3, #12]
1017:Drivers/STM32F1xx_HAL_Driver/Src/stm32f1xx_hal_tim_ex.c ****       break;
 2676              		.loc 1 1017 13
 2677 006c 7B68     		ldr	r3, [r7, #4]
 2678 006e DB6A     		ldr	r3, [r3, #44]
 2679 0070 1846     		mov	r0, r3
 2680 0072 FFF7FEFF 		bl	HAL_DMA_Abort_IT
1018:Drivers/STM32F1xx_HAL_Driver/Src/stm32f1xx_hal_tim_ex.c ****     }
 2681              		.loc 1 1018 7
 2682 0076 00E0     		b	.L173
 2683              	.L183:
 2684              		.loc 1 1022 7
 2685 0078 00BF     		nop
 2686              	.L173:
1023:Drivers/STM32F1xx_HAL_Driver/Src/stm32f1xx_hal_tim_ex.c ****   }
1024:Drivers/STM32F1xx_HAL_Driver/Src/stm32f1xx_hal_tim_ex.c **** 
1025:Drivers/STM32F1xx_HAL_Driver/Src/stm32f1xx_hal_tim_ex.c ****   /* Disable the Capture compare channel N */
1026:Drivers/STM32F1xx_HAL_Driver/Src/stm32f1xx_hal_tim_ex.c ****   TIM_CCxNChannelCmd(htim->Instance, Channel, TIM_CCxN_DISABLE);
 2687              		.loc 1 1026 3
 2688 007a 7B68     		ldr	r3, [r7, #4]
 2689 007c 1B68     		ldr	r3, [r3]
 2690 007e 0022     		movs	r2, #0
 2691 0080 3968     		ldr	r1, [r7]
 2692 0082 1846     		mov	r0, r3
 2693 0084 FFF7FEFF 		bl	TIM_CCxNChannelCmd
1027:Drivers/STM32F1xx_HAL_Driver/Src/stm32f1xx_hal_tim_ex.c **** 
1028:Drivers/STM32F1xx_HAL_Driver/Src/stm32f1xx_hal_tim_ex.c ****   /* Disable the Main Output */
1029:Drivers/STM32F1xx_HAL_Driver/Src/stm32f1xx_hal_tim_ex.c ****   __HAL_TIM_MOE_DISABLE(htim);
ARM GAS  /tmp/ccydCXE5.s 			page 67


 2694              		.loc 1 1029 3
 2695 0088 7B68     		ldr	r3, [r7, #4]
 2696 008a 1B68     		ldr	r3, [r3]
 2697 008c 1A6A     		ldr	r2, [r3, #32]
 2698 008e 41F21113 		movw	r3, #4369
 2699 0092 1340     		ands	r3, r3, r2
 2700 0094 002B     		cmp	r3, #0
 2701 0096 0FD1     		bne	.L174
 2702              		.loc 1 1029 3 is_stmt 0 discriminator 1
 2703 0098 7B68     		ldr	r3, [r7, #4]
 2704 009a 1B68     		ldr	r3, [r3]
 2705 009c 1A6A     		ldr	r2, [r3, #32]
 2706 009e 40F24443 		movw	r3, #1092
 2707 00a2 1340     		ands	r3, r3, r2
 2708 00a4 002B     		cmp	r3, #0
 2709 00a6 07D1     		bne	.L174
 2710              		.loc 1 1029 3 discriminator 2
 2711 00a8 7B68     		ldr	r3, [r7, #4]
 2712 00aa 1B68     		ldr	r3, [r3]
 2713 00ac 5A6C     		ldr	r2, [r3, #68]
 2714 00ae 7B68     		ldr	r3, [r7, #4]
 2715 00b0 1B68     		ldr	r3, [r3]
 2716 00b2 22F40042 		bic	r2, r2, #32768
 2717 00b6 5A64     		str	r2, [r3, #68]
 2718              	.L174:
1030:Drivers/STM32F1xx_HAL_Driver/Src/stm32f1xx_hal_tim_ex.c **** 
1031:Drivers/STM32F1xx_HAL_Driver/Src/stm32f1xx_hal_tim_ex.c ****   /* Disable the Peripheral */
1032:Drivers/STM32F1xx_HAL_Driver/Src/stm32f1xx_hal_tim_ex.c ****   __HAL_TIM_DISABLE(htim);
 2719              		.loc 1 1032 3 is_stmt 1
 2720 00b8 7B68     		ldr	r3, [r7, #4]
 2721 00ba 1B68     		ldr	r3, [r3]
 2722 00bc 1A6A     		ldr	r2, [r3, #32]
 2723 00be 41F21113 		movw	r3, #4369
 2724 00c2 1340     		ands	r3, r3, r2
 2725 00c4 002B     		cmp	r3, #0
 2726 00c6 0FD1     		bne	.L175
 2727              		.loc 1 1032 3 is_stmt 0 discriminator 1
 2728 00c8 7B68     		ldr	r3, [r7, #4]
 2729 00ca 1B68     		ldr	r3, [r3]
 2730 00cc 1A6A     		ldr	r2, [r3, #32]
 2731 00ce 40F24443 		movw	r3, #1092
 2732 00d2 1340     		ands	r3, r3, r2
 2733 00d4 002B     		cmp	r3, #0
 2734 00d6 07D1     		bne	.L175
 2735              		.loc 1 1032 3 discriminator 2
 2736 00d8 7B68     		ldr	r3, [r7, #4]
 2737 00da 1B68     		ldr	r3, [r3]
 2738 00dc 1A68     		ldr	r2, [r3]
 2739 00de 7B68     		ldr	r3, [r7, #4]
 2740 00e0 1B68     		ldr	r3, [r3]
 2741 00e2 22F00102 		bic	r2, r2, #1
 2742 00e6 1A60     		str	r2, [r3]
 2743              	.L175:
1033:Drivers/STM32F1xx_HAL_Driver/Src/stm32f1xx_hal_tim_ex.c **** 
1034:Drivers/STM32F1xx_HAL_Driver/Src/stm32f1xx_hal_tim_ex.c ****   /* Set the TIM complementary channel state */
1035:Drivers/STM32F1xx_HAL_Driver/Src/stm32f1xx_hal_tim_ex.c ****   TIM_CHANNEL_N_STATE_SET(htim, Channel, HAL_TIM_CHANNEL_STATE_READY);
 2744              		.loc 1 1035 3 is_stmt 1
ARM GAS  /tmp/ccydCXE5.s 			page 68


 2745 00e8 3B68     		ldr	r3, [r7]
 2746 00ea 002B     		cmp	r3, #0
 2747 00ec 04D1     		bne	.L176
 2748              		.loc 1 1035 3 is_stmt 0 discriminator 1
 2749 00ee 7B68     		ldr	r3, [r7, #4]
 2750 00f0 0122     		movs	r2, #1
 2751 00f2 83F84220 		strb	r2, [r3, #66]
 2752 00f6 13E0     		b	.L177
 2753              	.L176:
 2754              		.loc 1 1035 3 discriminator 2
 2755 00f8 3B68     		ldr	r3, [r7]
 2756 00fa 042B     		cmp	r3, #4
 2757 00fc 04D1     		bne	.L178
 2758              		.loc 1 1035 3 discriminator 3
 2759 00fe 7B68     		ldr	r3, [r7, #4]
 2760 0100 0122     		movs	r2, #1
 2761 0102 83F84320 		strb	r2, [r3, #67]
 2762 0106 0BE0     		b	.L177
 2763              	.L178:
 2764              		.loc 1 1035 3 discriminator 4
 2765 0108 3B68     		ldr	r3, [r7]
 2766 010a 082B     		cmp	r3, #8
 2767 010c 04D1     		bne	.L180
 2768              		.loc 1 1035 3 discriminator 6
 2769 010e 7B68     		ldr	r3, [r7, #4]
 2770 0110 0122     		movs	r2, #1
 2771 0112 83F84420 		strb	r2, [r3, #68]
 2772 0116 03E0     		b	.L177
 2773              	.L180:
 2774              		.loc 1 1035 3 discriminator 7
 2775 0118 7B68     		ldr	r3, [r7, #4]
 2776 011a 0122     		movs	r2, #1
 2777 011c 83F84520 		strb	r2, [r3, #69]
 2778              	.L177:
1036:Drivers/STM32F1xx_HAL_Driver/Src/stm32f1xx_hal_tim_ex.c **** 
1037:Drivers/STM32F1xx_HAL_Driver/Src/stm32f1xx_hal_tim_ex.c ****   /* Return function status */
1038:Drivers/STM32F1xx_HAL_Driver/Src/stm32f1xx_hal_tim_ex.c ****   return HAL_OK;
 2779              		.loc 1 1038 10 is_stmt 1
 2780 0120 0023     		movs	r3, #0
1039:Drivers/STM32F1xx_HAL_Driver/Src/stm32f1xx_hal_tim_ex.c **** }
 2781              		.loc 1 1039 1
 2782 0122 1846     		mov	r0, r3
 2783 0124 0837     		adds	r7, r7, #8
 2784              	.LCFI80:
 2785              		.cfi_def_cfa_offset 8
 2786 0126 BD46     		mov	sp, r7
 2787              	.LCFI81:
 2788              		.cfi_def_cfa_register 13
 2789              		@ sp needed
 2790 0128 80BD     		pop	{r7, pc}
 2791              		.cfi_endproc
 2792              	.LFE80:
 2794              		.section	.text.HAL_TIMEx_PWMN_Start,"ax",%progbits
 2795              		.align	1
 2796              		.global	HAL_TIMEx_PWMN_Start
 2797              		.syntax unified
 2798              		.thumb
ARM GAS  /tmp/ccydCXE5.s 			page 69


 2799              		.thumb_func
 2801              	HAL_TIMEx_PWMN_Start:
 2802              	.LFB81:
1040:Drivers/STM32F1xx_HAL_Driver/Src/stm32f1xx_hal_tim_ex.c **** 
1041:Drivers/STM32F1xx_HAL_Driver/Src/stm32f1xx_hal_tim_ex.c **** /**
1042:Drivers/STM32F1xx_HAL_Driver/Src/stm32f1xx_hal_tim_ex.c ****   * @}
1043:Drivers/STM32F1xx_HAL_Driver/Src/stm32f1xx_hal_tim_ex.c ****   */
1044:Drivers/STM32F1xx_HAL_Driver/Src/stm32f1xx_hal_tim_ex.c **** 
1045:Drivers/STM32F1xx_HAL_Driver/Src/stm32f1xx_hal_tim_ex.c **** /** @defgroup TIMEx_Exported_Functions_Group3 Extended Timer Complementary PWM functions
1046:Drivers/STM32F1xx_HAL_Driver/Src/stm32f1xx_hal_tim_ex.c ****   * @brief    Timer Complementary PWM functions
1047:Drivers/STM32F1xx_HAL_Driver/Src/stm32f1xx_hal_tim_ex.c ****   *
1048:Drivers/STM32F1xx_HAL_Driver/Src/stm32f1xx_hal_tim_ex.c **** @verbatim
1049:Drivers/STM32F1xx_HAL_Driver/Src/stm32f1xx_hal_tim_ex.c ****   ==============================================================================
1050:Drivers/STM32F1xx_HAL_Driver/Src/stm32f1xx_hal_tim_ex.c ****                  ##### Timer Complementary PWM functions #####
1051:Drivers/STM32F1xx_HAL_Driver/Src/stm32f1xx_hal_tim_ex.c ****   ==============================================================================
1052:Drivers/STM32F1xx_HAL_Driver/Src/stm32f1xx_hal_tim_ex.c ****   [..]
1053:Drivers/STM32F1xx_HAL_Driver/Src/stm32f1xx_hal_tim_ex.c ****     This section provides functions allowing to:
1054:Drivers/STM32F1xx_HAL_Driver/Src/stm32f1xx_hal_tim_ex.c ****     (+) Start the Complementary PWM.
1055:Drivers/STM32F1xx_HAL_Driver/Src/stm32f1xx_hal_tim_ex.c ****     (+) Stop the Complementary PWM.
1056:Drivers/STM32F1xx_HAL_Driver/Src/stm32f1xx_hal_tim_ex.c ****     (+) Start the Complementary PWM and enable interrupts.
1057:Drivers/STM32F1xx_HAL_Driver/Src/stm32f1xx_hal_tim_ex.c ****     (+) Stop the Complementary PWM and disable interrupts.
1058:Drivers/STM32F1xx_HAL_Driver/Src/stm32f1xx_hal_tim_ex.c ****     (+) Start the Complementary PWM and enable DMA transfers.
1059:Drivers/STM32F1xx_HAL_Driver/Src/stm32f1xx_hal_tim_ex.c ****     (+) Stop the Complementary PWM and disable DMA transfers.
1060:Drivers/STM32F1xx_HAL_Driver/Src/stm32f1xx_hal_tim_ex.c ****     (+) Start the Complementary Input Capture measurement.
1061:Drivers/STM32F1xx_HAL_Driver/Src/stm32f1xx_hal_tim_ex.c ****     (+) Stop the Complementary Input Capture.
1062:Drivers/STM32F1xx_HAL_Driver/Src/stm32f1xx_hal_tim_ex.c ****     (+) Start the Complementary Input Capture and enable interrupts.
1063:Drivers/STM32F1xx_HAL_Driver/Src/stm32f1xx_hal_tim_ex.c ****     (+) Stop the Complementary Input Capture and disable interrupts.
1064:Drivers/STM32F1xx_HAL_Driver/Src/stm32f1xx_hal_tim_ex.c ****     (+) Start the Complementary Input Capture and enable DMA transfers.
1065:Drivers/STM32F1xx_HAL_Driver/Src/stm32f1xx_hal_tim_ex.c ****     (+) Stop the Complementary Input Capture and disable DMA transfers.
1066:Drivers/STM32F1xx_HAL_Driver/Src/stm32f1xx_hal_tim_ex.c ****     (+) Start the Complementary One Pulse generation.
1067:Drivers/STM32F1xx_HAL_Driver/Src/stm32f1xx_hal_tim_ex.c ****     (+) Stop the Complementary One Pulse.
1068:Drivers/STM32F1xx_HAL_Driver/Src/stm32f1xx_hal_tim_ex.c ****     (+) Start the Complementary One Pulse and enable interrupts.
1069:Drivers/STM32F1xx_HAL_Driver/Src/stm32f1xx_hal_tim_ex.c ****     (+) Stop the Complementary One Pulse and disable interrupts.
1070:Drivers/STM32F1xx_HAL_Driver/Src/stm32f1xx_hal_tim_ex.c **** 
1071:Drivers/STM32F1xx_HAL_Driver/Src/stm32f1xx_hal_tim_ex.c **** @endverbatim
1072:Drivers/STM32F1xx_HAL_Driver/Src/stm32f1xx_hal_tim_ex.c ****   * @{
1073:Drivers/STM32F1xx_HAL_Driver/Src/stm32f1xx_hal_tim_ex.c ****   */
1074:Drivers/STM32F1xx_HAL_Driver/Src/stm32f1xx_hal_tim_ex.c **** 
1075:Drivers/STM32F1xx_HAL_Driver/Src/stm32f1xx_hal_tim_ex.c **** /**
1076:Drivers/STM32F1xx_HAL_Driver/Src/stm32f1xx_hal_tim_ex.c ****   * @brief  Starts the PWM signal generation on the complementary output.
1077:Drivers/STM32F1xx_HAL_Driver/Src/stm32f1xx_hal_tim_ex.c ****   * @param  htim TIM handle
1078:Drivers/STM32F1xx_HAL_Driver/Src/stm32f1xx_hal_tim_ex.c ****   * @param  Channel TIM Channel to be enabled
1079:Drivers/STM32F1xx_HAL_Driver/Src/stm32f1xx_hal_tim_ex.c ****   *          This parameter can be one of the following values:
1080:Drivers/STM32F1xx_HAL_Driver/Src/stm32f1xx_hal_tim_ex.c ****   *            @arg TIM_CHANNEL_1: TIM Channel 1 selected
1081:Drivers/STM32F1xx_HAL_Driver/Src/stm32f1xx_hal_tim_ex.c ****   *            @arg TIM_CHANNEL_2: TIM Channel 2 selected
1082:Drivers/STM32F1xx_HAL_Driver/Src/stm32f1xx_hal_tim_ex.c ****   *            @arg TIM_CHANNEL_3: TIM Channel 3 selected
1083:Drivers/STM32F1xx_HAL_Driver/Src/stm32f1xx_hal_tim_ex.c ****   * @retval HAL status
1084:Drivers/STM32F1xx_HAL_Driver/Src/stm32f1xx_hal_tim_ex.c ****   */
1085:Drivers/STM32F1xx_HAL_Driver/Src/stm32f1xx_hal_tim_ex.c **** HAL_StatusTypeDef HAL_TIMEx_PWMN_Start(TIM_HandleTypeDef *htim, uint32_t Channel)
1086:Drivers/STM32F1xx_HAL_Driver/Src/stm32f1xx_hal_tim_ex.c **** {
 2803              		.loc 1 1086 1
 2804              		.cfi_startproc
 2805              		@ args = 0, pretend = 0, frame = 16
 2806              		@ frame_needed = 1, uses_anonymous_args = 0
 2807 0000 80B5     		push	{r7, lr}
 2808              	.LCFI82:
 2809              		.cfi_def_cfa_offset 8
ARM GAS  /tmp/ccydCXE5.s 			page 70


 2810              		.cfi_offset 7, -8
 2811              		.cfi_offset 14, -4
 2812 0002 84B0     		sub	sp, sp, #16
 2813              	.LCFI83:
 2814              		.cfi_def_cfa_offset 24
 2815 0004 00AF     		add	r7, sp, #0
 2816              	.LCFI84:
 2817              		.cfi_def_cfa_register 7
 2818 0006 7860     		str	r0, [r7, #4]
 2819 0008 3960     		str	r1, [r7]
1087:Drivers/STM32F1xx_HAL_Driver/Src/stm32f1xx_hal_tim_ex.c ****   uint32_t tmpsmcr;
1088:Drivers/STM32F1xx_HAL_Driver/Src/stm32f1xx_hal_tim_ex.c **** 
1089:Drivers/STM32F1xx_HAL_Driver/Src/stm32f1xx_hal_tim_ex.c ****   /* Check the parameters */
1090:Drivers/STM32F1xx_HAL_Driver/Src/stm32f1xx_hal_tim_ex.c ****   assert_param(IS_TIM_CCXN_INSTANCE(htim->Instance, Channel));
1091:Drivers/STM32F1xx_HAL_Driver/Src/stm32f1xx_hal_tim_ex.c **** 
1092:Drivers/STM32F1xx_HAL_Driver/Src/stm32f1xx_hal_tim_ex.c ****   /* Check the TIM complementary channel state */
1093:Drivers/STM32F1xx_HAL_Driver/Src/stm32f1xx_hal_tim_ex.c ****   if (TIM_CHANNEL_N_STATE_GET(htim, Channel) != HAL_TIM_CHANNEL_STATE_READY)
 2820              		.loc 1 1093 46
 2821 000a 3B68     		ldr	r3, [r7]
 2822 000c 002B     		cmp	r3, #0
 2823 000e 09D1     		bne	.L185
 2824              		.loc 1 1093 7 discriminator 1
 2825 0010 7B68     		ldr	r3, [r7, #4]
 2826 0012 93F84230 		ldrb	r3, [r3, #66]
 2827 0016 DBB2     		uxtb	r3, r3
 2828              		.loc 1 1093 46 discriminator 1
 2829 0018 012B     		cmp	r3, #1
 2830 001a 14BF     		ite	ne
 2831 001c 0123     		movne	r3, #1
 2832 001e 0023     		moveq	r3, #0
 2833 0020 DBB2     		uxtb	r3, r3
 2834 0022 22E0     		b	.L186
 2835              	.L185:
 2836              		.loc 1 1093 46 is_stmt 0 discriminator 2
 2837 0024 3B68     		ldr	r3, [r7]
 2838 0026 042B     		cmp	r3, #4
 2839 0028 09D1     		bne	.L187
 2840              		.loc 1 1093 7 is_stmt 1 discriminator 4
 2841 002a 7B68     		ldr	r3, [r7, #4]
 2842 002c 93F84330 		ldrb	r3, [r3, #67]
 2843 0030 DBB2     		uxtb	r3, r3
 2844              		.loc 1 1093 46 discriminator 4
 2845 0032 012B     		cmp	r3, #1
 2846 0034 14BF     		ite	ne
 2847 0036 0123     		movne	r3, #1
 2848 0038 0023     		moveq	r3, #0
 2849 003a DBB2     		uxtb	r3, r3
 2850 003c 15E0     		b	.L186
 2851              	.L187:
 2852              		.loc 1 1093 46 is_stmt 0 discriminator 5
 2853 003e 3B68     		ldr	r3, [r7]
 2854 0040 082B     		cmp	r3, #8
 2855 0042 09D1     		bne	.L189
 2856              		.loc 1 1093 7 is_stmt 1 discriminator 7
 2857 0044 7B68     		ldr	r3, [r7, #4]
 2858 0046 93F84430 		ldrb	r3, [r3, #68]
 2859 004a DBB2     		uxtb	r3, r3
ARM GAS  /tmp/ccydCXE5.s 			page 71


 2860              		.loc 1 1093 46 discriminator 7
 2861 004c 012B     		cmp	r3, #1
 2862 004e 14BF     		ite	ne
 2863 0050 0123     		movne	r3, #1
 2864 0052 0023     		moveq	r3, #0
 2865 0054 DBB2     		uxtb	r3, r3
 2866 0056 08E0     		b	.L186
 2867              	.L189:
 2868              		.loc 1 1093 7 discriminator 8
 2869 0058 7B68     		ldr	r3, [r7, #4]
 2870 005a 93F84530 		ldrb	r3, [r3, #69]
 2871 005e DBB2     		uxtb	r3, r3
 2872              		.loc 1 1093 46 discriminator 8
 2873 0060 012B     		cmp	r3, #1
 2874 0062 14BF     		ite	ne
 2875 0064 0123     		movne	r3, #1
 2876 0066 0023     		moveq	r3, #0
 2877 0068 DBB2     		uxtb	r3, r3
 2878              	.L186:
 2879              		.loc 1 1093 6 discriminator 12
 2880 006a 002B     		cmp	r3, #0
 2881 006c 01D0     		beq	.L191
1094:Drivers/STM32F1xx_HAL_Driver/Src/stm32f1xx_hal_tim_ex.c ****   {
1095:Drivers/STM32F1xx_HAL_Driver/Src/stm32f1xx_hal_tim_ex.c ****     return HAL_ERROR;
 2882              		.loc 1 1095 12
 2883 006e 0123     		movs	r3, #1
 2884 0070 59E0     		b	.L192
 2885              	.L191:
1096:Drivers/STM32F1xx_HAL_Driver/Src/stm32f1xx_hal_tim_ex.c ****   }
1097:Drivers/STM32F1xx_HAL_Driver/Src/stm32f1xx_hal_tim_ex.c **** 
1098:Drivers/STM32F1xx_HAL_Driver/Src/stm32f1xx_hal_tim_ex.c ****   /* Set the TIM complementary channel state */
1099:Drivers/STM32F1xx_HAL_Driver/Src/stm32f1xx_hal_tim_ex.c ****   TIM_CHANNEL_N_STATE_SET(htim, Channel, HAL_TIM_CHANNEL_STATE_BUSY);
 2886              		.loc 1 1099 3
 2887 0072 3B68     		ldr	r3, [r7]
 2888 0074 002B     		cmp	r3, #0
 2889 0076 04D1     		bne	.L193
 2890              		.loc 1 1099 3 is_stmt 0 discriminator 1
 2891 0078 7B68     		ldr	r3, [r7, #4]
 2892 007a 0222     		movs	r2, #2
 2893 007c 83F84220 		strb	r2, [r3, #66]
 2894 0080 13E0     		b	.L194
 2895              	.L193:
 2896              		.loc 1 1099 3 discriminator 2
 2897 0082 3B68     		ldr	r3, [r7]
 2898 0084 042B     		cmp	r3, #4
 2899 0086 04D1     		bne	.L195
 2900              		.loc 1 1099 3 discriminator 3
 2901 0088 7B68     		ldr	r3, [r7, #4]
 2902 008a 0222     		movs	r2, #2
 2903 008c 83F84320 		strb	r2, [r3, #67]
 2904 0090 0BE0     		b	.L194
 2905              	.L195:
 2906              		.loc 1 1099 3 discriminator 4
 2907 0092 3B68     		ldr	r3, [r7]
 2908 0094 082B     		cmp	r3, #8
 2909 0096 04D1     		bne	.L197
 2910              		.loc 1 1099 3 discriminator 6
ARM GAS  /tmp/ccydCXE5.s 			page 72


 2911 0098 7B68     		ldr	r3, [r7, #4]
 2912 009a 0222     		movs	r2, #2
 2913 009c 83F84420 		strb	r2, [r3, #68]
 2914 00a0 03E0     		b	.L194
 2915              	.L197:
 2916              		.loc 1 1099 3 discriminator 7
 2917 00a2 7B68     		ldr	r3, [r7, #4]
 2918 00a4 0222     		movs	r2, #2
 2919 00a6 83F84520 		strb	r2, [r3, #69]
 2920              	.L194:
1100:Drivers/STM32F1xx_HAL_Driver/Src/stm32f1xx_hal_tim_ex.c **** 
1101:Drivers/STM32F1xx_HAL_Driver/Src/stm32f1xx_hal_tim_ex.c ****   /* Enable the complementary PWM output  */
1102:Drivers/STM32F1xx_HAL_Driver/Src/stm32f1xx_hal_tim_ex.c ****   TIM_CCxNChannelCmd(htim->Instance, Channel, TIM_CCxN_ENABLE);
 2921              		.loc 1 1102 3 is_stmt 1
 2922 00aa 7B68     		ldr	r3, [r7, #4]
 2923 00ac 1B68     		ldr	r3, [r3]
 2924 00ae 0422     		movs	r2, #4
 2925 00b0 3968     		ldr	r1, [r7]
 2926 00b2 1846     		mov	r0, r3
 2927 00b4 FFF7FEFF 		bl	TIM_CCxNChannelCmd
1103:Drivers/STM32F1xx_HAL_Driver/Src/stm32f1xx_hal_tim_ex.c **** 
1104:Drivers/STM32F1xx_HAL_Driver/Src/stm32f1xx_hal_tim_ex.c ****   /* Enable the Main Output */
1105:Drivers/STM32F1xx_HAL_Driver/Src/stm32f1xx_hal_tim_ex.c ****   __HAL_TIM_MOE_ENABLE(htim);
 2928              		.loc 1 1105 3
 2929 00b8 7B68     		ldr	r3, [r7, #4]
 2930 00ba 1B68     		ldr	r3, [r3]
 2931 00bc 5A6C     		ldr	r2, [r3, #68]
 2932 00be 7B68     		ldr	r3, [r7, #4]
 2933 00c0 1B68     		ldr	r3, [r3]
 2934 00c2 42F40042 		orr	r2, r2, #32768
 2935 00c6 5A64     		str	r2, [r3, #68]
1106:Drivers/STM32F1xx_HAL_Driver/Src/stm32f1xx_hal_tim_ex.c **** 
1107:Drivers/STM32F1xx_HAL_Driver/Src/stm32f1xx_hal_tim_ex.c ****   /* Enable the Peripheral, except in trigger mode where enable is automatically done with trigger 
1108:Drivers/STM32F1xx_HAL_Driver/Src/stm32f1xx_hal_tim_ex.c ****   if (IS_TIM_SLAVE_INSTANCE(htim->Instance))
 2936              		.loc 1 1108 7
 2937 00c8 7B68     		ldr	r3, [r7, #4]
 2938 00ca 1B68     		ldr	r3, [r3]
 2939              		.loc 1 1108 6
 2940 00cc 184A     		ldr	r2, .L203
 2941 00ce 9342     		cmp	r3, r2
 2942 00d0 0ED0     		beq	.L199
 2943              		.loc 1 1108 7 discriminator 1
 2944 00d2 7B68     		ldr	r3, [r7, #4]
 2945 00d4 1B68     		ldr	r3, [r3]
 2946 00d6 B3F1804F 		cmp	r3, #1073741824
 2947 00da 09D0     		beq	.L199
 2948              		.loc 1 1108 7 is_stmt 0 discriminator 2
 2949 00dc 7B68     		ldr	r3, [r7, #4]
 2950 00de 1B68     		ldr	r3, [r3]
 2951 00e0 144A     		ldr	r2, .L203+4
 2952 00e2 9342     		cmp	r3, r2
 2953 00e4 04D0     		beq	.L199
 2954              		.loc 1 1108 7 discriminator 3
 2955 00e6 7B68     		ldr	r3, [r7, #4]
 2956 00e8 1B68     		ldr	r3, [r3]
 2957 00ea 134A     		ldr	r2, .L203+8
 2958 00ec 9342     		cmp	r3, r2
ARM GAS  /tmp/ccydCXE5.s 			page 73


 2959 00ee 11D1     		bne	.L200
 2960              	.L199:
1109:Drivers/STM32F1xx_HAL_Driver/Src/stm32f1xx_hal_tim_ex.c ****   {
1110:Drivers/STM32F1xx_HAL_Driver/Src/stm32f1xx_hal_tim_ex.c ****     tmpsmcr = htim->Instance->SMCR & TIM_SMCR_SMS;
 2961              		.loc 1 1110 19 is_stmt 1
 2962 00f0 7B68     		ldr	r3, [r7, #4]
 2963 00f2 1B68     		ldr	r3, [r3]
 2964              		.loc 1 1110 29
 2965 00f4 9B68     		ldr	r3, [r3, #8]
 2966              		.loc 1 1110 13
 2967 00f6 03F00703 		and	r3, r3, #7
 2968 00fa FB60     		str	r3, [r7, #12]
1111:Drivers/STM32F1xx_HAL_Driver/Src/stm32f1xx_hal_tim_ex.c ****     if (!IS_TIM_SLAVEMODE_TRIGGER_ENABLED(tmpsmcr))
 2969              		.loc 1 1111 8
 2970 00fc FB68     		ldr	r3, [r7, #12]
 2971 00fe 062B     		cmp	r3, #6
 2972 0100 10D0     		beq	.L202
1112:Drivers/STM32F1xx_HAL_Driver/Src/stm32f1xx_hal_tim_ex.c ****     {
1113:Drivers/STM32F1xx_HAL_Driver/Src/stm32f1xx_hal_tim_ex.c ****       __HAL_TIM_ENABLE(htim);
 2973              		.loc 1 1113 7
 2974 0102 7B68     		ldr	r3, [r7, #4]
 2975 0104 1B68     		ldr	r3, [r3]
 2976 0106 1A68     		ldr	r2, [r3]
 2977 0108 7B68     		ldr	r3, [r7, #4]
 2978 010a 1B68     		ldr	r3, [r3]
 2979 010c 42F00102 		orr	r2, r2, #1
 2980 0110 1A60     		str	r2, [r3]
1111:Drivers/STM32F1xx_HAL_Driver/Src/stm32f1xx_hal_tim_ex.c ****     if (!IS_TIM_SLAVEMODE_TRIGGER_ENABLED(tmpsmcr))
 2981              		.loc 1 1111 8
 2982 0112 07E0     		b	.L202
 2983              	.L200:
1114:Drivers/STM32F1xx_HAL_Driver/Src/stm32f1xx_hal_tim_ex.c ****     }
1115:Drivers/STM32F1xx_HAL_Driver/Src/stm32f1xx_hal_tim_ex.c ****   }
1116:Drivers/STM32F1xx_HAL_Driver/Src/stm32f1xx_hal_tim_ex.c ****   else
1117:Drivers/STM32F1xx_HAL_Driver/Src/stm32f1xx_hal_tim_ex.c ****   {
1118:Drivers/STM32F1xx_HAL_Driver/Src/stm32f1xx_hal_tim_ex.c ****     __HAL_TIM_ENABLE(htim);
 2984              		.loc 1 1118 5
 2985 0114 7B68     		ldr	r3, [r7, #4]
 2986 0116 1B68     		ldr	r3, [r3]
 2987 0118 1A68     		ldr	r2, [r3]
 2988 011a 7B68     		ldr	r3, [r7, #4]
 2989 011c 1B68     		ldr	r3, [r3]
 2990 011e 42F00102 		orr	r2, r2, #1
 2991 0122 1A60     		str	r2, [r3]
 2992              	.L202:
1119:Drivers/STM32F1xx_HAL_Driver/Src/stm32f1xx_hal_tim_ex.c ****   }
1120:Drivers/STM32F1xx_HAL_Driver/Src/stm32f1xx_hal_tim_ex.c **** 
1121:Drivers/STM32F1xx_HAL_Driver/Src/stm32f1xx_hal_tim_ex.c ****   /* Return function status */
1122:Drivers/STM32F1xx_HAL_Driver/Src/stm32f1xx_hal_tim_ex.c ****   return HAL_OK;
 2993              		.loc 1 1122 10
 2994 0124 0023     		movs	r3, #0
 2995              	.L192:
1123:Drivers/STM32F1xx_HAL_Driver/Src/stm32f1xx_hal_tim_ex.c **** }
 2996              		.loc 1 1123 1
 2997 0126 1846     		mov	r0, r3
 2998 0128 1037     		adds	r7, r7, #16
 2999              	.LCFI85:
ARM GAS  /tmp/ccydCXE5.s 			page 74


 3000              		.cfi_def_cfa_offset 8
 3001 012a BD46     		mov	sp, r7
 3002              	.LCFI86:
 3003              		.cfi_def_cfa_register 13
 3004              		@ sp needed
 3005 012c 80BD     		pop	{r7, pc}
 3006              	.L204:
 3007 012e 00BF     		.align	2
 3008              	.L203:
 3009 0130 002C0140 		.word	1073818624
 3010 0134 00040040 		.word	1073742848
 3011 0138 00080040 		.word	1073743872
 3012              		.cfi_endproc
 3013              	.LFE81:
 3015              		.section	.text.HAL_TIMEx_PWMN_Stop,"ax",%progbits
 3016              		.align	1
 3017              		.global	HAL_TIMEx_PWMN_Stop
 3018              		.syntax unified
 3019              		.thumb
 3020              		.thumb_func
 3022              	HAL_TIMEx_PWMN_Stop:
 3023              	.LFB82:
1124:Drivers/STM32F1xx_HAL_Driver/Src/stm32f1xx_hal_tim_ex.c **** 
1125:Drivers/STM32F1xx_HAL_Driver/Src/stm32f1xx_hal_tim_ex.c **** /**
1126:Drivers/STM32F1xx_HAL_Driver/Src/stm32f1xx_hal_tim_ex.c ****   * @brief  Stops the PWM signal generation on the complementary output.
1127:Drivers/STM32F1xx_HAL_Driver/Src/stm32f1xx_hal_tim_ex.c ****   * @param  htim TIM handle
1128:Drivers/STM32F1xx_HAL_Driver/Src/stm32f1xx_hal_tim_ex.c ****   * @param  Channel TIM Channel to be disabled
1129:Drivers/STM32F1xx_HAL_Driver/Src/stm32f1xx_hal_tim_ex.c ****   *          This parameter can be one of the following values:
1130:Drivers/STM32F1xx_HAL_Driver/Src/stm32f1xx_hal_tim_ex.c ****   *            @arg TIM_CHANNEL_1: TIM Channel 1 selected
1131:Drivers/STM32F1xx_HAL_Driver/Src/stm32f1xx_hal_tim_ex.c ****   *            @arg TIM_CHANNEL_2: TIM Channel 2 selected
1132:Drivers/STM32F1xx_HAL_Driver/Src/stm32f1xx_hal_tim_ex.c ****   *            @arg TIM_CHANNEL_3: TIM Channel 3 selected
1133:Drivers/STM32F1xx_HAL_Driver/Src/stm32f1xx_hal_tim_ex.c ****   * @retval HAL status
1134:Drivers/STM32F1xx_HAL_Driver/Src/stm32f1xx_hal_tim_ex.c ****   */
1135:Drivers/STM32F1xx_HAL_Driver/Src/stm32f1xx_hal_tim_ex.c **** HAL_StatusTypeDef HAL_TIMEx_PWMN_Stop(TIM_HandleTypeDef *htim, uint32_t Channel)
1136:Drivers/STM32F1xx_HAL_Driver/Src/stm32f1xx_hal_tim_ex.c **** {
 3024              		.loc 1 1136 1
 3025              		.cfi_startproc
 3026              		@ args = 0, pretend = 0, frame = 8
 3027              		@ frame_needed = 1, uses_anonymous_args = 0
 3028 0000 80B5     		push	{r7, lr}
 3029              	.LCFI87:
 3030              		.cfi_def_cfa_offset 8
 3031              		.cfi_offset 7, -8
 3032              		.cfi_offset 14, -4
 3033 0002 82B0     		sub	sp, sp, #8
 3034              	.LCFI88:
 3035              		.cfi_def_cfa_offset 16
 3036 0004 00AF     		add	r7, sp, #0
 3037              	.LCFI89:
 3038              		.cfi_def_cfa_register 7
 3039 0006 7860     		str	r0, [r7, #4]
 3040 0008 3960     		str	r1, [r7]
1137:Drivers/STM32F1xx_HAL_Driver/Src/stm32f1xx_hal_tim_ex.c ****   /* Check the parameters */
1138:Drivers/STM32F1xx_HAL_Driver/Src/stm32f1xx_hal_tim_ex.c ****   assert_param(IS_TIM_CCXN_INSTANCE(htim->Instance, Channel));
1139:Drivers/STM32F1xx_HAL_Driver/Src/stm32f1xx_hal_tim_ex.c **** 
1140:Drivers/STM32F1xx_HAL_Driver/Src/stm32f1xx_hal_tim_ex.c ****   /* Disable the complementary PWM output  */
1141:Drivers/STM32F1xx_HAL_Driver/Src/stm32f1xx_hal_tim_ex.c ****   TIM_CCxNChannelCmd(htim->Instance, Channel, TIM_CCxN_DISABLE);
ARM GAS  /tmp/ccydCXE5.s 			page 75


 3041              		.loc 1 1141 3
 3042 000a 7B68     		ldr	r3, [r7, #4]
 3043 000c 1B68     		ldr	r3, [r3]
 3044 000e 0022     		movs	r2, #0
 3045 0010 3968     		ldr	r1, [r7]
 3046 0012 1846     		mov	r0, r3
 3047 0014 FFF7FEFF 		bl	TIM_CCxNChannelCmd
1142:Drivers/STM32F1xx_HAL_Driver/Src/stm32f1xx_hal_tim_ex.c **** 
1143:Drivers/STM32F1xx_HAL_Driver/Src/stm32f1xx_hal_tim_ex.c ****   /* Disable the Main Output */
1144:Drivers/STM32F1xx_HAL_Driver/Src/stm32f1xx_hal_tim_ex.c ****   __HAL_TIM_MOE_DISABLE(htim);
 3048              		.loc 1 1144 3
 3049 0018 7B68     		ldr	r3, [r7, #4]
 3050 001a 1B68     		ldr	r3, [r3]
 3051 001c 1A6A     		ldr	r2, [r3, #32]
 3052 001e 41F21113 		movw	r3, #4369
 3053 0022 1340     		ands	r3, r3, r2
 3054 0024 002B     		cmp	r3, #0
 3055 0026 0FD1     		bne	.L206
 3056              		.loc 1 1144 3 is_stmt 0 discriminator 1
 3057 0028 7B68     		ldr	r3, [r7, #4]
 3058 002a 1B68     		ldr	r3, [r3]
 3059 002c 1A6A     		ldr	r2, [r3, #32]
 3060 002e 40F24443 		movw	r3, #1092
 3061 0032 1340     		ands	r3, r3, r2
 3062 0034 002B     		cmp	r3, #0
 3063 0036 07D1     		bne	.L206
 3064              		.loc 1 1144 3 discriminator 2
 3065 0038 7B68     		ldr	r3, [r7, #4]
 3066 003a 1B68     		ldr	r3, [r3]
 3067 003c 5A6C     		ldr	r2, [r3, #68]
 3068 003e 7B68     		ldr	r3, [r7, #4]
 3069 0040 1B68     		ldr	r3, [r3]
 3070 0042 22F40042 		bic	r2, r2, #32768
 3071 0046 5A64     		str	r2, [r3, #68]
 3072              	.L206:
1145:Drivers/STM32F1xx_HAL_Driver/Src/stm32f1xx_hal_tim_ex.c **** 
1146:Drivers/STM32F1xx_HAL_Driver/Src/stm32f1xx_hal_tim_ex.c ****   /* Disable the Peripheral */
1147:Drivers/STM32F1xx_HAL_Driver/Src/stm32f1xx_hal_tim_ex.c ****   __HAL_TIM_DISABLE(htim);
 3073              		.loc 1 1147 3 is_stmt 1
 3074 0048 7B68     		ldr	r3, [r7, #4]
 3075 004a 1B68     		ldr	r3, [r3]
 3076 004c 1A6A     		ldr	r2, [r3, #32]
 3077 004e 41F21113 		movw	r3, #4369
 3078 0052 1340     		ands	r3, r3, r2
 3079 0054 002B     		cmp	r3, #0
 3080 0056 0FD1     		bne	.L207
 3081              		.loc 1 1147 3 is_stmt 0 discriminator 1
 3082 0058 7B68     		ldr	r3, [r7, #4]
 3083 005a 1B68     		ldr	r3, [r3]
 3084 005c 1A6A     		ldr	r2, [r3, #32]
 3085 005e 40F24443 		movw	r3, #1092
 3086 0062 1340     		ands	r3, r3, r2
 3087 0064 002B     		cmp	r3, #0
 3088 0066 07D1     		bne	.L207
 3089              		.loc 1 1147 3 discriminator 2
 3090 0068 7B68     		ldr	r3, [r7, #4]
 3091 006a 1B68     		ldr	r3, [r3]
ARM GAS  /tmp/ccydCXE5.s 			page 76


 3092 006c 1A68     		ldr	r2, [r3]
 3093 006e 7B68     		ldr	r3, [r7, #4]
 3094 0070 1B68     		ldr	r3, [r3]
 3095 0072 22F00102 		bic	r2, r2, #1
 3096 0076 1A60     		str	r2, [r3]
 3097              	.L207:
1148:Drivers/STM32F1xx_HAL_Driver/Src/stm32f1xx_hal_tim_ex.c **** 
1149:Drivers/STM32F1xx_HAL_Driver/Src/stm32f1xx_hal_tim_ex.c ****   /* Set the TIM complementary channel state */
1150:Drivers/STM32F1xx_HAL_Driver/Src/stm32f1xx_hal_tim_ex.c ****   TIM_CHANNEL_N_STATE_SET(htim, Channel, HAL_TIM_CHANNEL_STATE_READY);
 3098              		.loc 1 1150 3 is_stmt 1
 3099 0078 3B68     		ldr	r3, [r7]
 3100 007a 002B     		cmp	r3, #0
 3101 007c 04D1     		bne	.L208
 3102              		.loc 1 1150 3 is_stmt 0 discriminator 1
 3103 007e 7B68     		ldr	r3, [r7, #4]
 3104 0080 0122     		movs	r2, #1
 3105 0082 83F84220 		strb	r2, [r3, #66]
 3106 0086 13E0     		b	.L209
 3107              	.L208:
 3108              		.loc 1 1150 3 discriminator 2
 3109 0088 3B68     		ldr	r3, [r7]
 3110 008a 042B     		cmp	r3, #4
 3111 008c 04D1     		bne	.L210
 3112              		.loc 1 1150 3 discriminator 3
 3113 008e 7B68     		ldr	r3, [r7, #4]
 3114 0090 0122     		movs	r2, #1
 3115 0092 83F84320 		strb	r2, [r3, #67]
 3116 0096 0BE0     		b	.L209
 3117              	.L210:
 3118              		.loc 1 1150 3 discriminator 4
 3119 0098 3B68     		ldr	r3, [r7]
 3120 009a 082B     		cmp	r3, #8
 3121 009c 04D1     		bne	.L212
 3122              		.loc 1 1150 3 discriminator 6
 3123 009e 7B68     		ldr	r3, [r7, #4]
 3124 00a0 0122     		movs	r2, #1
 3125 00a2 83F84420 		strb	r2, [r3, #68]
 3126 00a6 03E0     		b	.L209
 3127              	.L212:
 3128              		.loc 1 1150 3 discriminator 7
 3129 00a8 7B68     		ldr	r3, [r7, #4]
 3130 00aa 0122     		movs	r2, #1
 3131 00ac 83F84520 		strb	r2, [r3, #69]
 3132              	.L209:
1151:Drivers/STM32F1xx_HAL_Driver/Src/stm32f1xx_hal_tim_ex.c **** 
1152:Drivers/STM32F1xx_HAL_Driver/Src/stm32f1xx_hal_tim_ex.c ****   /* Return function status */
1153:Drivers/STM32F1xx_HAL_Driver/Src/stm32f1xx_hal_tim_ex.c ****   return HAL_OK;
 3133              		.loc 1 1153 10 is_stmt 1
 3134 00b0 0023     		movs	r3, #0
1154:Drivers/STM32F1xx_HAL_Driver/Src/stm32f1xx_hal_tim_ex.c **** }
 3135              		.loc 1 1154 1
 3136 00b2 1846     		mov	r0, r3
 3137 00b4 0837     		adds	r7, r7, #8
 3138              	.LCFI90:
 3139              		.cfi_def_cfa_offset 8
 3140 00b6 BD46     		mov	sp, r7
 3141              	.LCFI91:
ARM GAS  /tmp/ccydCXE5.s 			page 77


 3142              		.cfi_def_cfa_register 13
 3143              		@ sp needed
 3144 00b8 80BD     		pop	{r7, pc}
 3145              		.cfi_endproc
 3146              	.LFE82:
 3148              		.section	.text.HAL_TIMEx_PWMN_Start_IT,"ax",%progbits
 3149              		.align	1
 3150              		.global	HAL_TIMEx_PWMN_Start_IT
 3151              		.syntax unified
 3152              		.thumb
 3153              		.thumb_func
 3155              	HAL_TIMEx_PWMN_Start_IT:
 3156              	.LFB83:
1155:Drivers/STM32F1xx_HAL_Driver/Src/stm32f1xx_hal_tim_ex.c **** 
1156:Drivers/STM32F1xx_HAL_Driver/Src/stm32f1xx_hal_tim_ex.c **** /**
1157:Drivers/STM32F1xx_HAL_Driver/Src/stm32f1xx_hal_tim_ex.c ****   * @brief  Starts the PWM signal generation in interrupt mode on the
1158:Drivers/STM32F1xx_HAL_Driver/Src/stm32f1xx_hal_tim_ex.c ****   *         complementary output.
1159:Drivers/STM32F1xx_HAL_Driver/Src/stm32f1xx_hal_tim_ex.c ****   * @param  htim TIM handle
1160:Drivers/STM32F1xx_HAL_Driver/Src/stm32f1xx_hal_tim_ex.c ****   * @param  Channel TIM Channel to be disabled
1161:Drivers/STM32F1xx_HAL_Driver/Src/stm32f1xx_hal_tim_ex.c ****   *          This parameter can be one of the following values:
1162:Drivers/STM32F1xx_HAL_Driver/Src/stm32f1xx_hal_tim_ex.c ****   *            @arg TIM_CHANNEL_1: TIM Channel 1 selected
1163:Drivers/STM32F1xx_HAL_Driver/Src/stm32f1xx_hal_tim_ex.c ****   *            @arg TIM_CHANNEL_2: TIM Channel 2 selected
1164:Drivers/STM32F1xx_HAL_Driver/Src/stm32f1xx_hal_tim_ex.c ****   *            @arg TIM_CHANNEL_3: TIM Channel 3 selected
1165:Drivers/STM32F1xx_HAL_Driver/Src/stm32f1xx_hal_tim_ex.c ****   * @retval HAL status
1166:Drivers/STM32F1xx_HAL_Driver/Src/stm32f1xx_hal_tim_ex.c ****   */
1167:Drivers/STM32F1xx_HAL_Driver/Src/stm32f1xx_hal_tim_ex.c **** HAL_StatusTypeDef HAL_TIMEx_PWMN_Start_IT(TIM_HandleTypeDef *htim, uint32_t Channel)
1168:Drivers/STM32F1xx_HAL_Driver/Src/stm32f1xx_hal_tim_ex.c **** {
 3157              		.loc 1 1168 1
 3158              		.cfi_startproc
 3159              		@ args = 0, pretend = 0, frame = 16
 3160              		@ frame_needed = 1, uses_anonymous_args = 0
 3161 0000 80B5     		push	{r7, lr}
 3162              	.LCFI92:
 3163              		.cfi_def_cfa_offset 8
 3164              		.cfi_offset 7, -8
 3165              		.cfi_offset 14, -4
 3166 0002 84B0     		sub	sp, sp, #16
 3167              	.LCFI93:
 3168              		.cfi_def_cfa_offset 24
 3169 0004 00AF     		add	r7, sp, #0
 3170              	.LCFI94:
 3171              		.cfi_def_cfa_register 7
 3172 0006 7860     		str	r0, [r7, #4]
 3173 0008 3960     		str	r1, [r7]
1169:Drivers/STM32F1xx_HAL_Driver/Src/stm32f1xx_hal_tim_ex.c ****   uint32_t tmpsmcr;
1170:Drivers/STM32F1xx_HAL_Driver/Src/stm32f1xx_hal_tim_ex.c **** 
1171:Drivers/STM32F1xx_HAL_Driver/Src/stm32f1xx_hal_tim_ex.c ****   /* Check the parameters */
1172:Drivers/STM32F1xx_HAL_Driver/Src/stm32f1xx_hal_tim_ex.c ****   assert_param(IS_TIM_CCXN_INSTANCE(htim->Instance, Channel));
1173:Drivers/STM32F1xx_HAL_Driver/Src/stm32f1xx_hal_tim_ex.c **** 
1174:Drivers/STM32F1xx_HAL_Driver/Src/stm32f1xx_hal_tim_ex.c ****   /* Check the TIM complementary channel state */
1175:Drivers/STM32F1xx_HAL_Driver/Src/stm32f1xx_hal_tim_ex.c ****   if (TIM_CHANNEL_N_STATE_GET(htim, Channel) != HAL_TIM_CHANNEL_STATE_READY)
 3174              		.loc 1 1175 46
 3175 000a 3B68     		ldr	r3, [r7]
 3176 000c 002B     		cmp	r3, #0
 3177 000e 09D1     		bne	.L216
 3178              		.loc 1 1175 7 discriminator 1
 3179 0010 7B68     		ldr	r3, [r7, #4]
ARM GAS  /tmp/ccydCXE5.s 			page 78


 3180 0012 93F84230 		ldrb	r3, [r3, #66]
 3181 0016 DBB2     		uxtb	r3, r3
 3182              		.loc 1 1175 46 discriminator 1
 3183 0018 012B     		cmp	r3, #1
 3184 001a 14BF     		ite	ne
 3185 001c 0123     		movne	r3, #1
 3186 001e 0023     		moveq	r3, #0
 3187 0020 DBB2     		uxtb	r3, r3
 3188 0022 22E0     		b	.L217
 3189              	.L216:
 3190              		.loc 1 1175 46 is_stmt 0 discriminator 2
 3191 0024 3B68     		ldr	r3, [r7]
 3192 0026 042B     		cmp	r3, #4
 3193 0028 09D1     		bne	.L218
 3194              		.loc 1 1175 7 is_stmt 1 discriminator 4
 3195 002a 7B68     		ldr	r3, [r7, #4]
 3196 002c 93F84330 		ldrb	r3, [r3, #67]
 3197 0030 DBB2     		uxtb	r3, r3
 3198              		.loc 1 1175 46 discriminator 4
 3199 0032 012B     		cmp	r3, #1
 3200 0034 14BF     		ite	ne
 3201 0036 0123     		movne	r3, #1
 3202 0038 0023     		moveq	r3, #0
 3203 003a DBB2     		uxtb	r3, r3
 3204 003c 15E0     		b	.L217
 3205              	.L218:
 3206              		.loc 1 1175 46 is_stmt 0 discriminator 5
 3207 003e 3B68     		ldr	r3, [r7]
 3208 0040 082B     		cmp	r3, #8
 3209 0042 09D1     		bne	.L220
 3210              		.loc 1 1175 7 is_stmt 1 discriminator 7
 3211 0044 7B68     		ldr	r3, [r7, #4]
 3212 0046 93F84430 		ldrb	r3, [r3, #68]
 3213 004a DBB2     		uxtb	r3, r3
 3214              		.loc 1 1175 46 discriminator 7
 3215 004c 012B     		cmp	r3, #1
 3216 004e 14BF     		ite	ne
 3217 0050 0123     		movne	r3, #1
 3218 0052 0023     		moveq	r3, #0
 3219 0054 DBB2     		uxtb	r3, r3
 3220 0056 08E0     		b	.L217
 3221              	.L220:
 3222              		.loc 1 1175 7 discriminator 8
 3223 0058 7B68     		ldr	r3, [r7, #4]
 3224 005a 93F84530 		ldrb	r3, [r3, #69]
 3225 005e DBB2     		uxtb	r3, r3
 3226              		.loc 1 1175 46 discriminator 8
 3227 0060 012B     		cmp	r3, #1
 3228 0062 14BF     		ite	ne
 3229 0064 0123     		movne	r3, #1
 3230 0066 0023     		moveq	r3, #0
 3231 0068 DBB2     		uxtb	r3, r3
 3232              	.L217:
 3233              		.loc 1 1175 6 discriminator 12
 3234 006a 002B     		cmp	r3, #0
 3235 006c 01D0     		beq	.L222
1176:Drivers/STM32F1xx_HAL_Driver/Src/stm32f1xx_hal_tim_ex.c ****   {
ARM GAS  /tmp/ccydCXE5.s 			page 79


1177:Drivers/STM32F1xx_HAL_Driver/Src/stm32f1xx_hal_tim_ex.c ****     return HAL_ERROR;
 3236              		.loc 1 1177 12
 3237 006e 0123     		movs	r3, #1
 3238 0070 8AE0     		b	.L223
 3239              	.L222:
1178:Drivers/STM32F1xx_HAL_Driver/Src/stm32f1xx_hal_tim_ex.c ****   }
1179:Drivers/STM32F1xx_HAL_Driver/Src/stm32f1xx_hal_tim_ex.c **** 
1180:Drivers/STM32F1xx_HAL_Driver/Src/stm32f1xx_hal_tim_ex.c ****   /* Set the TIM complementary channel state */
1181:Drivers/STM32F1xx_HAL_Driver/Src/stm32f1xx_hal_tim_ex.c ****   TIM_CHANNEL_N_STATE_SET(htim, Channel, HAL_TIM_CHANNEL_STATE_BUSY);
 3240              		.loc 1 1181 3
 3241 0072 3B68     		ldr	r3, [r7]
 3242 0074 002B     		cmp	r3, #0
 3243 0076 04D1     		bne	.L224
 3244              		.loc 1 1181 3 is_stmt 0 discriminator 1
 3245 0078 7B68     		ldr	r3, [r7, #4]
 3246 007a 0222     		movs	r2, #2
 3247 007c 83F84220 		strb	r2, [r3, #66]
 3248 0080 13E0     		b	.L225
 3249              	.L224:
 3250              		.loc 1 1181 3 discriminator 2
 3251 0082 3B68     		ldr	r3, [r7]
 3252 0084 042B     		cmp	r3, #4
 3253 0086 04D1     		bne	.L226
 3254              		.loc 1 1181 3 discriminator 3
 3255 0088 7B68     		ldr	r3, [r7, #4]
 3256 008a 0222     		movs	r2, #2
 3257 008c 83F84320 		strb	r2, [r3, #67]
 3258 0090 0BE0     		b	.L225
 3259              	.L226:
 3260              		.loc 1 1181 3 discriminator 4
 3261 0092 3B68     		ldr	r3, [r7]
 3262 0094 082B     		cmp	r3, #8
 3263 0096 04D1     		bne	.L228
 3264              		.loc 1 1181 3 discriminator 6
 3265 0098 7B68     		ldr	r3, [r7, #4]
 3266 009a 0222     		movs	r2, #2
 3267 009c 83F84420 		strb	r2, [r3, #68]
 3268 00a0 03E0     		b	.L225
 3269              	.L228:
 3270              		.loc 1 1181 3 discriminator 7
 3271 00a2 7B68     		ldr	r3, [r7, #4]
 3272 00a4 0222     		movs	r2, #2
 3273 00a6 83F84520 		strb	r2, [r3, #69]
 3274              	.L225:
1182:Drivers/STM32F1xx_HAL_Driver/Src/stm32f1xx_hal_tim_ex.c **** 
1183:Drivers/STM32F1xx_HAL_Driver/Src/stm32f1xx_hal_tim_ex.c ****   switch (Channel)
 3275              		.loc 1 1183 3 is_stmt 1
 3276 00aa 3B68     		ldr	r3, [r7]
 3277 00ac 082B     		cmp	r3, #8
 3278 00ae 1BD0     		beq	.L230
 3279 00b0 3B68     		ldr	r3, [r7]
 3280 00b2 082B     		cmp	r3, #8
 3281 00b4 21D8     		bhi	.L239
 3282 00b6 3B68     		ldr	r3, [r7]
 3283 00b8 002B     		cmp	r3, #0
 3284 00ba 03D0     		beq	.L232
 3285 00bc 3B68     		ldr	r3, [r7]
ARM GAS  /tmp/ccydCXE5.s 			page 80


 3286 00be 042B     		cmp	r3, #4
 3287 00c0 09D0     		beq	.L233
1184:Drivers/STM32F1xx_HAL_Driver/Src/stm32f1xx_hal_tim_ex.c ****   {
1185:Drivers/STM32F1xx_HAL_Driver/Src/stm32f1xx_hal_tim_ex.c ****     case TIM_CHANNEL_1:
1186:Drivers/STM32F1xx_HAL_Driver/Src/stm32f1xx_hal_tim_ex.c ****     {
1187:Drivers/STM32F1xx_HAL_Driver/Src/stm32f1xx_hal_tim_ex.c ****       /* Enable the TIM Capture/Compare 1 interrupt */
1188:Drivers/STM32F1xx_HAL_Driver/Src/stm32f1xx_hal_tim_ex.c ****       __HAL_TIM_ENABLE_IT(htim, TIM_IT_CC1);
1189:Drivers/STM32F1xx_HAL_Driver/Src/stm32f1xx_hal_tim_ex.c ****       break;
1190:Drivers/STM32F1xx_HAL_Driver/Src/stm32f1xx_hal_tim_ex.c ****     }
1191:Drivers/STM32F1xx_HAL_Driver/Src/stm32f1xx_hal_tim_ex.c **** 
1192:Drivers/STM32F1xx_HAL_Driver/Src/stm32f1xx_hal_tim_ex.c ****     case TIM_CHANNEL_2:
1193:Drivers/STM32F1xx_HAL_Driver/Src/stm32f1xx_hal_tim_ex.c ****     {
1194:Drivers/STM32F1xx_HAL_Driver/Src/stm32f1xx_hal_tim_ex.c ****       /* Enable the TIM Capture/Compare 2 interrupt */
1195:Drivers/STM32F1xx_HAL_Driver/Src/stm32f1xx_hal_tim_ex.c ****       __HAL_TIM_ENABLE_IT(htim, TIM_IT_CC2);
1196:Drivers/STM32F1xx_HAL_Driver/Src/stm32f1xx_hal_tim_ex.c ****       break;
1197:Drivers/STM32F1xx_HAL_Driver/Src/stm32f1xx_hal_tim_ex.c ****     }
1198:Drivers/STM32F1xx_HAL_Driver/Src/stm32f1xx_hal_tim_ex.c **** 
1199:Drivers/STM32F1xx_HAL_Driver/Src/stm32f1xx_hal_tim_ex.c ****     case TIM_CHANNEL_3:
1200:Drivers/STM32F1xx_HAL_Driver/Src/stm32f1xx_hal_tim_ex.c ****     {
1201:Drivers/STM32F1xx_HAL_Driver/Src/stm32f1xx_hal_tim_ex.c ****       /* Enable the TIM Capture/Compare 3 interrupt */
1202:Drivers/STM32F1xx_HAL_Driver/Src/stm32f1xx_hal_tim_ex.c ****       __HAL_TIM_ENABLE_IT(htim, TIM_IT_CC3);
1203:Drivers/STM32F1xx_HAL_Driver/Src/stm32f1xx_hal_tim_ex.c ****       break;
1204:Drivers/STM32F1xx_HAL_Driver/Src/stm32f1xx_hal_tim_ex.c ****     }
1205:Drivers/STM32F1xx_HAL_Driver/Src/stm32f1xx_hal_tim_ex.c **** 
1206:Drivers/STM32F1xx_HAL_Driver/Src/stm32f1xx_hal_tim_ex.c ****     default:
1207:Drivers/STM32F1xx_HAL_Driver/Src/stm32f1xx_hal_tim_ex.c ****       break;
 3288              		.loc 1 1207 7
 3289 00c2 1AE0     		b	.L239
 3290              	.L232:
1188:Drivers/STM32F1xx_HAL_Driver/Src/stm32f1xx_hal_tim_ex.c ****       break;
 3291              		.loc 1 1188 7
 3292 00c4 7B68     		ldr	r3, [r7, #4]
 3293 00c6 1B68     		ldr	r3, [r3]
 3294 00c8 DA68     		ldr	r2, [r3, #12]
 3295 00ca 7B68     		ldr	r3, [r7, #4]
 3296 00cc 1B68     		ldr	r3, [r3]
 3297 00ce 42F00202 		orr	r2, r2, #2
 3298 00d2 DA60     		str	r2, [r3, #12]
1189:Drivers/STM32F1xx_HAL_Driver/Src/stm32f1xx_hal_tim_ex.c ****     }
 3299              		.loc 1 1189 7
 3300 00d4 12E0     		b	.L234
 3301              	.L233:
1195:Drivers/STM32F1xx_HAL_Driver/Src/stm32f1xx_hal_tim_ex.c ****       break;
 3302              		.loc 1 1195 7
 3303 00d6 7B68     		ldr	r3, [r7, #4]
 3304 00d8 1B68     		ldr	r3, [r3]
 3305 00da DA68     		ldr	r2, [r3, #12]
 3306 00dc 7B68     		ldr	r3, [r7, #4]
 3307 00de 1B68     		ldr	r3, [r3]
 3308 00e0 42F00402 		orr	r2, r2, #4
 3309 00e4 DA60     		str	r2, [r3, #12]
1196:Drivers/STM32F1xx_HAL_Driver/Src/stm32f1xx_hal_tim_ex.c ****     }
 3310              		.loc 1 1196 7
 3311 00e6 09E0     		b	.L234
 3312              	.L230:
1202:Drivers/STM32F1xx_HAL_Driver/Src/stm32f1xx_hal_tim_ex.c ****       break;
 3313              		.loc 1 1202 7
ARM GAS  /tmp/ccydCXE5.s 			page 81


 3314 00e8 7B68     		ldr	r3, [r7, #4]
 3315 00ea 1B68     		ldr	r3, [r3]
 3316 00ec DA68     		ldr	r2, [r3, #12]
 3317 00ee 7B68     		ldr	r3, [r7, #4]
 3318 00f0 1B68     		ldr	r3, [r3]
 3319 00f2 42F00802 		orr	r2, r2, #8
 3320 00f6 DA60     		str	r2, [r3, #12]
1203:Drivers/STM32F1xx_HAL_Driver/Src/stm32f1xx_hal_tim_ex.c ****     }
 3321              		.loc 1 1203 7
 3322 00f8 00E0     		b	.L234
 3323              	.L239:
 3324              		.loc 1 1207 7
 3325 00fa 00BF     		nop
 3326              	.L234:
1208:Drivers/STM32F1xx_HAL_Driver/Src/stm32f1xx_hal_tim_ex.c ****   }
1209:Drivers/STM32F1xx_HAL_Driver/Src/stm32f1xx_hal_tim_ex.c **** 
1210:Drivers/STM32F1xx_HAL_Driver/Src/stm32f1xx_hal_tim_ex.c ****   /* Enable the TIM Break interrupt */
1211:Drivers/STM32F1xx_HAL_Driver/Src/stm32f1xx_hal_tim_ex.c ****   __HAL_TIM_ENABLE_IT(htim, TIM_IT_BREAK);
 3327              		.loc 1 1211 3
 3328 00fc 7B68     		ldr	r3, [r7, #4]
 3329 00fe 1B68     		ldr	r3, [r3]
 3330 0100 DA68     		ldr	r2, [r3, #12]
 3331 0102 7B68     		ldr	r3, [r7, #4]
 3332 0104 1B68     		ldr	r3, [r3]
 3333 0106 42F08002 		orr	r2, r2, #128
 3334 010a DA60     		str	r2, [r3, #12]
1212:Drivers/STM32F1xx_HAL_Driver/Src/stm32f1xx_hal_tim_ex.c **** 
1213:Drivers/STM32F1xx_HAL_Driver/Src/stm32f1xx_hal_tim_ex.c ****   /* Enable the complementary PWM output  */
1214:Drivers/STM32F1xx_HAL_Driver/Src/stm32f1xx_hal_tim_ex.c ****   TIM_CCxNChannelCmd(htim->Instance, Channel, TIM_CCxN_ENABLE);
 3335              		.loc 1 1214 3
 3336 010c 7B68     		ldr	r3, [r7, #4]
 3337 010e 1B68     		ldr	r3, [r3]
 3338 0110 0422     		movs	r2, #4
 3339 0112 3968     		ldr	r1, [r7]
 3340 0114 1846     		mov	r0, r3
 3341 0116 FFF7FEFF 		bl	TIM_CCxNChannelCmd
1215:Drivers/STM32F1xx_HAL_Driver/Src/stm32f1xx_hal_tim_ex.c **** 
1216:Drivers/STM32F1xx_HAL_Driver/Src/stm32f1xx_hal_tim_ex.c ****   /* Enable the Main Output */
1217:Drivers/STM32F1xx_HAL_Driver/Src/stm32f1xx_hal_tim_ex.c ****   __HAL_TIM_MOE_ENABLE(htim);
 3342              		.loc 1 1217 3
 3343 011a 7B68     		ldr	r3, [r7, #4]
 3344 011c 1B68     		ldr	r3, [r3]
 3345 011e 5A6C     		ldr	r2, [r3, #68]
 3346 0120 7B68     		ldr	r3, [r7, #4]
 3347 0122 1B68     		ldr	r3, [r3]
 3348 0124 42F40042 		orr	r2, r2, #32768
 3349 0128 5A64     		str	r2, [r3, #68]
1218:Drivers/STM32F1xx_HAL_Driver/Src/stm32f1xx_hal_tim_ex.c **** 
1219:Drivers/STM32F1xx_HAL_Driver/Src/stm32f1xx_hal_tim_ex.c ****   /* Enable the Peripheral, except in trigger mode where enable is automatically done with trigger 
1220:Drivers/STM32F1xx_HAL_Driver/Src/stm32f1xx_hal_tim_ex.c ****   if (IS_TIM_SLAVE_INSTANCE(htim->Instance))
 3350              		.loc 1 1220 7
 3351 012a 7B68     		ldr	r3, [r7, #4]
 3352 012c 1B68     		ldr	r3, [r3]
 3353              		.loc 1 1220 6
 3354 012e 184A     		ldr	r2, .L240
 3355 0130 9342     		cmp	r3, r2
 3356 0132 0ED0     		beq	.L235
ARM GAS  /tmp/ccydCXE5.s 			page 82


 3357              		.loc 1 1220 7 discriminator 1
 3358 0134 7B68     		ldr	r3, [r7, #4]
 3359 0136 1B68     		ldr	r3, [r3]
 3360 0138 B3F1804F 		cmp	r3, #1073741824
 3361 013c 09D0     		beq	.L235
 3362              		.loc 1 1220 7 is_stmt 0 discriminator 2
 3363 013e 7B68     		ldr	r3, [r7, #4]
 3364 0140 1B68     		ldr	r3, [r3]
 3365 0142 144A     		ldr	r2, .L240+4
 3366 0144 9342     		cmp	r3, r2
 3367 0146 04D0     		beq	.L235
 3368              		.loc 1 1220 7 discriminator 3
 3369 0148 7B68     		ldr	r3, [r7, #4]
 3370 014a 1B68     		ldr	r3, [r3]
 3371 014c 124A     		ldr	r2, .L240+8
 3372 014e 9342     		cmp	r3, r2
 3373 0150 11D1     		bne	.L236
 3374              	.L235:
1221:Drivers/STM32F1xx_HAL_Driver/Src/stm32f1xx_hal_tim_ex.c ****   {
1222:Drivers/STM32F1xx_HAL_Driver/Src/stm32f1xx_hal_tim_ex.c ****     tmpsmcr = htim->Instance->SMCR & TIM_SMCR_SMS;
 3375              		.loc 1 1222 19 is_stmt 1
 3376 0152 7B68     		ldr	r3, [r7, #4]
 3377 0154 1B68     		ldr	r3, [r3]
 3378              		.loc 1 1222 29
 3379 0156 9B68     		ldr	r3, [r3, #8]
 3380              		.loc 1 1222 13
 3381 0158 03F00703 		and	r3, r3, #7
 3382 015c FB60     		str	r3, [r7, #12]
1223:Drivers/STM32F1xx_HAL_Driver/Src/stm32f1xx_hal_tim_ex.c ****     if (!IS_TIM_SLAVEMODE_TRIGGER_ENABLED(tmpsmcr))
 3383              		.loc 1 1223 8
 3384 015e FB68     		ldr	r3, [r7, #12]
 3385 0160 062B     		cmp	r3, #6
 3386 0162 10D0     		beq	.L238
1224:Drivers/STM32F1xx_HAL_Driver/Src/stm32f1xx_hal_tim_ex.c ****     {
1225:Drivers/STM32F1xx_HAL_Driver/Src/stm32f1xx_hal_tim_ex.c ****       __HAL_TIM_ENABLE(htim);
 3387              		.loc 1 1225 7
 3388 0164 7B68     		ldr	r3, [r7, #4]
 3389 0166 1B68     		ldr	r3, [r3]
 3390 0168 1A68     		ldr	r2, [r3]
 3391 016a 7B68     		ldr	r3, [r7, #4]
 3392 016c 1B68     		ldr	r3, [r3]
 3393 016e 42F00102 		orr	r2, r2, #1
 3394 0172 1A60     		str	r2, [r3]
1223:Drivers/STM32F1xx_HAL_Driver/Src/stm32f1xx_hal_tim_ex.c ****     if (!IS_TIM_SLAVEMODE_TRIGGER_ENABLED(tmpsmcr))
 3395              		.loc 1 1223 8
 3396 0174 07E0     		b	.L238
 3397              	.L236:
1226:Drivers/STM32F1xx_HAL_Driver/Src/stm32f1xx_hal_tim_ex.c ****     }
1227:Drivers/STM32F1xx_HAL_Driver/Src/stm32f1xx_hal_tim_ex.c ****   }
1228:Drivers/STM32F1xx_HAL_Driver/Src/stm32f1xx_hal_tim_ex.c ****   else
1229:Drivers/STM32F1xx_HAL_Driver/Src/stm32f1xx_hal_tim_ex.c ****   {
1230:Drivers/STM32F1xx_HAL_Driver/Src/stm32f1xx_hal_tim_ex.c ****     __HAL_TIM_ENABLE(htim);
 3398              		.loc 1 1230 5
 3399 0176 7B68     		ldr	r3, [r7, #4]
 3400 0178 1B68     		ldr	r3, [r3]
 3401 017a 1A68     		ldr	r2, [r3]
 3402 017c 7B68     		ldr	r3, [r7, #4]
ARM GAS  /tmp/ccydCXE5.s 			page 83


 3403 017e 1B68     		ldr	r3, [r3]
 3404 0180 42F00102 		orr	r2, r2, #1
 3405 0184 1A60     		str	r2, [r3]
 3406              	.L238:
1231:Drivers/STM32F1xx_HAL_Driver/Src/stm32f1xx_hal_tim_ex.c ****   }
1232:Drivers/STM32F1xx_HAL_Driver/Src/stm32f1xx_hal_tim_ex.c **** 
1233:Drivers/STM32F1xx_HAL_Driver/Src/stm32f1xx_hal_tim_ex.c ****   /* Return function status */
1234:Drivers/STM32F1xx_HAL_Driver/Src/stm32f1xx_hal_tim_ex.c ****   return HAL_OK;
 3407              		.loc 1 1234 10
 3408 0186 0023     		movs	r3, #0
 3409              	.L223:
1235:Drivers/STM32F1xx_HAL_Driver/Src/stm32f1xx_hal_tim_ex.c **** }
 3410              		.loc 1 1235 1
 3411 0188 1846     		mov	r0, r3
 3412 018a 1037     		adds	r7, r7, #16
 3413              	.LCFI95:
 3414              		.cfi_def_cfa_offset 8
 3415 018c BD46     		mov	sp, r7
 3416              	.LCFI96:
 3417              		.cfi_def_cfa_register 13
 3418              		@ sp needed
 3419 018e 80BD     		pop	{r7, pc}
 3420              	.L241:
 3421              		.align	2
 3422              	.L240:
 3423 0190 002C0140 		.word	1073818624
 3424 0194 00040040 		.word	1073742848
 3425 0198 00080040 		.word	1073743872
 3426              		.cfi_endproc
 3427              	.LFE83:
 3429              		.section	.text.HAL_TIMEx_PWMN_Stop_IT,"ax",%progbits
 3430              		.align	1
 3431              		.global	HAL_TIMEx_PWMN_Stop_IT
 3432              		.syntax unified
 3433              		.thumb
 3434              		.thumb_func
 3436              	HAL_TIMEx_PWMN_Stop_IT:
 3437              	.LFB84:
1236:Drivers/STM32F1xx_HAL_Driver/Src/stm32f1xx_hal_tim_ex.c **** 
1237:Drivers/STM32F1xx_HAL_Driver/Src/stm32f1xx_hal_tim_ex.c **** /**
1238:Drivers/STM32F1xx_HAL_Driver/Src/stm32f1xx_hal_tim_ex.c ****   * @brief  Stops the PWM signal generation in interrupt mode on the
1239:Drivers/STM32F1xx_HAL_Driver/Src/stm32f1xx_hal_tim_ex.c ****   *         complementary output.
1240:Drivers/STM32F1xx_HAL_Driver/Src/stm32f1xx_hal_tim_ex.c ****   * @param  htim TIM handle
1241:Drivers/STM32F1xx_HAL_Driver/Src/stm32f1xx_hal_tim_ex.c ****   * @param  Channel TIM Channel to be disabled
1242:Drivers/STM32F1xx_HAL_Driver/Src/stm32f1xx_hal_tim_ex.c ****   *          This parameter can be one of the following values:
1243:Drivers/STM32F1xx_HAL_Driver/Src/stm32f1xx_hal_tim_ex.c ****   *            @arg TIM_CHANNEL_1: TIM Channel 1 selected
1244:Drivers/STM32F1xx_HAL_Driver/Src/stm32f1xx_hal_tim_ex.c ****   *            @arg TIM_CHANNEL_2: TIM Channel 2 selected
1245:Drivers/STM32F1xx_HAL_Driver/Src/stm32f1xx_hal_tim_ex.c ****   *            @arg TIM_CHANNEL_3: TIM Channel 3 selected
1246:Drivers/STM32F1xx_HAL_Driver/Src/stm32f1xx_hal_tim_ex.c ****   * @retval HAL status
1247:Drivers/STM32F1xx_HAL_Driver/Src/stm32f1xx_hal_tim_ex.c ****   */
1248:Drivers/STM32F1xx_HAL_Driver/Src/stm32f1xx_hal_tim_ex.c **** HAL_StatusTypeDef HAL_TIMEx_PWMN_Stop_IT(TIM_HandleTypeDef *htim, uint32_t Channel)
1249:Drivers/STM32F1xx_HAL_Driver/Src/stm32f1xx_hal_tim_ex.c **** {
 3438              		.loc 1 1249 1
 3439              		.cfi_startproc
 3440              		@ args = 0, pretend = 0, frame = 16
 3441              		@ frame_needed = 1, uses_anonymous_args = 0
 3442 0000 80B5     		push	{r7, lr}
ARM GAS  /tmp/ccydCXE5.s 			page 84


 3443              	.LCFI97:
 3444              		.cfi_def_cfa_offset 8
 3445              		.cfi_offset 7, -8
 3446              		.cfi_offset 14, -4
 3447 0002 84B0     		sub	sp, sp, #16
 3448              	.LCFI98:
 3449              		.cfi_def_cfa_offset 24
 3450 0004 00AF     		add	r7, sp, #0
 3451              	.LCFI99:
 3452              		.cfi_def_cfa_register 7
 3453 0006 7860     		str	r0, [r7, #4]
 3454 0008 3960     		str	r1, [r7]
1250:Drivers/STM32F1xx_HAL_Driver/Src/stm32f1xx_hal_tim_ex.c ****   uint32_t tmpccer;
1251:Drivers/STM32F1xx_HAL_Driver/Src/stm32f1xx_hal_tim_ex.c **** 
1252:Drivers/STM32F1xx_HAL_Driver/Src/stm32f1xx_hal_tim_ex.c ****   /* Check the parameters */
1253:Drivers/STM32F1xx_HAL_Driver/Src/stm32f1xx_hal_tim_ex.c ****   assert_param(IS_TIM_CCXN_INSTANCE(htim->Instance, Channel));
1254:Drivers/STM32F1xx_HAL_Driver/Src/stm32f1xx_hal_tim_ex.c **** 
1255:Drivers/STM32F1xx_HAL_Driver/Src/stm32f1xx_hal_tim_ex.c ****   switch (Channel)
 3455              		.loc 1 1255 3
 3456 000a 3B68     		ldr	r3, [r7]
 3457 000c 082B     		cmp	r3, #8
 3458 000e 1BD0     		beq	.L243
 3459 0010 3B68     		ldr	r3, [r7]
 3460 0012 082B     		cmp	r3, #8
 3461 0014 21D8     		bhi	.L258
 3462 0016 3B68     		ldr	r3, [r7]
 3463 0018 002B     		cmp	r3, #0
 3464 001a 03D0     		beq	.L245
 3465 001c 3B68     		ldr	r3, [r7]
 3466 001e 042B     		cmp	r3, #4
 3467 0020 09D0     		beq	.L246
1256:Drivers/STM32F1xx_HAL_Driver/Src/stm32f1xx_hal_tim_ex.c ****   {
1257:Drivers/STM32F1xx_HAL_Driver/Src/stm32f1xx_hal_tim_ex.c ****     case TIM_CHANNEL_1:
1258:Drivers/STM32F1xx_HAL_Driver/Src/stm32f1xx_hal_tim_ex.c ****     {
1259:Drivers/STM32F1xx_HAL_Driver/Src/stm32f1xx_hal_tim_ex.c ****       /* Disable the TIM Capture/Compare 1 interrupt */
1260:Drivers/STM32F1xx_HAL_Driver/Src/stm32f1xx_hal_tim_ex.c ****       __HAL_TIM_DISABLE_IT(htim, TIM_IT_CC1);
1261:Drivers/STM32F1xx_HAL_Driver/Src/stm32f1xx_hal_tim_ex.c ****       break;
1262:Drivers/STM32F1xx_HAL_Driver/Src/stm32f1xx_hal_tim_ex.c ****     }
1263:Drivers/STM32F1xx_HAL_Driver/Src/stm32f1xx_hal_tim_ex.c **** 
1264:Drivers/STM32F1xx_HAL_Driver/Src/stm32f1xx_hal_tim_ex.c ****     case TIM_CHANNEL_2:
1265:Drivers/STM32F1xx_HAL_Driver/Src/stm32f1xx_hal_tim_ex.c ****     {
1266:Drivers/STM32F1xx_HAL_Driver/Src/stm32f1xx_hal_tim_ex.c ****       /* Disable the TIM Capture/Compare 2 interrupt */
1267:Drivers/STM32F1xx_HAL_Driver/Src/stm32f1xx_hal_tim_ex.c ****       __HAL_TIM_DISABLE_IT(htim, TIM_IT_CC2);
1268:Drivers/STM32F1xx_HAL_Driver/Src/stm32f1xx_hal_tim_ex.c ****       break;
1269:Drivers/STM32F1xx_HAL_Driver/Src/stm32f1xx_hal_tim_ex.c ****     }
1270:Drivers/STM32F1xx_HAL_Driver/Src/stm32f1xx_hal_tim_ex.c **** 
1271:Drivers/STM32F1xx_HAL_Driver/Src/stm32f1xx_hal_tim_ex.c ****     case TIM_CHANNEL_3:
1272:Drivers/STM32F1xx_HAL_Driver/Src/stm32f1xx_hal_tim_ex.c ****     {
1273:Drivers/STM32F1xx_HAL_Driver/Src/stm32f1xx_hal_tim_ex.c ****       /* Disable the TIM Capture/Compare 3 interrupt */
1274:Drivers/STM32F1xx_HAL_Driver/Src/stm32f1xx_hal_tim_ex.c ****       __HAL_TIM_DISABLE_IT(htim, TIM_IT_CC3);
1275:Drivers/STM32F1xx_HAL_Driver/Src/stm32f1xx_hal_tim_ex.c ****       break;
1276:Drivers/STM32F1xx_HAL_Driver/Src/stm32f1xx_hal_tim_ex.c ****     }
1277:Drivers/STM32F1xx_HAL_Driver/Src/stm32f1xx_hal_tim_ex.c **** 
1278:Drivers/STM32F1xx_HAL_Driver/Src/stm32f1xx_hal_tim_ex.c ****     default:
1279:Drivers/STM32F1xx_HAL_Driver/Src/stm32f1xx_hal_tim_ex.c ****       break;
 3468              		.loc 1 1279 7
 3469 0022 1AE0     		b	.L258
ARM GAS  /tmp/ccydCXE5.s 			page 85


 3470              	.L245:
1260:Drivers/STM32F1xx_HAL_Driver/Src/stm32f1xx_hal_tim_ex.c ****       break;
 3471              		.loc 1 1260 7
 3472 0024 7B68     		ldr	r3, [r7, #4]
 3473 0026 1B68     		ldr	r3, [r3]
 3474 0028 DA68     		ldr	r2, [r3, #12]
 3475 002a 7B68     		ldr	r3, [r7, #4]
 3476 002c 1B68     		ldr	r3, [r3]
 3477 002e 22F00202 		bic	r2, r2, #2
 3478 0032 DA60     		str	r2, [r3, #12]
1261:Drivers/STM32F1xx_HAL_Driver/Src/stm32f1xx_hal_tim_ex.c ****     }
 3479              		.loc 1 1261 7
 3480 0034 12E0     		b	.L247
 3481              	.L246:
1267:Drivers/STM32F1xx_HAL_Driver/Src/stm32f1xx_hal_tim_ex.c ****       break;
 3482              		.loc 1 1267 7
 3483 0036 7B68     		ldr	r3, [r7, #4]
 3484 0038 1B68     		ldr	r3, [r3]
 3485 003a DA68     		ldr	r2, [r3, #12]
 3486 003c 7B68     		ldr	r3, [r7, #4]
 3487 003e 1B68     		ldr	r3, [r3]
 3488 0040 22F00402 		bic	r2, r2, #4
 3489 0044 DA60     		str	r2, [r3, #12]
1268:Drivers/STM32F1xx_HAL_Driver/Src/stm32f1xx_hal_tim_ex.c ****     }
 3490              		.loc 1 1268 7
 3491 0046 09E0     		b	.L247
 3492              	.L243:
1274:Drivers/STM32F1xx_HAL_Driver/Src/stm32f1xx_hal_tim_ex.c ****       break;
 3493              		.loc 1 1274 7
 3494 0048 7B68     		ldr	r3, [r7, #4]
 3495 004a 1B68     		ldr	r3, [r3]
 3496 004c DA68     		ldr	r2, [r3, #12]
 3497 004e 7B68     		ldr	r3, [r7, #4]
 3498 0050 1B68     		ldr	r3, [r3]
 3499 0052 22F00802 		bic	r2, r2, #8
 3500 0056 DA60     		str	r2, [r3, #12]
1275:Drivers/STM32F1xx_HAL_Driver/Src/stm32f1xx_hal_tim_ex.c ****     }
 3501              		.loc 1 1275 7
 3502 0058 00E0     		b	.L247
 3503              	.L258:
 3504              		.loc 1 1279 7
 3505 005a 00BF     		nop
 3506              	.L247:
1280:Drivers/STM32F1xx_HAL_Driver/Src/stm32f1xx_hal_tim_ex.c ****   }
1281:Drivers/STM32F1xx_HAL_Driver/Src/stm32f1xx_hal_tim_ex.c **** 
1282:Drivers/STM32F1xx_HAL_Driver/Src/stm32f1xx_hal_tim_ex.c ****   /* Disable the complementary PWM output  */
1283:Drivers/STM32F1xx_HAL_Driver/Src/stm32f1xx_hal_tim_ex.c ****   TIM_CCxNChannelCmd(htim->Instance, Channel, TIM_CCxN_DISABLE);
 3507              		.loc 1 1283 3
 3508 005c 7B68     		ldr	r3, [r7, #4]
 3509 005e 1B68     		ldr	r3, [r3]
 3510 0060 0022     		movs	r2, #0
 3511 0062 3968     		ldr	r1, [r7]
 3512 0064 1846     		mov	r0, r3
 3513 0066 FFF7FEFF 		bl	TIM_CCxNChannelCmd
1284:Drivers/STM32F1xx_HAL_Driver/Src/stm32f1xx_hal_tim_ex.c **** 
1285:Drivers/STM32F1xx_HAL_Driver/Src/stm32f1xx_hal_tim_ex.c ****   /* Disable the TIM Break interrupt (only if no more channel is active) */
1286:Drivers/STM32F1xx_HAL_Driver/Src/stm32f1xx_hal_tim_ex.c ****   tmpccer = htim->Instance->CCER;
ARM GAS  /tmp/ccydCXE5.s 			page 86


 3514              		.loc 1 1286 17
 3515 006a 7B68     		ldr	r3, [r7, #4]
 3516 006c 1B68     		ldr	r3, [r3]
 3517              		.loc 1 1286 11
 3518 006e 1B6A     		ldr	r3, [r3, #32]
 3519 0070 FB60     		str	r3, [r7, #12]
1287:Drivers/STM32F1xx_HAL_Driver/Src/stm32f1xx_hal_tim_ex.c ****   if ((tmpccer & (TIM_CCER_CC1NE | TIM_CCER_CC2NE | TIM_CCER_CC3NE)) == (uint32_t)RESET)
 3520              		.loc 1 1287 16
 3521 0072 FA68     		ldr	r2, [r7, #12]
 3522 0074 40F24443 		movw	r3, #1092
 3523 0078 1340     		ands	r3, r3, r2
 3524              		.loc 1 1287 6
 3525 007a 002B     		cmp	r3, #0
 3526 007c 07D1     		bne	.L248
1288:Drivers/STM32F1xx_HAL_Driver/Src/stm32f1xx_hal_tim_ex.c ****   {
1289:Drivers/STM32F1xx_HAL_Driver/Src/stm32f1xx_hal_tim_ex.c ****     __HAL_TIM_DISABLE_IT(htim, TIM_IT_BREAK);
 3527              		.loc 1 1289 5
 3528 007e 7B68     		ldr	r3, [r7, #4]
 3529 0080 1B68     		ldr	r3, [r3]
 3530 0082 DA68     		ldr	r2, [r3, #12]
 3531 0084 7B68     		ldr	r3, [r7, #4]
 3532 0086 1B68     		ldr	r3, [r3]
 3533 0088 22F08002 		bic	r2, r2, #128
 3534 008c DA60     		str	r2, [r3, #12]
 3535              	.L248:
1290:Drivers/STM32F1xx_HAL_Driver/Src/stm32f1xx_hal_tim_ex.c ****   }
1291:Drivers/STM32F1xx_HAL_Driver/Src/stm32f1xx_hal_tim_ex.c **** 
1292:Drivers/STM32F1xx_HAL_Driver/Src/stm32f1xx_hal_tim_ex.c ****   /* Disable the Main Output */
1293:Drivers/STM32F1xx_HAL_Driver/Src/stm32f1xx_hal_tim_ex.c ****   __HAL_TIM_MOE_DISABLE(htim);
 3536              		.loc 1 1293 3
 3537 008e 7B68     		ldr	r3, [r7, #4]
 3538 0090 1B68     		ldr	r3, [r3]
 3539 0092 1A6A     		ldr	r2, [r3, #32]
 3540 0094 41F21113 		movw	r3, #4369
 3541 0098 1340     		ands	r3, r3, r2
 3542 009a 002B     		cmp	r3, #0
 3543 009c 0FD1     		bne	.L249
 3544              		.loc 1 1293 3 is_stmt 0 discriminator 1
 3545 009e 7B68     		ldr	r3, [r7, #4]
 3546 00a0 1B68     		ldr	r3, [r3]
 3547 00a2 1A6A     		ldr	r2, [r3, #32]
 3548 00a4 40F24443 		movw	r3, #1092
 3549 00a8 1340     		ands	r3, r3, r2
 3550 00aa 002B     		cmp	r3, #0
 3551 00ac 07D1     		bne	.L249
 3552              		.loc 1 1293 3 discriminator 2
 3553 00ae 7B68     		ldr	r3, [r7, #4]
 3554 00b0 1B68     		ldr	r3, [r3]
 3555 00b2 5A6C     		ldr	r2, [r3, #68]
 3556 00b4 7B68     		ldr	r3, [r7, #4]
 3557 00b6 1B68     		ldr	r3, [r3]
 3558 00b8 22F40042 		bic	r2, r2, #32768
 3559 00bc 5A64     		str	r2, [r3, #68]
 3560              	.L249:
1294:Drivers/STM32F1xx_HAL_Driver/Src/stm32f1xx_hal_tim_ex.c **** 
1295:Drivers/STM32F1xx_HAL_Driver/Src/stm32f1xx_hal_tim_ex.c ****   /* Disable the Peripheral */
1296:Drivers/STM32F1xx_HAL_Driver/Src/stm32f1xx_hal_tim_ex.c ****   __HAL_TIM_DISABLE(htim);
ARM GAS  /tmp/ccydCXE5.s 			page 87


 3561              		.loc 1 1296 3 is_stmt 1
 3562 00be 7B68     		ldr	r3, [r7, #4]
 3563 00c0 1B68     		ldr	r3, [r3]
 3564 00c2 1A6A     		ldr	r2, [r3, #32]
 3565 00c4 41F21113 		movw	r3, #4369
 3566 00c8 1340     		ands	r3, r3, r2
 3567 00ca 002B     		cmp	r3, #0
 3568 00cc 0FD1     		bne	.L250
 3569              		.loc 1 1296 3 is_stmt 0 discriminator 1
 3570 00ce 7B68     		ldr	r3, [r7, #4]
 3571 00d0 1B68     		ldr	r3, [r3]
 3572 00d2 1A6A     		ldr	r2, [r3, #32]
 3573 00d4 40F24443 		movw	r3, #1092
 3574 00d8 1340     		ands	r3, r3, r2
 3575 00da 002B     		cmp	r3, #0
 3576 00dc 07D1     		bne	.L250
 3577              		.loc 1 1296 3 discriminator 2
 3578 00de 7B68     		ldr	r3, [r7, #4]
 3579 00e0 1B68     		ldr	r3, [r3]
 3580 00e2 1A68     		ldr	r2, [r3]
 3581 00e4 7B68     		ldr	r3, [r7, #4]
 3582 00e6 1B68     		ldr	r3, [r3]
 3583 00e8 22F00102 		bic	r2, r2, #1
 3584 00ec 1A60     		str	r2, [r3]
 3585              	.L250:
1297:Drivers/STM32F1xx_HAL_Driver/Src/stm32f1xx_hal_tim_ex.c **** 
1298:Drivers/STM32F1xx_HAL_Driver/Src/stm32f1xx_hal_tim_ex.c ****   /* Set the TIM complementary channel state */
1299:Drivers/STM32F1xx_HAL_Driver/Src/stm32f1xx_hal_tim_ex.c ****   TIM_CHANNEL_N_STATE_SET(htim, Channel, HAL_TIM_CHANNEL_STATE_READY);
 3586              		.loc 1 1299 3 is_stmt 1
 3587 00ee 3B68     		ldr	r3, [r7]
 3588 00f0 002B     		cmp	r3, #0
 3589 00f2 04D1     		bne	.L251
 3590              		.loc 1 1299 3 is_stmt 0 discriminator 1
 3591 00f4 7B68     		ldr	r3, [r7, #4]
 3592 00f6 0122     		movs	r2, #1
 3593 00f8 83F84220 		strb	r2, [r3, #66]
 3594 00fc 13E0     		b	.L252
 3595              	.L251:
 3596              		.loc 1 1299 3 discriminator 2
 3597 00fe 3B68     		ldr	r3, [r7]
 3598 0100 042B     		cmp	r3, #4
 3599 0102 04D1     		bne	.L253
 3600              		.loc 1 1299 3 discriminator 3
 3601 0104 7B68     		ldr	r3, [r7, #4]
 3602 0106 0122     		movs	r2, #1
 3603 0108 83F84320 		strb	r2, [r3, #67]
 3604 010c 0BE0     		b	.L252
 3605              	.L253:
 3606              		.loc 1 1299 3 discriminator 4
 3607 010e 3B68     		ldr	r3, [r7]
 3608 0110 082B     		cmp	r3, #8
 3609 0112 04D1     		bne	.L255
 3610              		.loc 1 1299 3 discriminator 6
 3611 0114 7B68     		ldr	r3, [r7, #4]
 3612 0116 0122     		movs	r2, #1
 3613 0118 83F84420 		strb	r2, [r3, #68]
 3614 011c 03E0     		b	.L252
ARM GAS  /tmp/ccydCXE5.s 			page 88


 3615              	.L255:
 3616              		.loc 1 1299 3 discriminator 7
 3617 011e 7B68     		ldr	r3, [r7, #4]
 3618 0120 0122     		movs	r2, #1
 3619 0122 83F84520 		strb	r2, [r3, #69]
 3620              	.L252:
1300:Drivers/STM32F1xx_HAL_Driver/Src/stm32f1xx_hal_tim_ex.c **** 
1301:Drivers/STM32F1xx_HAL_Driver/Src/stm32f1xx_hal_tim_ex.c ****   /* Return function status */
1302:Drivers/STM32F1xx_HAL_Driver/Src/stm32f1xx_hal_tim_ex.c ****   return HAL_OK;
 3621              		.loc 1 1302 10 is_stmt 1
 3622 0126 0023     		movs	r3, #0
1303:Drivers/STM32F1xx_HAL_Driver/Src/stm32f1xx_hal_tim_ex.c **** }
 3623              		.loc 1 1303 1
 3624 0128 1846     		mov	r0, r3
 3625 012a 1037     		adds	r7, r7, #16
 3626              	.LCFI100:
 3627              		.cfi_def_cfa_offset 8
 3628 012c BD46     		mov	sp, r7
 3629              	.LCFI101:
 3630              		.cfi_def_cfa_register 13
 3631              		@ sp needed
 3632 012e 80BD     		pop	{r7, pc}
 3633              		.cfi_endproc
 3634              	.LFE84:
 3636              		.section	.text.HAL_TIMEx_PWMN_Start_DMA,"ax",%progbits
 3637              		.align	1
 3638              		.global	HAL_TIMEx_PWMN_Start_DMA
 3639              		.syntax unified
 3640              		.thumb
 3641              		.thumb_func
 3643              	HAL_TIMEx_PWMN_Start_DMA:
 3644              	.LFB85:
1304:Drivers/STM32F1xx_HAL_Driver/Src/stm32f1xx_hal_tim_ex.c **** 
1305:Drivers/STM32F1xx_HAL_Driver/Src/stm32f1xx_hal_tim_ex.c **** /**
1306:Drivers/STM32F1xx_HAL_Driver/Src/stm32f1xx_hal_tim_ex.c ****   * @brief  Starts the TIM PWM signal generation in DMA mode on the
1307:Drivers/STM32F1xx_HAL_Driver/Src/stm32f1xx_hal_tim_ex.c ****   *         complementary output
1308:Drivers/STM32F1xx_HAL_Driver/Src/stm32f1xx_hal_tim_ex.c ****   * @param  htim TIM handle
1309:Drivers/STM32F1xx_HAL_Driver/Src/stm32f1xx_hal_tim_ex.c ****   * @param  Channel TIM Channel to be enabled
1310:Drivers/STM32F1xx_HAL_Driver/Src/stm32f1xx_hal_tim_ex.c ****   *          This parameter can be one of the following values:
1311:Drivers/STM32F1xx_HAL_Driver/Src/stm32f1xx_hal_tim_ex.c ****   *            @arg TIM_CHANNEL_1: TIM Channel 1 selected
1312:Drivers/STM32F1xx_HAL_Driver/Src/stm32f1xx_hal_tim_ex.c ****   *            @arg TIM_CHANNEL_2: TIM Channel 2 selected
1313:Drivers/STM32F1xx_HAL_Driver/Src/stm32f1xx_hal_tim_ex.c ****   *            @arg TIM_CHANNEL_3: TIM Channel 3 selected
1314:Drivers/STM32F1xx_HAL_Driver/Src/stm32f1xx_hal_tim_ex.c ****   * @param  pData The source Buffer address.
1315:Drivers/STM32F1xx_HAL_Driver/Src/stm32f1xx_hal_tim_ex.c ****   * @param  Length The length of data to be transferred from memory to TIM peripheral
1316:Drivers/STM32F1xx_HAL_Driver/Src/stm32f1xx_hal_tim_ex.c ****   * @retval HAL status
1317:Drivers/STM32F1xx_HAL_Driver/Src/stm32f1xx_hal_tim_ex.c ****   */
1318:Drivers/STM32F1xx_HAL_Driver/Src/stm32f1xx_hal_tim_ex.c **** HAL_StatusTypeDef HAL_TIMEx_PWMN_Start_DMA(TIM_HandleTypeDef *htim, uint32_t Channel, uint32_t *pDa
1319:Drivers/STM32F1xx_HAL_Driver/Src/stm32f1xx_hal_tim_ex.c **** {
 3645              		.loc 1 1319 1
 3646              		.cfi_startproc
 3647              		@ args = 0, pretend = 0, frame = 24
 3648              		@ frame_needed = 1, uses_anonymous_args = 0
 3649 0000 80B5     		push	{r7, lr}
 3650              	.LCFI102:
 3651              		.cfi_def_cfa_offset 8
 3652              		.cfi_offset 7, -8
 3653              		.cfi_offset 14, -4
ARM GAS  /tmp/ccydCXE5.s 			page 89


 3654 0002 86B0     		sub	sp, sp, #24
 3655              	.LCFI103:
 3656              		.cfi_def_cfa_offset 32
 3657 0004 00AF     		add	r7, sp, #0
 3658              	.LCFI104:
 3659              		.cfi_def_cfa_register 7
 3660 0006 F860     		str	r0, [r7, #12]
 3661 0008 B960     		str	r1, [r7, #8]
 3662 000a 7A60     		str	r2, [r7, #4]
 3663 000c 7B80     		strh	r3, [r7, #2]	@ movhi
1320:Drivers/STM32F1xx_HAL_Driver/Src/stm32f1xx_hal_tim_ex.c ****   uint32_t tmpsmcr;
1321:Drivers/STM32F1xx_HAL_Driver/Src/stm32f1xx_hal_tim_ex.c **** 
1322:Drivers/STM32F1xx_HAL_Driver/Src/stm32f1xx_hal_tim_ex.c ****   /* Check the parameters */
1323:Drivers/STM32F1xx_HAL_Driver/Src/stm32f1xx_hal_tim_ex.c ****   assert_param(IS_TIM_CCXN_INSTANCE(htim->Instance, Channel));
1324:Drivers/STM32F1xx_HAL_Driver/Src/stm32f1xx_hal_tim_ex.c **** 
1325:Drivers/STM32F1xx_HAL_Driver/Src/stm32f1xx_hal_tim_ex.c ****   /* Set the TIM complementary channel state */
1326:Drivers/STM32F1xx_HAL_Driver/Src/stm32f1xx_hal_tim_ex.c ****   if (TIM_CHANNEL_N_STATE_GET(htim, Channel) == HAL_TIM_CHANNEL_STATE_BUSY)
 3664              		.loc 1 1326 46
 3665 000e BB68     		ldr	r3, [r7, #8]
 3666 0010 002B     		cmp	r3, #0
 3667 0012 09D1     		bne	.L260
 3668              		.loc 1 1326 7 discriminator 1
 3669 0014 FB68     		ldr	r3, [r7, #12]
 3670 0016 93F84230 		ldrb	r3, [r3, #66]
 3671 001a DBB2     		uxtb	r3, r3
 3672              		.loc 1 1326 46 discriminator 1
 3673 001c 022B     		cmp	r3, #2
 3674 001e 0CBF     		ite	eq
 3675 0020 0123     		moveq	r3, #1
 3676 0022 0023     		movne	r3, #0
 3677 0024 DBB2     		uxtb	r3, r3
 3678 0026 22E0     		b	.L261
 3679              	.L260:
 3680              		.loc 1 1326 46 is_stmt 0 discriminator 2
 3681 0028 BB68     		ldr	r3, [r7, #8]
 3682 002a 042B     		cmp	r3, #4
 3683 002c 09D1     		bne	.L262
 3684              		.loc 1 1326 7 is_stmt 1 discriminator 4
 3685 002e FB68     		ldr	r3, [r7, #12]
 3686 0030 93F84330 		ldrb	r3, [r3, #67]
 3687 0034 DBB2     		uxtb	r3, r3
 3688              		.loc 1 1326 46 discriminator 4
 3689 0036 022B     		cmp	r3, #2
 3690 0038 0CBF     		ite	eq
 3691 003a 0123     		moveq	r3, #1
 3692 003c 0023     		movne	r3, #0
 3693 003e DBB2     		uxtb	r3, r3
 3694 0040 15E0     		b	.L261
 3695              	.L262:
 3696              		.loc 1 1326 46 is_stmt 0 discriminator 5
 3697 0042 BB68     		ldr	r3, [r7, #8]
 3698 0044 082B     		cmp	r3, #8
 3699 0046 09D1     		bne	.L264
 3700              		.loc 1 1326 7 is_stmt 1 discriminator 7
 3701 0048 FB68     		ldr	r3, [r7, #12]
 3702 004a 93F84430 		ldrb	r3, [r3, #68]
 3703 004e DBB2     		uxtb	r3, r3
ARM GAS  /tmp/ccydCXE5.s 			page 90


 3704              		.loc 1 1326 46 discriminator 7
 3705 0050 022B     		cmp	r3, #2
 3706 0052 0CBF     		ite	eq
 3707 0054 0123     		moveq	r3, #1
 3708 0056 0023     		movne	r3, #0
 3709 0058 DBB2     		uxtb	r3, r3
 3710 005a 08E0     		b	.L261
 3711              	.L264:
 3712              		.loc 1 1326 7 discriminator 8
 3713 005c FB68     		ldr	r3, [r7, #12]
 3714 005e 93F84530 		ldrb	r3, [r3, #69]
 3715 0062 DBB2     		uxtb	r3, r3
 3716              		.loc 1 1326 46 discriminator 8
 3717 0064 022B     		cmp	r3, #2
 3718 0066 0CBF     		ite	eq
 3719 0068 0123     		moveq	r3, #1
 3720 006a 0023     		movne	r3, #0
 3721 006c DBB2     		uxtb	r3, r3
 3722              	.L261:
 3723              		.loc 1 1326 6 discriminator 12
 3724 006e 002B     		cmp	r3, #0
 3725 0070 01D0     		beq	.L266
1327:Drivers/STM32F1xx_HAL_Driver/Src/stm32f1xx_hal_tim_ex.c ****   {
1328:Drivers/STM32F1xx_HAL_Driver/Src/stm32f1xx_hal_tim_ex.c ****     return HAL_BUSY;
 3726              		.loc 1 1328 12
 3727 0072 0223     		movs	r3, #2
 3728 0074 10E1     		b	.L267
 3729              	.L266:
1329:Drivers/STM32F1xx_HAL_Driver/Src/stm32f1xx_hal_tim_ex.c ****   }
1330:Drivers/STM32F1xx_HAL_Driver/Src/stm32f1xx_hal_tim_ex.c ****   else if (TIM_CHANNEL_N_STATE_GET(htim, Channel) == HAL_TIM_CHANNEL_STATE_READY)
 3730              		.loc 1 1330 51
 3731 0076 BB68     		ldr	r3, [r7, #8]
 3732 0078 002B     		cmp	r3, #0
 3733 007a 09D1     		bne	.L268
 3734              		.loc 1 1330 12 discriminator 1
 3735 007c FB68     		ldr	r3, [r7, #12]
 3736 007e 93F84230 		ldrb	r3, [r3, #66]
 3737 0082 DBB2     		uxtb	r3, r3
 3738              		.loc 1 1330 51 discriminator 1
 3739 0084 012B     		cmp	r3, #1
 3740 0086 0CBF     		ite	eq
 3741 0088 0123     		moveq	r3, #1
 3742 008a 0023     		movne	r3, #0
 3743 008c DBB2     		uxtb	r3, r3
 3744 008e 22E0     		b	.L269
 3745              	.L268:
 3746              		.loc 1 1330 51 is_stmt 0 discriminator 2
 3747 0090 BB68     		ldr	r3, [r7, #8]
 3748 0092 042B     		cmp	r3, #4
 3749 0094 09D1     		bne	.L270
 3750              		.loc 1 1330 12 is_stmt 1 discriminator 4
 3751 0096 FB68     		ldr	r3, [r7, #12]
 3752 0098 93F84330 		ldrb	r3, [r3, #67]
 3753 009c DBB2     		uxtb	r3, r3
 3754              		.loc 1 1330 51 discriminator 4
 3755 009e 012B     		cmp	r3, #1
 3756 00a0 0CBF     		ite	eq
ARM GAS  /tmp/ccydCXE5.s 			page 91


 3757 00a2 0123     		moveq	r3, #1
 3758 00a4 0023     		movne	r3, #0
 3759 00a6 DBB2     		uxtb	r3, r3
 3760 00a8 15E0     		b	.L269
 3761              	.L270:
 3762              		.loc 1 1330 51 is_stmt 0 discriminator 5
 3763 00aa BB68     		ldr	r3, [r7, #8]
 3764 00ac 082B     		cmp	r3, #8
 3765 00ae 09D1     		bne	.L272
 3766              		.loc 1 1330 12 is_stmt 1 discriminator 7
 3767 00b0 FB68     		ldr	r3, [r7, #12]
 3768 00b2 93F84430 		ldrb	r3, [r3, #68]
 3769 00b6 DBB2     		uxtb	r3, r3
 3770              		.loc 1 1330 51 discriminator 7
 3771 00b8 012B     		cmp	r3, #1
 3772 00ba 0CBF     		ite	eq
 3773 00bc 0123     		moveq	r3, #1
 3774 00be 0023     		movne	r3, #0
 3775 00c0 DBB2     		uxtb	r3, r3
 3776 00c2 08E0     		b	.L269
 3777              	.L272:
 3778              		.loc 1 1330 12 discriminator 8
 3779 00c4 FB68     		ldr	r3, [r7, #12]
 3780 00c6 93F84530 		ldrb	r3, [r3, #69]
 3781 00ca DBB2     		uxtb	r3, r3
 3782              		.loc 1 1330 51 discriminator 8
 3783 00cc 012B     		cmp	r3, #1
 3784 00ce 0CBF     		ite	eq
 3785 00d0 0123     		moveq	r3, #1
 3786 00d2 0023     		movne	r3, #0
 3787 00d4 DBB2     		uxtb	r3, r3
 3788              	.L269:
 3789              		.loc 1 1330 11 discriminator 12
 3790 00d6 002B     		cmp	r3, #0
 3791 00d8 24D0     		beq	.L274
1331:Drivers/STM32F1xx_HAL_Driver/Src/stm32f1xx_hal_tim_ex.c ****   {
1332:Drivers/STM32F1xx_HAL_Driver/Src/stm32f1xx_hal_tim_ex.c ****     if ((pData == NULL) && (Length > 0U))
 3792              		.loc 1 1332 8
 3793 00da 7B68     		ldr	r3, [r7, #4]
 3794 00dc 002B     		cmp	r3, #0
 3795 00de 04D1     		bne	.L275
 3796              		.loc 1 1332 25 discriminator 1
 3797 00e0 7B88     		ldrh	r3, [r7, #2]
 3798 00e2 002B     		cmp	r3, #0
 3799 00e4 01D0     		beq	.L275
1333:Drivers/STM32F1xx_HAL_Driver/Src/stm32f1xx_hal_tim_ex.c ****     {
1334:Drivers/STM32F1xx_HAL_Driver/Src/stm32f1xx_hal_tim_ex.c ****       return HAL_ERROR;
 3800              		.loc 1 1334 14
 3801 00e6 0123     		movs	r3, #1
 3802 00e8 D6E0     		b	.L267
 3803              	.L275:
1335:Drivers/STM32F1xx_HAL_Driver/Src/stm32f1xx_hal_tim_ex.c ****     }
1336:Drivers/STM32F1xx_HAL_Driver/Src/stm32f1xx_hal_tim_ex.c ****     else
1337:Drivers/STM32F1xx_HAL_Driver/Src/stm32f1xx_hal_tim_ex.c ****     {
1338:Drivers/STM32F1xx_HAL_Driver/Src/stm32f1xx_hal_tim_ex.c ****       TIM_CHANNEL_N_STATE_SET(htim, Channel, HAL_TIM_CHANNEL_STATE_BUSY);
 3804              		.loc 1 1338 7
 3805 00ea BB68     		ldr	r3, [r7, #8]
ARM GAS  /tmp/ccydCXE5.s 			page 92


 3806 00ec 002B     		cmp	r3, #0
 3807 00ee 04D1     		bne	.L276
 3808              		.loc 1 1338 7 is_stmt 0 discriminator 1
 3809 00f0 FB68     		ldr	r3, [r7, #12]
 3810 00f2 0222     		movs	r2, #2
 3811 00f4 83F84220 		strb	r2, [r3, #66]
 3812 00f8 16E0     		b	.L277
 3813              	.L276:
 3814              		.loc 1 1338 7 discriminator 2
 3815 00fa BB68     		ldr	r3, [r7, #8]
 3816 00fc 042B     		cmp	r3, #4
 3817 00fe 04D1     		bne	.L278
 3818              		.loc 1 1338 7 discriminator 3
 3819 0100 FB68     		ldr	r3, [r7, #12]
 3820 0102 0222     		movs	r2, #2
 3821 0104 83F84320 		strb	r2, [r3, #67]
 3822 0108 0EE0     		b	.L277
 3823              	.L278:
 3824              		.loc 1 1338 7 discriminator 4
 3825 010a BB68     		ldr	r3, [r7, #8]
 3826 010c 082B     		cmp	r3, #8
 3827 010e 04D1     		bne	.L280
 3828              		.loc 1 1338 7 discriminator 6
 3829 0110 FB68     		ldr	r3, [r7, #12]
 3830 0112 0222     		movs	r2, #2
 3831 0114 83F84420 		strb	r2, [r3, #68]
 3832 0118 06E0     		b	.L277
 3833              	.L280:
 3834              		.loc 1 1338 7 discriminator 7
 3835 011a FB68     		ldr	r3, [r7, #12]
 3836 011c 0222     		movs	r2, #2
 3837 011e 83F84520 		strb	r2, [r3, #69]
 3838 0122 01E0     		b	.L277
 3839              	.L274:
1339:Drivers/STM32F1xx_HAL_Driver/Src/stm32f1xx_hal_tim_ex.c ****     }
1340:Drivers/STM32F1xx_HAL_Driver/Src/stm32f1xx_hal_tim_ex.c ****   }
1341:Drivers/STM32F1xx_HAL_Driver/Src/stm32f1xx_hal_tim_ex.c ****   else
1342:Drivers/STM32F1xx_HAL_Driver/Src/stm32f1xx_hal_tim_ex.c ****   {
1343:Drivers/STM32F1xx_HAL_Driver/Src/stm32f1xx_hal_tim_ex.c ****     return HAL_ERROR;
 3840              		.loc 1 1343 12 is_stmt 1
 3841 0124 0123     		movs	r3, #1
 3842 0126 B7E0     		b	.L267
 3843              	.L277:
1344:Drivers/STM32F1xx_HAL_Driver/Src/stm32f1xx_hal_tim_ex.c ****   }
1345:Drivers/STM32F1xx_HAL_Driver/Src/stm32f1xx_hal_tim_ex.c **** 
1346:Drivers/STM32F1xx_HAL_Driver/Src/stm32f1xx_hal_tim_ex.c ****   switch (Channel)
 3844              		.loc 1 1346 3
 3845 0128 BB68     		ldr	r3, [r7, #8]
 3846 012a 082B     		cmp	r3, #8
 3847 012c 51D0     		beq	.L282
 3848 012e BB68     		ldr	r3, [r7, #8]
 3849 0130 082B     		cmp	r3, #8
 3850 0132 72D8     		bhi	.L294
 3851 0134 BB68     		ldr	r3, [r7, #8]
 3852 0136 002B     		cmp	r3, #0
 3853 0138 03D0     		beq	.L284
 3854 013a BB68     		ldr	r3, [r7, #8]
ARM GAS  /tmp/ccydCXE5.s 			page 93


 3855 013c 042B     		cmp	r3, #4
 3856 013e 24D0     		beq	.L285
1347:Drivers/STM32F1xx_HAL_Driver/Src/stm32f1xx_hal_tim_ex.c ****   {
1348:Drivers/STM32F1xx_HAL_Driver/Src/stm32f1xx_hal_tim_ex.c ****     case TIM_CHANNEL_1:
1349:Drivers/STM32F1xx_HAL_Driver/Src/stm32f1xx_hal_tim_ex.c ****     {
1350:Drivers/STM32F1xx_HAL_Driver/Src/stm32f1xx_hal_tim_ex.c ****       /* Set the DMA compare callbacks */
1351:Drivers/STM32F1xx_HAL_Driver/Src/stm32f1xx_hal_tim_ex.c ****       htim->hdma[TIM_DMA_ID_CC1]->XferCpltCallback = TIM_DMADelayPulseNCplt;
1352:Drivers/STM32F1xx_HAL_Driver/Src/stm32f1xx_hal_tim_ex.c ****       htim->hdma[TIM_DMA_ID_CC1]->XferHalfCpltCallback = TIM_DMADelayPulseHalfCplt;
1353:Drivers/STM32F1xx_HAL_Driver/Src/stm32f1xx_hal_tim_ex.c **** 
1354:Drivers/STM32F1xx_HAL_Driver/Src/stm32f1xx_hal_tim_ex.c ****       /* Set the DMA error callback */
1355:Drivers/STM32F1xx_HAL_Driver/Src/stm32f1xx_hal_tim_ex.c ****       htim->hdma[TIM_DMA_ID_CC1]->XferErrorCallback = TIM_DMAErrorCCxN ;
1356:Drivers/STM32F1xx_HAL_Driver/Src/stm32f1xx_hal_tim_ex.c **** 
1357:Drivers/STM32F1xx_HAL_Driver/Src/stm32f1xx_hal_tim_ex.c ****       /* Enable the DMA channel */
1358:Drivers/STM32F1xx_HAL_Driver/Src/stm32f1xx_hal_tim_ex.c ****       if (HAL_DMA_Start_IT(htim->hdma[TIM_DMA_ID_CC1], (uint32_t)pData, (uint32_t)&htim->Instance->
1359:Drivers/STM32F1xx_HAL_Driver/Src/stm32f1xx_hal_tim_ex.c ****                          Length) != HAL_OK)
1360:Drivers/STM32F1xx_HAL_Driver/Src/stm32f1xx_hal_tim_ex.c ****       {
1361:Drivers/STM32F1xx_HAL_Driver/Src/stm32f1xx_hal_tim_ex.c ****         /* Return error status */
1362:Drivers/STM32F1xx_HAL_Driver/Src/stm32f1xx_hal_tim_ex.c ****         return HAL_ERROR;
1363:Drivers/STM32F1xx_HAL_Driver/Src/stm32f1xx_hal_tim_ex.c ****       }
1364:Drivers/STM32F1xx_HAL_Driver/Src/stm32f1xx_hal_tim_ex.c ****       /* Enable the TIM Capture/Compare 1 DMA request */
1365:Drivers/STM32F1xx_HAL_Driver/Src/stm32f1xx_hal_tim_ex.c ****       __HAL_TIM_ENABLE_DMA(htim, TIM_DMA_CC1);
1366:Drivers/STM32F1xx_HAL_Driver/Src/stm32f1xx_hal_tim_ex.c ****       break;
1367:Drivers/STM32F1xx_HAL_Driver/Src/stm32f1xx_hal_tim_ex.c ****     }
1368:Drivers/STM32F1xx_HAL_Driver/Src/stm32f1xx_hal_tim_ex.c **** 
1369:Drivers/STM32F1xx_HAL_Driver/Src/stm32f1xx_hal_tim_ex.c ****     case TIM_CHANNEL_2:
1370:Drivers/STM32F1xx_HAL_Driver/Src/stm32f1xx_hal_tim_ex.c ****     {
1371:Drivers/STM32F1xx_HAL_Driver/Src/stm32f1xx_hal_tim_ex.c ****       /* Set the DMA compare callbacks */
1372:Drivers/STM32F1xx_HAL_Driver/Src/stm32f1xx_hal_tim_ex.c ****       htim->hdma[TIM_DMA_ID_CC2]->XferCpltCallback = TIM_DMADelayPulseNCplt;
1373:Drivers/STM32F1xx_HAL_Driver/Src/stm32f1xx_hal_tim_ex.c ****       htim->hdma[TIM_DMA_ID_CC2]->XferHalfCpltCallback = TIM_DMADelayPulseHalfCplt;
1374:Drivers/STM32F1xx_HAL_Driver/Src/stm32f1xx_hal_tim_ex.c **** 
1375:Drivers/STM32F1xx_HAL_Driver/Src/stm32f1xx_hal_tim_ex.c ****       /* Set the DMA error callback */
1376:Drivers/STM32F1xx_HAL_Driver/Src/stm32f1xx_hal_tim_ex.c ****       htim->hdma[TIM_DMA_ID_CC2]->XferErrorCallback = TIM_DMAErrorCCxN ;
1377:Drivers/STM32F1xx_HAL_Driver/Src/stm32f1xx_hal_tim_ex.c **** 
1378:Drivers/STM32F1xx_HAL_Driver/Src/stm32f1xx_hal_tim_ex.c ****       /* Enable the DMA channel */
1379:Drivers/STM32F1xx_HAL_Driver/Src/stm32f1xx_hal_tim_ex.c ****       if (HAL_DMA_Start_IT(htim->hdma[TIM_DMA_ID_CC2], (uint32_t)pData, (uint32_t)&htim->Instance->
1380:Drivers/STM32F1xx_HAL_Driver/Src/stm32f1xx_hal_tim_ex.c ****                          Length) != HAL_OK)
1381:Drivers/STM32F1xx_HAL_Driver/Src/stm32f1xx_hal_tim_ex.c ****       {
1382:Drivers/STM32F1xx_HAL_Driver/Src/stm32f1xx_hal_tim_ex.c ****         /* Return error status */
1383:Drivers/STM32F1xx_HAL_Driver/Src/stm32f1xx_hal_tim_ex.c ****         return HAL_ERROR;
1384:Drivers/STM32F1xx_HAL_Driver/Src/stm32f1xx_hal_tim_ex.c ****       }
1385:Drivers/STM32F1xx_HAL_Driver/Src/stm32f1xx_hal_tim_ex.c ****       /* Enable the TIM Capture/Compare 2 DMA request */
1386:Drivers/STM32F1xx_HAL_Driver/Src/stm32f1xx_hal_tim_ex.c ****       __HAL_TIM_ENABLE_DMA(htim, TIM_DMA_CC2);
1387:Drivers/STM32F1xx_HAL_Driver/Src/stm32f1xx_hal_tim_ex.c ****       break;
1388:Drivers/STM32F1xx_HAL_Driver/Src/stm32f1xx_hal_tim_ex.c ****     }
1389:Drivers/STM32F1xx_HAL_Driver/Src/stm32f1xx_hal_tim_ex.c **** 
1390:Drivers/STM32F1xx_HAL_Driver/Src/stm32f1xx_hal_tim_ex.c ****     case TIM_CHANNEL_3:
1391:Drivers/STM32F1xx_HAL_Driver/Src/stm32f1xx_hal_tim_ex.c ****     {
1392:Drivers/STM32F1xx_HAL_Driver/Src/stm32f1xx_hal_tim_ex.c ****       /* Set the DMA compare callbacks */
1393:Drivers/STM32F1xx_HAL_Driver/Src/stm32f1xx_hal_tim_ex.c ****       htim->hdma[TIM_DMA_ID_CC3]->XferCpltCallback = TIM_DMADelayPulseNCplt;
1394:Drivers/STM32F1xx_HAL_Driver/Src/stm32f1xx_hal_tim_ex.c ****       htim->hdma[TIM_DMA_ID_CC3]->XferHalfCpltCallback = TIM_DMADelayPulseHalfCplt;
1395:Drivers/STM32F1xx_HAL_Driver/Src/stm32f1xx_hal_tim_ex.c **** 
1396:Drivers/STM32F1xx_HAL_Driver/Src/stm32f1xx_hal_tim_ex.c ****       /* Set the DMA error callback */
1397:Drivers/STM32F1xx_HAL_Driver/Src/stm32f1xx_hal_tim_ex.c ****       htim->hdma[TIM_DMA_ID_CC3]->XferErrorCallback = TIM_DMAErrorCCxN ;
1398:Drivers/STM32F1xx_HAL_Driver/Src/stm32f1xx_hal_tim_ex.c **** 
1399:Drivers/STM32F1xx_HAL_Driver/Src/stm32f1xx_hal_tim_ex.c ****       /* Enable the DMA channel */
1400:Drivers/STM32F1xx_HAL_Driver/Src/stm32f1xx_hal_tim_ex.c ****       if (HAL_DMA_Start_IT(htim->hdma[TIM_DMA_ID_CC3], (uint32_t)pData, (uint32_t)&htim->Instance->
1401:Drivers/STM32F1xx_HAL_Driver/Src/stm32f1xx_hal_tim_ex.c ****                          Length) != HAL_OK)
ARM GAS  /tmp/ccydCXE5.s 			page 94


1402:Drivers/STM32F1xx_HAL_Driver/Src/stm32f1xx_hal_tim_ex.c ****       {
1403:Drivers/STM32F1xx_HAL_Driver/Src/stm32f1xx_hal_tim_ex.c ****         /* Return error status */
1404:Drivers/STM32F1xx_HAL_Driver/Src/stm32f1xx_hal_tim_ex.c ****         return HAL_ERROR;
1405:Drivers/STM32F1xx_HAL_Driver/Src/stm32f1xx_hal_tim_ex.c ****       }
1406:Drivers/STM32F1xx_HAL_Driver/Src/stm32f1xx_hal_tim_ex.c ****       /* Enable the TIM Capture/Compare 3 DMA request */
1407:Drivers/STM32F1xx_HAL_Driver/Src/stm32f1xx_hal_tim_ex.c ****       __HAL_TIM_ENABLE_DMA(htim, TIM_DMA_CC3);
1408:Drivers/STM32F1xx_HAL_Driver/Src/stm32f1xx_hal_tim_ex.c ****       break;
1409:Drivers/STM32F1xx_HAL_Driver/Src/stm32f1xx_hal_tim_ex.c ****     }
1410:Drivers/STM32F1xx_HAL_Driver/Src/stm32f1xx_hal_tim_ex.c **** 
1411:Drivers/STM32F1xx_HAL_Driver/Src/stm32f1xx_hal_tim_ex.c ****     default:
1412:Drivers/STM32F1xx_HAL_Driver/Src/stm32f1xx_hal_tim_ex.c ****       break;
 3857              		.loc 1 1412 7
 3858 0140 6BE0     		b	.L294
 3859              	.L284:
1351:Drivers/STM32F1xx_HAL_Driver/Src/stm32f1xx_hal_tim_ex.c ****       htim->hdma[TIM_DMA_ID_CC1]->XferHalfCpltCallback = TIM_DMADelayPulseHalfCplt;
 3860              		.loc 1 1351 17
 3861 0142 FB68     		ldr	r3, [r7, #12]
 3862 0144 5B6A     		ldr	r3, [r3, #36]
1351:Drivers/STM32F1xx_HAL_Driver/Src/stm32f1xx_hal_tim_ex.c ****       htim->hdma[TIM_DMA_ID_CC1]->XferHalfCpltCallback = TIM_DMADelayPulseHalfCplt;
 3863              		.loc 1 1351 52
 3864 0146 564A     		ldr	r2, .L295
 3865 0148 9A62     		str	r2, [r3, #40]
1352:Drivers/STM32F1xx_HAL_Driver/Src/stm32f1xx_hal_tim_ex.c **** 
 3866              		.loc 1 1352 17
 3867 014a FB68     		ldr	r3, [r7, #12]
 3868 014c 5B6A     		ldr	r3, [r3, #36]
1352:Drivers/STM32F1xx_HAL_Driver/Src/stm32f1xx_hal_tim_ex.c **** 
 3869              		.loc 1 1352 56
 3870 014e 554A     		ldr	r2, .L295+4
 3871 0150 DA62     		str	r2, [r3, #44]
1355:Drivers/STM32F1xx_HAL_Driver/Src/stm32f1xx_hal_tim_ex.c **** 
 3872              		.loc 1 1355 17
 3873 0152 FB68     		ldr	r3, [r7, #12]
 3874 0154 5B6A     		ldr	r3, [r3, #36]
1355:Drivers/STM32F1xx_HAL_Driver/Src/stm32f1xx_hal_tim_ex.c **** 
 3875              		.loc 1 1355 53
 3876 0156 544A     		ldr	r2, .L295+8
 3877 0158 1A63     		str	r2, [r3, #48]
1358:Drivers/STM32F1xx_HAL_Driver/Src/stm32f1xx_hal_tim_ex.c ****                          Length) != HAL_OK)
 3878              		.loc 1 1358 11
 3879 015a FB68     		ldr	r3, [r7, #12]
 3880 015c 586A     		ldr	r0, [r3, #36]
 3881 015e 7968     		ldr	r1, [r7, #4]
1358:Drivers/STM32F1xx_HAL_Driver/Src/stm32f1xx_hal_tim_ex.c ****                          Length) != HAL_OK)
 3882              		.loc 1 1358 88
 3883 0160 FB68     		ldr	r3, [r7, #12]
 3884 0162 1B68     		ldr	r3, [r3]
1358:Drivers/STM32F1xx_HAL_Driver/Src/stm32f1xx_hal_tim_ex.c ****                          Length) != HAL_OK)
 3885              		.loc 1 1358 83
 3886 0164 3433     		adds	r3, r3, #52
1358:Drivers/STM32F1xx_HAL_Driver/Src/stm32f1xx_hal_tim_ex.c ****                          Length) != HAL_OK)
 3887              		.loc 1 1358 11
 3888 0166 1A46     		mov	r2, r3
 3889 0168 7B88     		ldrh	r3, [r7, #2]
 3890 016a FFF7FEFF 		bl	HAL_DMA_Start_IT
 3891 016e 0346     		mov	r3, r0
1358:Drivers/STM32F1xx_HAL_Driver/Src/stm32f1xx_hal_tim_ex.c ****                          Length) != HAL_OK)
ARM GAS  /tmp/ccydCXE5.s 			page 95


 3892              		.loc 1 1358 10
 3893 0170 002B     		cmp	r3, #0
 3894 0172 01D0     		beq	.L286
1362:Drivers/STM32F1xx_HAL_Driver/Src/stm32f1xx_hal_tim_ex.c ****       }
 3895              		.loc 1 1362 16
 3896 0174 0123     		movs	r3, #1
 3897 0176 8FE0     		b	.L267
 3898              	.L286:
1365:Drivers/STM32F1xx_HAL_Driver/Src/stm32f1xx_hal_tim_ex.c ****       break;
 3899              		.loc 1 1365 7
 3900 0178 FB68     		ldr	r3, [r7, #12]
 3901 017a 1B68     		ldr	r3, [r3]
 3902 017c DA68     		ldr	r2, [r3, #12]
 3903 017e FB68     		ldr	r3, [r7, #12]
 3904 0180 1B68     		ldr	r3, [r3]
 3905 0182 42F40072 		orr	r2, r2, #512
 3906 0186 DA60     		str	r2, [r3, #12]
1366:Drivers/STM32F1xx_HAL_Driver/Src/stm32f1xx_hal_tim_ex.c ****     }
 3907              		.loc 1 1366 7
 3908 0188 48E0     		b	.L287
 3909              	.L285:
1372:Drivers/STM32F1xx_HAL_Driver/Src/stm32f1xx_hal_tim_ex.c ****       htim->hdma[TIM_DMA_ID_CC2]->XferHalfCpltCallback = TIM_DMADelayPulseHalfCplt;
 3910              		.loc 1 1372 17
 3911 018a FB68     		ldr	r3, [r7, #12]
 3912 018c 9B6A     		ldr	r3, [r3, #40]
1372:Drivers/STM32F1xx_HAL_Driver/Src/stm32f1xx_hal_tim_ex.c ****       htim->hdma[TIM_DMA_ID_CC2]->XferHalfCpltCallback = TIM_DMADelayPulseHalfCplt;
 3913              		.loc 1 1372 52
 3914 018e 444A     		ldr	r2, .L295
 3915 0190 9A62     		str	r2, [r3, #40]
1373:Drivers/STM32F1xx_HAL_Driver/Src/stm32f1xx_hal_tim_ex.c **** 
 3916              		.loc 1 1373 17
 3917 0192 FB68     		ldr	r3, [r7, #12]
 3918 0194 9B6A     		ldr	r3, [r3, #40]
1373:Drivers/STM32F1xx_HAL_Driver/Src/stm32f1xx_hal_tim_ex.c **** 
 3919              		.loc 1 1373 56
 3920 0196 434A     		ldr	r2, .L295+4
 3921 0198 DA62     		str	r2, [r3, #44]
1376:Drivers/STM32F1xx_HAL_Driver/Src/stm32f1xx_hal_tim_ex.c **** 
 3922              		.loc 1 1376 17
 3923 019a FB68     		ldr	r3, [r7, #12]
 3924 019c 9B6A     		ldr	r3, [r3, #40]
1376:Drivers/STM32F1xx_HAL_Driver/Src/stm32f1xx_hal_tim_ex.c **** 
 3925              		.loc 1 1376 53
 3926 019e 424A     		ldr	r2, .L295+8
 3927 01a0 1A63     		str	r2, [r3, #48]
1379:Drivers/STM32F1xx_HAL_Driver/Src/stm32f1xx_hal_tim_ex.c ****                          Length) != HAL_OK)
 3928              		.loc 1 1379 11
 3929 01a2 FB68     		ldr	r3, [r7, #12]
 3930 01a4 986A     		ldr	r0, [r3, #40]
 3931 01a6 7968     		ldr	r1, [r7, #4]
1379:Drivers/STM32F1xx_HAL_Driver/Src/stm32f1xx_hal_tim_ex.c ****                          Length) != HAL_OK)
 3932              		.loc 1 1379 88
 3933 01a8 FB68     		ldr	r3, [r7, #12]
 3934 01aa 1B68     		ldr	r3, [r3]
1379:Drivers/STM32F1xx_HAL_Driver/Src/stm32f1xx_hal_tim_ex.c ****                          Length) != HAL_OK)
 3935              		.loc 1 1379 83
 3936 01ac 3833     		adds	r3, r3, #56
ARM GAS  /tmp/ccydCXE5.s 			page 96


1379:Drivers/STM32F1xx_HAL_Driver/Src/stm32f1xx_hal_tim_ex.c ****                          Length) != HAL_OK)
 3937              		.loc 1 1379 11
 3938 01ae 1A46     		mov	r2, r3
 3939 01b0 7B88     		ldrh	r3, [r7, #2]
 3940 01b2 FFF7FEFF 		bl	HAL_DMA_Start_IT
 3941 01b6 0346     		mov	r3, r0
1379:Drivers/STM32F1xx_HAL_Driver/Src/stm32f1xx_hal_tim_ex.c ****                          Length) != HAL_OK)
 3942              		.loc 1 1379 10
 3943 01b8 002B     		cmp	r3, #0
 3944 01ba 01D0     		beq	.L288
1383:Drivers/STM32F1xx_HAL_Driver/Src/stm32f1xx_hal_tim_ex.c ****       }
 3945              		.loc 1 1383 16
 3946 01bc 0123     		movs	r3, #1
 3947 01be 6BE0     		b	.L267
 3948              	.L288:
1386:Drivers/STM32F1xx_HAL_Driver/Src/stm32f1xx_hal_tim_ex.c ****       break;
 3949              		.loc 1 1386 7
 3950 01c0 FB68     		ldr	r3, [r7, #12]
 3951 01c2 1B68     		ldr	r3, [r3]
 3952 01c4 DA68     		ldr	r2, [r3, #12]
 3953 01c6 FB68     		ldr	r3, [r7, #12]
 3954 01c8 1B68     		ldr	r3, [r3]
 3955 01ca 42F48062 		orr	r2, r2, #1024
 3956 01ce DA60     		str	r2, [r3, #12]
1387:Drivers/STM32F1xx_HAL_Driver/Src/stm32f1xx_hal_tim_ex.c ****     }
 3957              		.loc 1 1387 7
 3958 01d0 24E0     		b	.L287
 3959              	.L282:
1393:Drivers/STM32F1xx_HAL_Driver/Src/stm32f1xx_hal_tim_ex.c ****       htim->hdma[TIM_DMA_ID_CC3]->XferHalfCpltCallback = TIM_DMADelayPulseHalfCplt;
 3960              		.loc 1 1393 17
 3961 01d2 FB68     		ldr	r3, [r7, #12]
 3962 01d4 DB6A     		ldr	r3, [r3, #44]
1393:Drivers/STM32F1xx_HAL_Driver/Src/stm32f1xx_hal_tim_ex.c ****       htim->hdma[TIM_DMA_ID_CC3]->XferHalfCpltCallback = TIM_DMADelayPulseHalfCplt;
 3963              		.loc 1 1393 52
 3964 01d6 324A     		ldr	r2, .L295
 3965 01d8 9A62     		str	r2, [r3, #40]
1394:Drivers/STM32F1xx_HAL_Driver/Src/stm32f1xx_hal_tim_ex.c **** 
 3966              		.loc 1 1394 17
 3967 01da FB68     		ldr	r3, [r7, #12]
 3968 01dc DB6A     		ldr	r3, [r3, #44]
1394:Drivers/STM32F1xx_HAL_Driver/Src/stm32f1xx_hal_tim_ex.c **** 
 3969              		.loc 1 1394 56
 3970 01de 314A     		ldr	r2, .L295+4
 3971 01e0 DA62     		str	r2, [r3, #44]
1397:Drivers/STM32F1xx_HAL_Driver/Src/stm32f1xx_hal_tim_ex.c **** 
 3972              		.loc 1 1397 17
 3973 01e2 FB68     		ldr	r3, [r7, #12]
 3974 01e4 DB6A     		ldr	r3, [r3, #44]
1397:Drivers/STM32F1xx_HAL_Driver/Src/stm32f1xx_hal_tim_ex.c **** 
 3975              		.loc 1 1397 53
 3976 01e6 304A     		ldr	r2, .L295+8
 3977 01e8 1A63     		str	r2, [r3, #48]
1400:Drivers/STM32F1xx_HAL_Driver/Src/stm32f1xx_hal_tim_ex.c ****                          Length) != HAL_OK)
 3978              		.loc 1 1400 11
 3979 01ea FB68     		ldr	r3, [r7, #12]
 3980 01ec D86A     		ldr	r0, [r3, #44]
 3981 01ee 7968     		ldr	r1, [r7, #4]
ARM GAS  /tmp/ccydCXE5.s 			page 97


1400:Drivers/STM32F1xx_HAL_Driver/Src/stm32f1xx_hal_tim_ex.c ****                          Length) != HAL_OK)
 3982              		.loc 1 1400 88
 3983 01f0 FB68     		ldr	r3, [r7, #12]
 3984 01f2 1B68     		ldr	r3, [r3]
1400:Drivers/STM32F1xx_HAL_Driver/Src/stm32f1xx_hal_tim_ex.c ****                          Length) != HAL_OK)
 3985              		.loc 1 1400 83
 3986 01f4 3C33     		adds	r3, r3, #60
1400:Drivers/STM32F1xx_HAL_Driver/Src/stm32f1xx_hal_tim_ex.c ****                          Length) != HAL_OK)
 3987              		.loc 1 1400 11
 3988 01f6 1A46     		mov	r2, r3
 3989 01f8 7B88     		ldrh	r3, [r7, #2]
 3990 01fa FFF7FEFF 		bl	HAL_DMA_Start_IT
 3991 01fe 0346     		mov	r3, r0
1400:Drivers/STM32F1xx_HAL_Driver/Src/stm32f1xx_hal_tim_ex.c ****                          Length) != HAL_OK)
 3992              		.loc 1 1400 10
 3993 0200 002B     		cmp	r3, #0
 3994 0202 01D0     		beq	.L289
1404:Drivers/STM32F1xx_HAL_Driver/Src/stm32f1xx_hal_tim_ex.c ****       }
 3995              		.loc 1 1404 16
 3996 0204 0123     		movs	r3, #1
 3997 0206 47E0     		b	.L267
 3998              	.L289:
1407:Drivers/STM32F1xx_HAL_Driver/Src/stm32f1xx_hal_tim_ex.c ****       break;
 3999              		.loc 1 1407 7
 4000 0208 FB68     		ldr	r3, [r7, #12]
 4001 020a 1B68     		ldr	r3, [r3]
 4002 020c DA68     		ldr	r2, [r3, #12]
 4003 020e FB68     		ldr	r3, [r7, #12]
 4004 0210 1B68     		ldr	r3, [r3]
 4005 0212 42F40062 		orr	r2, r2, #2048
 4006 0216 DA60     		str	r2, [r3, #12]
1408:Drivers/STM32F1xx_HAL_Driver/Src/stm32f1xx_hal_tim_ex.c ****     }
 4007              		.loc 1 1408 7
 4008 0218 00E0     		b	.L287
 4009              	.L294:
 4010              		.loc 1 1412 7
 4011 021a 00BF     		nop
 4012              	.L287:
1413:Drivers/STM32F1xx_HAL_Driver/Src/stm32f1xx_hal_tim_ex.c ****   }
1414:Drivers/STM32F1xx_HAL_Driver/Src/stm32f1xx_hal_tim_ex.c **** 
1415:Drivers/STM32F1xx_HAL_Driver/Src/stm32f1xx_hal_tim_ex.c ****   /* Enable the complementary PWM output  */
1416:Drivers/STM32F1xx_HAL_Driver/Src/stm32f1xx_hal_tim_ex.c ****   TIM_CCxNChannelCmd(htim->Instance, Channel, TIM_CCxN_ENABLE);
 4013              		.loc 1 1416 3
 4014 021c FB68     		ldr	r3, [r7, #12]
 4015 021e 1B68     		ldr	r3, [r3]
 4016 0220 0422     		movs	r2, #4
 4017 0222 B968     		ldr	r1, [r7, #8]
 4018 0224 1846     		mov	r0, r3
 4019 0226 FFF7FEFF 		bl	TIM_CCxNChannelCmd
1417:Drivers/STM32F1xx_HAL_Driver/Src/stm32f1xx_hal_tim_ex.c **** 
1418:Drivers/STM32F1xx_HAL_Driver/Src/stm32f1xx_hal_tim_ex.c ****   /* Enable the Main Output */
1419:Drivers/STM32F1xx_HAL_Driver/Src/stm32f1xx_hal_tim_ex.c ****   __HAL_TIM_MOE_ENABLE(htim);
 4020              		.loc 1 1419 3
 4021 022a FB68     		ldr	r3, [r7, #12]
 4022 022c 1B68     		ldr	r3, [r3]
 4023 022e 5A6C     		ldr	r2, [r3, #68]
 4024 0230 FB68     		ldr	r3, [r7, #12]
ARM GAS  /tmp/ccydCXE5.s 			page 98


 4025 0232 1B68     		ldr	r3, [r3]
 4026 0234 42F40042 		orr	r2, r2, #32768
 4027 0238 5A64     		str	r2, [r3, #68]
1420:Drivers/STM32F1xx_HAL_Driver/Src/stm32f1xx_hal_tim_ex.c **** 
1421:Drivers/STM32F1xx_HAL_Driver/Src/stm32f1xx_hal_tim_ex.c ****   /* Enable the Peripheral, except in trigger mode where enable is automatically done with trigger 
1422:Drivers/STM32F1xx_HAL_Driver/Src/stm32f1xx_hal_tim_ex.c ****   if (IS_TIM_SLAVE_INSTANCE(htim->Instance))
 4028              		.loc 1 1422 7
 4029 023a FB68     		ldr	r3, [r7, #12]
 4030 023c 1B68     		ldr	r3, [r3]
 4031              		.loc 1 1422 6
 4032 023e 1B4A     		ldr	r2, .L295+12
 4033 0240 9342     		cmp	r3, r2
 4034 0242 0ED0     		beq	.L290
 4035              		.loc 1 1422 7 discriminator 1
 4036 0244 FB68     		ldr	r3, [r7, #12]
 4037 0246 1B68     		ldr	r3, [r3]
 4038 0248 B3F1804F 		cmp	r3, #1073741824
 4039 024c 09D0     		beq	.L290
 4040              		.loc 1 1422 7 is_stmt 0 discriminator 2
 4041 024e FB68     		ldr	r3, [r7, #12]
 4042 0250 1B68     		ldr	r3, [r3]
 4043 0252 174A     		ldr	r2, .L295+16
 4044 0254 9342     		cmp	r3, r2
 4045 0256 04D0     		beq	.L290
 4046              		.loc 1 1422 7 discriminator 3
 4047 0258 FB68     		ldr	r3, [r7, #12]
 4048 025a 1B68     		ldr	r3, [r3]
 4049 025c 154A     		ldr	r2, .L295+20
 4050 025e 9342     		cmp	r3, r2
 4051 0260 11D1     		bne	.L291
 4052              	.L290:
1423:Drivers/STM32F1xx_HAL_Driver/Src/stm32f1xx_hal_tim_ex.c ****   {
1424:Drivers/STM32F1xx_HAL_Driver/Src/stm32f1xx_hal_tim_ex.c ****     tmpsmcr = htim->Instance->SMCR & TIM_SMCR_SMS;
 4053              		.loc 1 1424 19 is_stmt 1
 4054 0262 FB68     		ldr	r3, [r7, #12]
 4055 0264 1B68     		ldr	r3, [r3]
 4056              		.loc 1 1424 29
 4057 0266 9B68     		ldr	r3, [r3, #8]
 4058              		.loc 1 1424 13
 4059 0268 03F00703 		and	r3, r3, #7
 4060 026c 7B61     		str	r3, [r7, #20]
1425:Drivers/STM32F1xx_HAL_Driver/Src/stm32f1xx_hal_tim_ex.c ****     if (!IS_TIM_SLAVEMODE_TRIGGER_ENABLED(tmpsmcr))
 4061              		.loc 1 1425 8
 4062 026e 7B69     		ldr	r3, [r7, #20]
 4063 0270 062B     		cmp	r3, #6
 4064 0272 10D0     		beq	.L293
1426:Drivers/STM32F1xx_HAL_Driver/Src/stm32f1xx_hal_tim_ex.c ****     {
1427:Drivers/STM32F1xx_HAL_Driver/Src/stm32f1xx_hal_tim_ex.c ****       __HAL_TIM_ENABLE(htim);
 4065              		.loc 1 1427 7
 4066 0274 FB68     		ldr	r3, [r7, #12]
 4067 0276 1B68     		ldr	r3, [r3]
 4068 0278 1A68     		ldr	r2, [r3]
 4069 027a FB68     		ldr	r3, [r7, #12]
 4070 027c 1B68     		ldr	r3, [r3]
 4071 027e 42F00102 		orr	r2, r2, #1
 4072 0282 1A60     		str	r2, [r3]
1425:Drivers/STM32F1xx_HAL_Driver/Src/stm32f1xx_hal_tim_ex.c ****     if (!IS_TIM_SLAVEMODE_TRIGGER_ENABLED(tmpsmcr))
ARM GAS  /tmp/ccydCXE5.s 			page 99


 4073              		.loc 1 1425 8
 4074 0284 07E0     		b	.L293
 4075              	.L291:
1428:Drivers/STM32F1xx_HAL_Driver/Src/stm32f1xx_hal_tim_ex.c ****     }
1429:Drivers/STM32F1xx_HAL_Driver/Src/stm32f1xx_hal_tim_ex.c ****   }
1430:Drivers/STM32F1xx_HAL_Driver/Src/stm32f1xx_hal_tim_ex.c ****   else
1431:Drivers/STM32F1xx_HAL_Driver/Src/stm32f1xx_hal_tim_ex.c ****   {
1432:Drivers/STM32F1xx_HAL_Driver/Src/stm32f1xx_hal_tim_ex.c ****     __HAL_TIM_ENABLE(htim);
 4076              		.loc 1 1432 5
 4077 0286 FB68     		ldr	r3, [r7, #12]
 4078 0288 1B68     		ldr	r3, [r3]
 4079 028a 1A68     		ldr	r2, [r3]
 4080 028c FB68     		ldr	r3, [r7, #12]
 4081 028e 1B68     		ldr	r3, [r3]
 4082 0290 42F00102 		orr	r2, r2, #1
 4083 0294 1A60     		str	r2, [r3]
 4084              	.L293:
1433:Drivers/STM32F1xx_HAL_Driver/Src/stm32f1xx_hal_tim_ex.c ****   }
1434:Drivers/STM32F1xx_HAL_Driver/Src/stm32f1xx_hal_tim_ex.c **** 
1435:Drivers/STM32F1xx_HAL_Driver/Src/stm32f1xx_hal_tim_ex.c ****   /* Return function status */
1436:Drivers/STM32F1xx_HAL_Driver/Src/stm32f1xx_hal_tim_ex.c ****   return HAL_OK;
 4085              		.loc 1 1436 10
 4086 0296 0023     		movs	r3, #0
 4087              	.L267:
1437:Drivers/STM32F1xx_HAL_Driver/Src/stm32f1xx_hal_tim_ex.c **** }
 4088              		.loc 1 1437 1
 4089 0298 1846     		mov	r0, r3
 4090 029a 1837     		adds	r7, r7, #24
 4091              	.LCFI105:
 4092              		.cfi_def_cfa_offset 8
 4093 029c BD46     		mov	sp, r7
 4094              	.LCFI106:
 4095              		.cfi_def_cfa_register 13
 4096              		@ sp needed
 4097 029e 80BD     		pop	{r7, pc}
 4098              	.L296:
 4099              		.align	2
 4100              	.L295:
 4101 02a0 00000000 		.word	TIM_DMADelayPulseNCplt
 4102 02a4 00000000 		.word	TIM_DMADelayPulseHalfCplt
 4103 02a8 00000000 		.word	TIM_DMAErrorCCxN
 4104 02ac 002C0140 		.word	1073818624
 4105 02b0 00040040 		.word	1073742848
 4106 02b4 00080040 		.word	1073743872
 4107              		.cfi_endproc
 4108              	.LFE85:
 4110              		.section	.text.HAL_TIMEx_PWMN_Stop_DMA,"ax",%progbits
 4111              		.align	1
 4112              		.global	HAL_TIMEx_PWMN_Stop_DMA
 4113              		.syntax unified
 4114              		.thumb
 4115              		.thumb_func
 4117              	HAL_TIMEx_PWMN_Stop_DMA:
 4118              	.LFB86:
1438:Drivers/STM32F1xx_HAL_Driver/Src/stm32f1xx_hal_tim_ex.c **** 
1439:Drivers/STM32F1xx_HAL_Driver/Src/stm32f1xx_hal_tim_ex.c **** /**
1440:Drivers/STM32F1xx_HAL_Driver/Src/stm32f1xx_hal_tim_ex.c ****   * @brief  Stops the TIM PWM signal generation in DMA mode on the complementary
ARM GAS  /tmp/ccydCXE5.s 			page 100


1441:Drivers/STM32F1xx_HAL_Driver/Src/stm32f1xx_hal_tim_ex.c ****   *         output
1442:Drivers/STM32F1xx_HAL_Driver/Src/stm32f1xx_hal_tim_ex.c ****   * @param  htim TIM handle
1443:Drivers/STM32F1xx_HAL_Driver/Src/stm32f1xx_hal_tim_ex.c ****   * @param  Channel TIM Channel to be disabled
1444:Drivers/STM32F1xx_HAL_Driver/Src/stm32f1xx_hal_tim_ex.c ****   *          This parameter can be one of the following values:
1445:Drivers/STM32F1xx_HAL_Driver/Src/stm32f1xx_hal_tim_ex.c ****   *            @arg TIM_CHANNEL_1: TIM Channel 1 selected
1446:Drivers/STM32F1xx_HAL_Driver/Src/stm32f1xx_hal_tim_ex.c ****   *            @arg TIM_CHANNEL_2: TIM Channel 2 selected
1447:Drivers/STM32F1xx_HAL_Driver/Src/stm32f1xx_hal_tim_ex.c ****   *            @arg TIM_CHANNEL_3: TIM Channel 3 selected
1448:Drivers/STM32F1xx_HAL_Driver/Src/stm32f1xx_hal_tim_ex.c ****   * @retval HAL status
1449:Drivers/STM32F1xx_HAL_Driver/Src/stm32f1xx_hal_tim_ex.c ****   */
1450:Drivers/STM32F1xx_HAL_Driver/Src/stm32f1xx_hal_tim_ex.c **** HAL_StatusTypeDef HAL_TIMEx_PWMN_Stop_DMA(TIM_HandleTypeDef *htim, uint32_t Channel)
1451:Drivers/STM32F1xx_HAL_Driver/Src/stm32f1xx_hal_tim_ex.c **** {
 4119              		.loc 1 1451 1
 4120              		.cfi_startproc
 4121              		@ args = 0, pretend = 0, frame = 8
 4122              		@ frame_needed = 1, uses_anonymous_args = 0
 4123 0000 80B5     		push	{r7, lr}
 4124              	.LCFI107:
 4125              		.cfi_def_cfa_offset 8
 4126              		.cfi_offset 7, -8
 4127              		.cfi_offset 14, -4
 4128 0002 82B0     		sub	sp, sp, #8
 4129              	.LCFI108:
 4130              		.cfi_def_cfa_offset 16
 4131 0004 00AF     		add	r7, sp, #0
 4132              	.LCFI109:
 4133              		.cfi_def_cfa_register 7
 4134 0006 7860     		str	r0, [r7, #4]
 4135 0008 3960     		str	r1, [r7]
1452:Drivers/STM32F1xx_HAL_Driver/Src/stm32f1xx_hal_tim_ex.c ****   /* Check the parameters */
1453:Drivers/STM32F1xx_HAL_Driver/Src/stm32f1xx_hal_tim_ex.c ****   assert_param(IS_TIM_CCXN_INSTANCE(htim->Instance, Channel));
1454:Drivers/STM32F1xx_HAL_Driver/Src/stm32f1xx_hal_tim_ex.c **** 
1455:Drivers/STM32F1xx_HAL_Driver/Src/stm32f1xx_hal_tim_ex.c ****   switch (Channel)
 4136              		.loc 1 1455 3
 4137 000a 3B68     		ldr	r3, [r7]
 4138 000c 082B     		cmp	r3, #8
 4139 000e 25D0     		beq	.L298
 4140 0010 3B68     		ldr	r3, [r7]
 4141 0012 082B     		cmp	r3, #8
 4142 0014 30D8     		bhi	.L312
 4143 0016 3B68     		ldr	r3, [r7]
 4144 0018 002B     		cmp	r3, #0
 4145 001a 03D0     		beq	.L300
 4146 001c 3B68     		ldr	r3, [r7]
 4147 001e 042B     		cmp	r3, #4
 4148 0020 0ED0     		beq	.L301
1456:Drivers/STM32F1xx_HAL_Driver/Src/stm32f1xx_hal_tim_ex.c ****   {
1457:Drivers/STM32F1xx_HAL_Driver/Src/stm32f1xx_hal_tim_ex.c ****     case TIM_CHANNEL_1:
1458:Drivers/STM32F1xx_HAL_Driver/Src/stm32f1xx_hal_tim_ex.c ****     {
1459:Drivers/STM32F1xx_HAL_Driver/Src/stm32f1xx_hal_tim_ex.c ****       /* Disable the TIM Capture/Compare 1 DMA request */
1460:Drivers/STM32F1xx_HAL_Driver/Src/stm32f1xx_hal_tim_ex.c ****       __HAL_TIM_DISABLE_DMA(htim, TIM_DMA_CC1);
1461:Drivers/STM32F1xx_HAL_Driver/Src/stm32f1xx_hal_tim_ex.c ****       (void)HAL_DMA_Abort_IT(htim->hdma[TIM_DMA_ID_CC1]);
1462:Drivers/STM32F1xx_HAL_Driver/Src/stm32f1xx_hal_tim_ex.c ****       break;
1463:Drivers/STM32F1xx_HAL_Driver/Src/stm32f1xx_hal_tim_ex.c ****     }
1464:Drivers/STM32F1xx_HAL_Driver/Src/stm32f1xx_hal_tim_ex.c **** 
1465:Drivers/STM32F1xx_HAL_Driver/Src/stm32f1xx_hal_tim_ex.c ****     case TIM_CHANNEL_2:
1466:Drivers/STM32F1xx_HAL_Driver/Src/stm32f1xx_hal_tim_ex.c ****     {
1467:Drivers/STM32F1xx_HAL_Driver/Src/stm32f1xx_hal_tim_ex.c ****       /* Disable the TIM Capture/Compare 2 DMA request */
ARM GAS  /tmp/ccydCXE5.s 			page 101


1468:Drivers/STM32F1xx_HAL_Driver/Src/stm32f1xx_hal_tim_ex.c ****       __HAL_TIM_DISABLE_DMA(htim, TIM_DMA_CC2);
1469:Drivers/STM32F1xx_HAL_Driver/Src/stm32f1xx_hal_tim_ex.c ****       (void)HAL_DMA_Abort_IT(htim->hdma[TIM_DMA_ID_CC2]);
1470:Drivers/STM32F1xx_HAL_Driver/Src/stm32f1xx_hal_tim_ex.c ****       break;
1471:Drivers/STM32F1xx_HAL_Driver/Src/stm32f1xx_hal_tim_ex.c ****     }
1472:Drivers/STM32F1xx_HAL_Driver/Src/stm32f1xx_hal_tim_ex.c **** 
1473:Drivers/STM32F1xx_HAL_Driver/Src/stm32f1xx_hal_tim_ex.c ****     case TIM_CHANNEL_3:
1474:Drivers/STM32F1xx_HAL_Driver/Src/stm32f1xx_hal_tim_ex.c ****     {
1475:Drivers/STM32F1xx_HAL_Driver/Src/stm32f1xx_hal_tim_ex.c ****       /* Disable the TIM Capture/Compare 3 DMA request */
1476:Drivers/STM32F1xx_HAL_Driver/Src/stm32f1xx_hal_tim_ex.c ****       __HAL_TIM_DISABLE_DMA(htim, TIM_DMA_CC3);
1477:Drivers/STM32F1xx_HAL_Driver/Src/stm32f1xx_hal_tim_ex.c ****       (void)HAL_DMA_Abort_IT(htim->hdma[TIM_DMA_ID_CC3]);
1478:Drivers/STM32F1xx_HAL_Driver/Src/stm32f1xx_hal_tim_ex.c ****       break;
1479:Drivers/STM32F1xx_HAL_Driver/Src/stm32f1xx_hal_tim_ex.c ****     }
1480:Drivers/STM32F1xx_HAL_Driver/Src/stm32f1xx_hal_tim_ex.c **** 
1481:Drivers/STM32F1xx_HAL_Driver/Src/stm32f1xx_hal_tim_ex.c ****     default:
1482:Drivers/STM32F1xx_HAL_Driver/Src/stm32f1xx_hal_tim_ex.c ****       break;
 4149              		.loc 1 1482 7
 4150 0022 29E0     		b	.L312
 4151              	.L300:
1460:Drivers/STM32F1xx_HAL_Driver/Src/stm32f1xx_hal_tim_ex.c ****       (void)HAL_DMA_Abort_IT(htim->hdma[TIM_DMA_ID_CC1]);
 4152              		.loc 1 1460 7
 4153 0024 7B68     		ldr	r3, [r7, #4]
 4154 0026 1B68     		ldr	r3, [r3]
 4155 0028 DA68     		ldr	r2, [r3, #12]
 4156 002a 7B68     		ldr	r3, [r7, #4]
 4157 002c 1B68     		ldr	r3, [r3]
 4158 002e 22F40072 		bic	r2, r2, #512
 4159 0032 DA60     		str	r2, [r3, #12]
1461:Drivers/STM32F1xx_HAL_Driver/Src/stm32f1xx_hal_tim_ex.c ****       break;
 4160              		.loc 1 1461 13
 4161 0034 7B68     		ldr	r3, [r7, #4]
 4162 0036 5B6A     		ldr	r3, [r3, #36]
 4163 0038 1846     		mov	r0, r3
 4164 003a FFF7FEFF 		bl	HAL_DMA_Abort_IT
1462:Drivers/STM32F1xx_HAL_Driver/Src/stm32f1xx_hal_tim_ex.c ****     }
 4165              		.loc 1 1462 7
 4166 003e 1CE0     		b	.L302
 4167              	.L301:
1468:Drivers/STM32F1xx_HAL_Driver/Src/stm32f1xx_hal_tim_ex.c ****       (void)HAL_DMA_Abort_IT(htim->hdma[TIM_DMA_ID_CC2]);
 4168              		.loc 1 1468 7
 4169 0040 7B68     		ldr	r3, [r7, #4]
 4170 0042 1B68     		ldr	r3, [r3]
 4171 0044 DA68     		ldr	r2, [r3, #12]
 4172 0046 7B68     		ldr	r3, [r7, #4]
 4173 0048 1B68     		ldr	r3, [r3]
 4174 004a 22F48062 		bic	r2, r2, #1024
 4175 004e DA60     		str	r2, [r3, #12]
1469:Drivers/STM32F1xx_HAL_Driver/Src/stm32f1xx_hal_tim_ex.c ****       break;
 4176              		.loc 1 1469 13
 4177 0050 7B68     		ldr	r3, [r7, #4]
 4178 0052 9B6A     		ldr	r3, [r3, #40]
 4179 0054 1846     		mov	r0, r3
 4180 0056 FFF7FEFF 		bl	HAL_DMA_Abort_IT
1470:Drivers/STM32F1xx_HAL_Driver/Src/stm32f1xx_hal_tim_ex.c ****     }
 4181              		.loc 1 1470 7
 4182 005a 0EE0     		b	.L302
 4183              	.L298:
1476:Drivers/STM32F1xx_HAL_Driver/Src/stm32f1xx_hal_tim_ex.c ****       (void)HAL_DMA_Abort_IT(htim->hdma[TIM_DMA_ID_CC3]);
ARM GAS  /tmp/ccydCXE5.s 			page 102


 4184              		.loc 1 1476 7
 4185 005c 7B68     		ldr	r3, [r7, #4]
 4186 005e 1B68     		ldr	r3, [r3]
 4187 0060 DA68     		ldr	r2, [r3, #12]
 4188 0062 7B68     		ldr	r3, [r7, #4]
 4189 0064 1B68     		ldr	r3, [r3]
 4190 0066 22F40062 		bic	r2, r2, #2048
 4191 006a DA60     		str	r2, [r3, #12]
1477:Drivers/STM32F1xx_HAL_Driver/Src/stm32f1xx_hal_tim_ex.c ****       break;
 4192              		.loc 1 1477 13
 4193 006c 7B68     		ldr	r3, [r7, #4]
 4194 006e DB6A     		ldr	r3, [r3, #44]
 4195 0070 1846     		mov	r0, r3
 4196 0072 FFF7FEFF 		bl	HAL_DMA_Abort_IT
1478:Drivers/STM32F1xx_HAL_Driver/Src/stm32f1xx_hal_tim_ex.c ****     }
 4197              		.loc 1 1478 7
 4198 0076 00E0     		b	.L302
 4199              	.L312:
 4200              		.loc 1 1482 7
 4201 0078 00BF     		nop
 4202              	.L302:
1483:Drivers/STM32F1xx_HAL_Driver/Src/stm32f1xx_hal_tim_ex.c ****   }
1484:Drivers/STM32F1xx_HAL_Driver/Src/stm32f1xx_hal_tim_ex.c **** 
1485:Drivers/STM32F1xx_HAL_Driver/Src/stm32f1xx_hal_tim_ex.c ****   /* Disable the complementary PWM output */
1486:Drivers/STM32F1xx_HAL_Driver/Src/stm32f1xx_hal_tim_ex.c ****   TIM_CCxNChannelCmd(htim->Instance, Channel, TIM_CCxN_DISABLE);
 4203              		.loc 1 1486 3
 4204 007a 7B68     		ldr	r3, [r7, #4]
 4205 007c 1B68     		ldr	r3, [r3]
 4206 007e 0022     		movs	r2, #0
 4207 0080 3968     		ldr	r1, [r7]
 4208 0082 1846     		mov	r0, r3
 4209 0084 FFF7FEFF 		bl	TIM_CCxNChannelCmd
1487:Drivers/STM32F1xx_HAL_Driver/Src/stm32f1xx_hal_tim_ex.c **** 
1488:Drivers/STM32F1xx_HAL_Driver/Src/stm32f1xx_hal_tim_ex.c ****   /* Disable the Main Output */
1489:Drivers/STM32F1xx_HAL_Driver/Src/stm32f1xx_hal_tim_ex.c ****   __HAL_TIM_MOE_DISABLE(htim);
 4210              		.loc 1 1489 3
 4211 0088 7B68     		ldr	r3, [r7, #4]
 4212 008a 1B68     		ldr	r3, [r3]
 4213 008c 1A6A     		ldr	r2, [r3, #32]
 4214 008e 41F21113 		movw	r3, #4369
 4215 0092 1340     		ands	r3, r3, r2
 4216 0094 002B     		cmp	r3, #0
 4217 0096 0FD1     		bne	.L303
 4218              		.loc 1 1489 3 is_stmt 0 discriminator 1
 4219 0098 7B68     		ldr	r3, [r7, #4]
 4220 009a 1B68     		ldr	r3, [r3]
 4221 009c 1A6A     		ldr	r2, [r3, #32]
 4222 009e 40F24443 		movw	r3, #1092
 4223 00a2 1340     		ands	r3, r3, r2
 4224 00a4 002B     		cmp	r3, #0
 4225 00a6 07D1     		bne	.L303
 4226              		.loc 1 1489 3 discriminator 2
 4227 00a8 7B68     		ldr	r3, [r7, #4]
 4228 00aa 1B68     		ldr	r3, [r3]
 4229 00ac 5A6C     		ldr	r2, [r3, #68]
 4230 00ae 7B68     		ldr	r3, [r7, #4]
 4231 00b0 1B68     		ldr	r3, [r3]
ARM GAS  /tmp/ccydCXE5.s 			page 103


 4232 00b2 22F40042 		bic	r2, r2, #32768
 4233 00b6 5A64     		str	r2, [r3, #68]
 4234              	.L303:
1490:Drivers/STM32F1xx_HAL_Driver/Src/stm32f1xx_hal_tim_ex.c **** 
1491:Drivers/STM32F1xx_HAL_Driver/Src/stm32f1xx_hal_tim_ex.c ****   /* Disable the Peripheral */
1492:Drivers/STM32F1xx_HAL_Driver/Src/stm32f1xx_hal_tim_ex.c ****   __HAL_TIM_DISABLE(htim);
 4235              		.loc 1 1492 3 is_stmt 1
 4236 00b8 7B68     		ldr	r3, [r7, #4]
 4237 00ba 1B68     		ldr	r3, [r3]
 4238 00bc 1A6A     		ldr	r2, [r3, #32]
 4239 00be 41F21113 		movw	r3, #4369
 4240 00c2 1340     		ands	r3, r3, r2
 4241 00c4 002B     		cmp	r3, #0
 4242 00c6 0FD1     		bne	.L304
 4243              		.loc 1 1492 3 is_stmt 0 discriminator 1
 4244 00c8 7B68     		ldr	r3, [r7, #4]
 4245 00ca 1B68     		ldr	r3, [r3]
 4246 00cc 1A6A     		ldr	r2, [r3, #32]
 4247 00ce 40F24443 		movw	r3, #1092
 4248 00d2 1340     		ands	r3, r3, r2
 4249 00d4 002B     		cmp	r3, #0
 4250 00d6 07D1     		bne	.L304
 4251              		.loc 1 1492 3 discriminator 2
 4252 00d8 7B68     		ldr	r3, [r7, #4]
 4253 00da 1B68     		ldr	r3, [r3]
 4254 00dc 1A68     		ldr	r2, [r3]
 4255 00de 7B68     		ldr	r3, [r7, #4]
 4256 00e0 1B68     		ldr	r3, [r3]
 4257 00e2 22F00102 		bic	r2, r2, #1
 4258 00e6 1A60     		str	r2, [r3]
 4259              	.L304:
1493:Drivers/STM32F1xx_HAL_Driver/Src/stm32f1xx_hal_tim_ex.c **** 
1494:Drivers/STM32F1xx_HAL_Driver/Src/stm32f1xx_hal_tim_ex.c ****   /* Set the TIM complementary channel state */
1495:Drivers/STM32F1xx_HAL_Driver/Src/stm32f1xx_hal_tim_ex.c ****   TIM_CHANNEL_N_STATE_SET(htim, Channel, HAL_TIM_CHANNEL_STATE_READY);
 4260              		.loc 1 1495 3 is_stmt 1
 4261 00e8 3B68     		ldr	r3, [r7]
 4262 00ea 002B     		cmp	r3, #0
 4263 00ec 04D1     		bne	.L305
 4264              		.loc 1 1495 3 is_stmt 0 discriminator 1
 4265 00ee 7B68     		ldr	r3, [r7, #4]
 4266 00f0 0122     		movs	r2, #1
 4267 00f2 83F84220 		strb	r2, [r3, #66]
 4268 00f6 13E0     		b	.L306
 4269              	.L305:
 4270              		.loc 1 1495 3 discriminator 2
 4271 00f8 3B68     		ldr	r3, [r7]
 4272 00fa 042B     		cmp	r3, #4
 4273 00fc 04D1     		bne	.L307
 4274              		.loc 1 1495 3 discriminator 3
 4275 00fe 7B68     		ldr	r3, [r7, #4]
 4276 0100 0122     		movs	r2, #1
 4277 0102 83F84320 		strb	r2, [r3, #67]
 4278 0106 0BE0     		b	.L306
 4279              	.L307:
 4280              		.loc 1 1495 3 discriminator 4
 4281 0108 3B68     		ldr	r3, [r7]
 4282 010a 082B     		cmp	r3, #8
ARM GAS  /tmp/ccydCXE5.s 			page 104


 4283 010c 04D1     		bne	.L309
 4284              		.loc 1 1495 3 discriminator 6
 4285 010e 7B68     		ldr	r3, [r7, #4]
 4286 0110 0122     		movs	r2, #1
 4287 0112 83F84420 		strb	r2, [r3, #68]
 4288 0116 03E0     		b	.L306
 4289              	.L309:
 4290              		.loc 1 1495 3 discriminator 7
 4291 0118 7B68     		ldr	r3, [r7, #4]
 4292 011a 0122     		movs	r2, #1
 4293 011c 83F84520 		strb	r2, [r3, #69]
 4294              	.L306:
1496:Drivers/STM32F1xx_HAL_Driver/Src/stm32f1xx_hal_tim_ex.c **** 
1497:Drivers/STM32F1xx_HAL_Driver/Src/stm32f1xx_hal_tim_ex.c ****   /* Return function status */
1498:Drivers/STM32F1xx_HAL_Driver/Src/stm32f1xx_hal_tim_ex.c ****   return HAL_OK;
 4295              		.loc 1 1498 10 is_stmt 1
 4296 0120 0023     		movs	r3, #0
1499:Drivers/STM32F1xx_HAL_Driver/Src/stm32f1xx_hal_tim_ex.c **** }
 4297              		.loc 1 1499 1
 4298 0122 1846     		mov	r0, r3
 4299 0124 0837     		adds	r7, r7, #8
 4300              	.LCFI110:
 4301              		.cfi_def_cfa_offset 8
 4302 0126 BD46     		mov	sp, r7
 4303              	.LCFI111:
 4304              		.cfi_def_cfa_register 13
 4305              		@ sp needed
 4306 0128 80BD     		pop	{r7, pc}
 4307              		.cfi_endproc
 4308              	.LFE86:
 4310              		.section	.text.HAL_TIMEx_OnePulseN_Start,"ax",%progbits
 4311              		.align	1
 4312              		.global	HAL_TIMEx_OnePulseN_Start
 4313              		.syntax unified
 4314              		.thumb
 4315              		.thumb_func
 4317              	HAL_TIMEx_OnePulseN_Start:
 4318              	.LFB87:
1500:Drivers/STM32F1xx_HAL_Driver/Src/stm32f1xx_hal_tim_ex.c **** 
1501:Drivers/STM32F1xx_HAL_Driver/Src/stm32f1xx_hal_tim_ex.c **** /**
1502:Drivers/STM32F1xx_HAL_Driver/Src/stm32f1xx_hal_tim_ex.c ****   * @}
1503:Drivers/STM32F1xx_HAL_Driver/Src/stm32f1xx_hal_tim_ex.c ****   */
1504:Drivers/STM32F1xx_HAL_Driver/Src/stm32f1xx_hal_tim_ex.c **** 
1505:Drivers/STM32F1xx_HAL_Driver/Src/stm32f1xx_hal_tim_ex.c **** /** @defgroup TIMEx_Exported_Functions_Group4 Extended Timer Complementary One Pulse functions
1506:Drivers/STM32F1xx_HAL_Driver/Src/stm32f1xx_hal_tim_ex.c ****   * @brief    Timer Complementary One Pulse functions
1507:Drivers/STM32F1xx_HAL_Driver/Src/stm32f1xx_hal_tim_ex.c ****   *
1508:Drivers/STM32F1xx_HAL_Driver/Src/stm32f1xx_hal_tim_ex.c **** @verbatim
1509:Drivers/STM32F1xx_HAL_Driver/Src/stm32f1xx_hal_tim_ex.c ****   ==============================================================================
1510:Drivers/STM32F1xx_HAL_Driver/Src/stm32f1xx_hal_tim_ex.c ****                 ##### Timer Complementary One Pulse functions #####
1511:Drivers/STM32F1xx_HAL_Driver/Src/stm32f1xx_hal_tim_ex.c ****   ==============================================================================
1512:Drivers/STM32F1xx_HAL_Driver/Src/stm32f1xx_hal_tim_ex.c ****   [..]
1513:Drivers/STM32F1xx_HAL_Driver/Src/stm32f1xx_hal_tim_ex.c ****     This section provides functions allowing to:
1514:Drivers/STM32F1xx_HAL_Driver/Src/stm32f1xx_hal_tim_ex.c ****     (+) Start the Complementary One Pulse generation.
1515:Drivers/STM32F1xx_HAL_Driver/Src/stm32f1xx_hal_tim_ex.c ****     (+) Stop the Complementary One Pulse.
1516:Drivers/STM32F1xx_HAL_Driver/Src/stm32f1xx_hal_tim_ex.c ****     (+) Start the Complementary One Pulse and enable interrupts.
1517:Drivers/STM32F1xx_HAL_Driver/Src/stm32f1xx_hal_tim_ex.c ****     (+) Stop the Complementary One Pulse and disable interrupts.
1518:Drivers/STM32F1xx_HAL_Driver/Src/stm32f1xx_hal_tim_ex.c **** 
ARM GAS  /tmp/ccydCXE5.s 			page 105


1519:Drivers/STM32F1xx_HAL_Driver/Src/stm32f1xx_hal_tim_ex.c **** @endverbatim
1520:Drivers/STM32F1xx_HAL_Driver/Src/stm32f1xx_hal_tim_ex.c ****   * @{
1521:Drivers/STM32F1xx_HAL_Driver/Src/stm32f1xx_hal_tim_ex.c ****   */
1522:Drivers/STM32F1xx_HAL_Driver/Src/stm32f1xx_hal_tim_ex.c **** 
1523:Drivers/STM32F1xx_HAL_Driver/Src/stm32f1xx_hal_tim_ex.c **** /**
1524:Drivers/STM32F1xx_HAL_Driver/Src/stm32f1xx_hal_tim_ex.c ****   * @brief  Starts the TIM One Pulse signal generation on the complementary
1525:Drivers/STM32F1xx_HAL_Driver/Src/stm32f1xx_hal_tim_ex.c ****   *         output.
1526:Drivers/STM32F1xx_HAL_Driver/Src/stm32f1xx_hal_tim_ex.c ****   * @note OutputChannel must match the pulse output channel chosen when calling
1527:Drivers/STM32F1xx_HAL_Driver/Src/stm32f1xx_hal_tim_ex.c ****   *       @ref HAL_TIM_OnePulse_ConfigChannel().
1528:Drivers/STM32F1xx_HAL_Driver/Src/stm32f1xx_hal_tim_ex.c ****   * @param  htim TIM One Pulse handle
1529:Drivers/STM32F1xx_HAL_Driver/Src/stm32f1xx_hal_tim_ex.c ****   * @param  OutputChannel pulse output channel to enable
1530:Drivers/STM32F1xx_HAL_Driver/Src/stm32f1xx_hal_tim_ex.c ****   *          This parameter can be one of the following values:
1531:Drivers/STM32F1xx_HAL_Driver/Src/stm32f1xx_hal_tim_ex.c ****   *            @arg TIM_CHANNEL_1: TIM Channel 1 selected
1532:Drivers/STM32F1xx_HAL_Driver/Src/stm32f1xx_hal_tim_ex.c ****   *            @arg TIM_CHANNEL_2: TIM Channel 2 selected
1533:Drivers/STM32F1xx_HAL_Driver/Src/stm32f1xx_hal_tim_ex.c ****   * @retval HAL status
1534:Drivers/STM32F1xx_HAL_Driver/Src/stm32f1xx_hal_tim_ex.c ****   */
1535:Drivers/STM32F1xx_HAL_Driver/Src/stm32f1xx_hal_tim_ex.c **** HAL_StatusTypeDef HAL_TIMEx_OnePulseN_Start(TIM_HandleTypeDef *htim, uint32_t OutputChannel)
1536:Drivers/STM32F1xx_HAL_Driver/Src/stm32f1xx_hal_tim_ex.c **** {
 4319              		.loc 1 1536 1
 4320              		.cfi_startproc
 4321              		@ args = 0, pretend = 0, frame = 16
 4322              		@ frame_needed = 1, uses_anonymous_args = 0
 4323 0000 80B5     		push	{r7, lr}
 4324              	.LCFI112:
 4325              		.cfi_def_cfa_offset 8
 4326              		.cfi_offset 7, -8
 4327              		.cfi_offset 14, -4
 4328 0002 84B0     		sub	sp, sp, #16
 4329              	.LCFI113:
 4330              		.cfi_def_cfa_offset 24
 4331 0004 00AF     		add	r7, sp, #0
 4332              	.LCFI114:
 4333              		.cfi_def_cfa_register 7
 4334 0006 7860     		str	r0, [r7, #4]
 4335 0008 3960     		str	r1, [r7]
1537:Drivers/STM32F1xx_HAL_Driver/Src/stm32f1xx_hal_tim_ex.c ****   uint32_t input_channel = (OutputChannel == TIM_CHANNEL_1) ? TIM_CHANNEL_2 : TIM_CHANNEL_1;
 4336              		.loc 1 1537 77
 4337 000a 3B68     		ldr	r3, [r7]
 4338 000c 002B     		cmp	r3, #0
 4339 000e 01D1     		bne	.L314
 4340              		.loc 1 1537 77 is_stmt 0 discriminator 1
 4341 0010 0423     		movs	r3, #4
 4342 0012 00E0     		b	.L315
 4343              	.L314:
 4344              		.loc 1 1537 77 discriminator 2
 4345 0014 0023     		movs	r3, #0
 4346              	.L315:
 4347              		.loc 1 1537 12 is_stmt 1 discriminator 4
 4348 0016 FB60     		str	r3, [r7, #12]
1538:Drivers/STM32F1xx_HAL_Driver/Src/stm32f1xx_hal_tim_ex.c ****   HAL_TIM_ChannelStateTypeDef channel_1_state = TIM_CHANNEL_STATE_GET(htim, TIM_CHANNEL_1);
 4349              		.loc 1 1538 31 discriminator 4
 4350 0018 7B68     		ldr	r3, [r7, #4]
 4351 001a 93F83E30 		ldrb	r3, [r3, #62]
 4352 001e FB72     		strb	r3, [r7, #11]
1539:Drivers/STM32F1xx_HAL_Driver/Src/stm32f1xx_hal_tim_ex.c ****   HAL_TIM_ChannelStateTypeDef channel_2_state = TIM_CHANNEL_STATE_GET(htim, TIM_CHANNEL_2);
 4353              		.loc 1 1539 31 discriminator 4
 4354 0020 7B68     		ldr	r3, [r7, #4]
ARM GAS  /tmp/ccydCXE5.s 			page 106


 4355 0022 93F83F30 		ldrb	r3, [r3, #63]
 4356 0026 BB72     		strb	r3, [r7, #10]
1540:Drivers/STM32F1xx_HAL_Driver/Src/stm32f1xx_hal_tim_ex.c ****   HAL_TIM_ChannelStateTypeDef complementary_channel_1_state = TIM_CHANNEL_N_STATE_GET(htim, TIM_CHA
 4357              		.loc 1 1540 31 discriminator 4
 4358 0028 7B68     		ldr	r3, [r7, #4]
 4359 002a 93F84230 		ldrb	r3, [r3, #66]
 4360 002e 7B72     		strb	r3, [r7, #9]
1541:Drivers/STM32F1xx_HAL_Driver/Src/stm32f1xx_hal_tim_ex.c ****   HAL_TIM_ChannelStateTypeDef complementary_channel_2_state = TIM_CHANNEL_N_STATE_GET(htim, TIM_CHA
 4361              		.loc 1 1541 31 discriminator 4
 4362 0030 7B68     		ldr	r3, [r7, #4]
 4363 0032 93F84330 		ldrb	r3, [r3, #67]
 4364 0036 3B72     		strb	r3, [r7, #8]
1542:Drivers/STM32F1xx_HAL_Driver/Src/stm32f1xx_hal_tim_ex.c **** 
1543:Drivers/STM32F1xx_HAL_Driver/Src/stm32f1xx_hal_tim_ex.c ****   /* Check the parameters */
1544:Drivers/STM32F1xx_HAL_Driver/Src/stm32f1xx_hal_tim_ex.c ****   assert_param(IS_TIM_CCXN_INSTANCE(htim->Instance, OutputChannel));
1545:Drivers/STM32F1xx_HAL_Driver/Src/stm32f1xx_hal_tim_ex.c **** 
1546:Drivers/STM32F1xx_HAL_Driver/Src/stm32f1xx_hal_tim_ex.c ****   /* Check the TIM channels state */
1547:Drivers/STM32F1xx_HAL_Driver/Src/stm32f1xx_hal_tim_ex.c ****   if ((channel_1_state != HAL_TIM_CHANNEL_STATE_READY)
 4365              		.loc 1 1547 6 discriminator 4
 4366 0038 FB7A     		ldrb	r3, [r7, #11]	@ zero_extendqisi2
 4367 003a 012B     		cmp	r3, #1
 4368 003c 08D1     		bne	.L316
1548:Drivers/STM32F1xx_HAL_Driver/Src/stm32f1xx_hal_tim_ex.c ****       || (channel_2_state != HAL_TIM_CHANNEL_STATE_READY)
 4369              		.loc 1 1548 7
 4370 003e BB7A     		ldrb	r3, [r7, #10]	@ zero_extendqisi2
 4371 0040 012B     		cmp	r3, #1
 4372 0042 05D1     		bne	.L316
1549:Drivers/STM32F1xx_HAL_Driver/Src/stm32f1xx_hal_tim_ex.c ****       || (complementary_channel_1_state != HAL_TIM_CHANNEL_STATE_READY)
 4373              		.loc 1 1549 7
 4374 0044 7B7A     		ldrb	r3, [r7, #9]	@ zero_extendqisi2
 4375 0046 012B     		cmp	r3, #1
 4376 0048 02D1     		bne	.L316
1550:Drivers/STM32F1xx_HAL_Driver/Src/stm32f1xx_hal_tim_ex.c ****       || (complementary_channel_2_state != HAL_TIM_CHANNEL_STATE_READY))
 4377              		.loc 1 1550 7
 4378 004a 3B7A     		ldrb	r3, [r7, #8]	@ zero_extendqisi2
 4379 004c 012B     		cmp	r3, #1
 4380 004e 01D0     		beq	.L317
 4381              	.L316:
1551:Drivers/STM32F1xx_HAL_Driver/Src/stm32f1xx_hal_tim_ex.c ****   {
1552:Drivers/STM32F1xx_HAL_Driver/Src/stm32f1xx_hal_tim_ex.c ****     return HAL_ERROR;
 4382              		.loc 1 1552 12
 4383 0050 0123     		movs	r3, #1
 4384 0052 26E0     		b	.L318
 4385              	.L317:
1553:Drivers/STM32F1xx_HAL_Driver/Src/stm32f1xx_hal_tim_ex.c ****   }
1554:Drivers/STM32F1xx_HAL_Driver/Src/stm32f1xx_hal_tim_ex.c **** 
1555:Drivers/STM32F1xx_HAL_Driver/Src/stm32f1xx_hal_tim_ex.c ****   /* Set the TIM channels state */
1556:Drivers/STM32F1xx_HAL_Driver/Src/stm32f1xx_hal_tim_ex.c ****   TIM_CHANNEL_STATE_SET(htim, TIM_CHANNEL_1, HAL_TIM_CHANNEL_STATE_BUSY);
 4386              		.loc 1 1556 3
 4387 0054 7B68     		ldr	r3, [r7, #4]
 4388 0056 0222     		movs	r2, #2
 4389 0058 83F83E20 		strb	r2, [r3, #62]
1557:Drivers/STM32F1xx_HAL_Driver/Src/stm32f1xx_hal_tim_ex.c ****   TIM_CHANNEL_STATE_SET(htim, TIM_CHANNEL_2, HAL_TIM_CHANNEL_STATE_BUSY);
 4390              		.loc 1 1557 3
 4391 005c 7B68     		ldr	r3, [r7, #4]
 4392 005e 0222     		movs	r2, #2
 4393 0060 83F83F20 		strb	r2, [r3, #63]
ARM GAS  /tmp/ccydCXE5.s 			page 107


1558:Drivers/STM32F1xx_HAL_Driver/Src/stm32f1xx_hal_tim_ex.c ****   TIM_CHANNEL_N_STATE_SET(htim, TIM_CHANNEL_1, HAL_TIM_CHANNEL_STATE_BUSY);
 4394              		.loc 1 1558 3
 4395 0064 7B68     		ldr	r3, [r7, #4]
 4396 0066 0222     		movs	r2, #2
 4397 0068 83F84220 		strb	r2, [r3, #66]
1559:Drivers/STM32F1xx_HAL_Driver/Src/stm32f1xx_hal_tim_ex.c ****   TIM_CHANNEL_N_STATE_SET(htim, TIM_CHANNEL_2, HAL_TIM_CHANNEL_STATE_BUSY);
 4398              		.loc 1 1559 3
 4399 006c 7B68     		ldr	r3, [r7, #4]
 4400 006e 0222     		movs	r2, #2
 4401 0070 83F84320 		strb	r2, [r3, #67]
1560:Drivers/STM32F1xx_HAL_Driver/Src/stm32f1xx_hal_tim_ex.c **** 
1561:Drivers/STM32F1xx_HAL_Driver/Src/stm32f1xx_hal_tim_ex.c ****   /* Enable the complementary One Pulse output channel and the Input Capture channel */
1562:Drivers/STM32F1xx_HAL_Driver/Src/stm32f1xx_hal_tim_ex.c ****   TIM_CCxNChannelCmd(htim->Instance, OutputChannel, TIM_CCxN_ENABLE);
 4402              		.loc 1 1562 3
 4403 0074 7B68     		ldr	r3, [r7, #4]
 4404 0076 1B68     		ldr	r3, [r3]
 4405 0078 0422     		movs	r2, #4
 4406 007a 3968     		ldr	r1, [r7]
 4407 007c 1846     		mov	r0, r3
 4408 007e FFF7FEFF 		bl	TIM_CCxNChannelCmd
1563:Drivers/STM32F1xx_HAL_Driver/Src/stm32f1xx_hal_tim_ex.c ****   TIM_CCxChannelCmd(htim->Instance, input_channel, TIM_CCx_ENABLE);
 4409              		.loc 1 1563 3
 4410 0082 7B68     		ldr	r3, [r7, #4]
 4411 0084 1B68     		ldr	r3, [r3]
 4412 0086 0122     		movs	r2, #1
 4413 0088 F968     		ldr	r1, [r7, #12]
 4414 008a 1846     		mov	r0, r3
 4415 008c FFF7FEFF 		bl	TIM_CCxChannelCmd
1564:Drivers/STM32F1xx_HAL_Driver/Src/stm32f1xx_hal_tim_ex.c **** 
1565:Drivers/STM32F1xx_HAL_Driver/Src/stm32f1xx_hal_tim_ex.c ****   /* Enable the Main Output */
1566:Drivers/STM32F1xx_HAL_Driver/Src/stm32f1xx_hal_tim_ex.c ****   __HAL_TIM_MOE_ENABLE(htim);
 4416              		.loc 1 1566 3
 4417 0090 7B68     		ldr	r3, [r7, #4]
 4418 0092 1B68     		ldr	r3, [r3]
 4419 0094 5A6C     		ldr	r2, [r3, #68]
 4420 0096 7B68     		ldr	r3, [r7, #4]
 4421 0098 1B68     		ldr	r3, [r3]
 4422 009a 42F40042 		orr	r2, r2, #32768
 4423 009e 5A64     		str	r2, [r3, #68]
1567:Drivers/STM32F1xx_HAL_Driver/Src/stm32f1xx_hal_tim_ex.c **** 
1568:Drivers/STM32F1xx_HAL_Driver/Src/stm32f1xx_hal_tim_ex.c ****   /* Return function status */
1569:Drivers/STM32F1xx_HAL_Driver/Src/stm32f1xx_hal_tim_ex.c ****   return HAL_OK;
 4424              		.loc 1 1569 10
 4425 00a0 0023     		movs	r3, #0
 4426              	.L318:
1570:Drivers/STM32F1xx_HAL_Driver/Src/stm32f1xx_hal_tim_ex.c **** }
 4427              		.loc 1 1570 1
 4428 00a2 1846     		mov	r0, r3
 4429 00a4 1037     		adds	r7, r7, #16
 4430              	.LCFI115:
 4431              		.cfi_def_cfa_offset 8
 4432 00a6 BD46     		mov	sp, r7
 4433              	.LCFI116:
 4434              		.cfi_def_cfa_register 13
 4435              		@ sp needed
 4436 00a8 80BD     		pop	{r7, pc}
 4437              		.cfi_endproc
ARM GAS  /tmp/ccydCXE5.s 			page 108


 4438              	.LFE87:
 4440              		.section	.text.HAL_TIMEx_OnePulseN_Stop,"ax",%progbits
 4441              		.align	1
 4442              		.global	HAL_TIMEx_OnePulseN_Stop
 4443              		.syntax unified
 4444              		.thumb
 4445              		.thumb_func
 4447              	HAL_TIMEx_OnePulseN_Stop:
 4448              	.LFB88:
1571:Drivers/STM32F1xx_HAL_Driver/Src/stm32f1xx_hal_tim_ex.c **** 
1572:Drivers/STM32F1xx_HAL_Driver/Src/stm32f1xx_hal_tim_ex.c **** /**
1573:Drivers/STM32F1xx_HAL_Driver/Src/stm32f1xx_hal_tim_ex.c ****   * @brief  Stops the TIM One Pulse signal generation on the complementary
1574:Drivers/STM32F1xx_HAL_Driver/Src/stm32f1xx_hal_tim_ex.c ****   *         output.
1575:Drivers/STM32F1xx_HAL_Driver/Src/stm32f1xx_hal_tim_ex.c ****   * @note OutputChannel must match the pulse output channel chosen when calling
1576:Drivers/STM32F1xx_HAL_Driver/Src/stm32f1xx_hal_tim_ex.c ****   *       @ref HAL_TIM_OnePulse_ConfigChannel().
1577:Drivers/STM32F1xx_HAL_Driver/Src/stm32f1xx_hal_tim_ex.c ****   * @param  htim TIM One Pulse handle
1578:Drivers/STM32F1xx_HAL_Driver/Src/stm32f1xx_hal_tim_ex.c ****   * @param  OutputChannel pulse output channel to disable
1579:Drivers/STM32F1xx_HAL_Driver/Src/stm32f1xx_hal_tim_ex.c ****   *          This parameter can be one of the following values:
1580:Drivers/STM32F1xx_HAL_Driver/Src/stm32f1xx_hal_tim_ex.c ****   *            @arg TIM_CHANNEL_1: TIM Channel 1 selected
1581:Drivers/STM32F1xx_HAL_Driver/Src/stm32f1xx_hal_tim_ex.c ****   *            @arg TIM_CHANNEL_2: TIM Channel 2 selected
1582:Drivers/STM32F1xx_HAL_Driver/Src/stm32f1xx_hal_tim_ex.c ****   * @retval HAL status
1583:Drivers/STM32F1xx_HAL_Driver/Src/stm32f1xx_hal_tim_ex.c ****   */
1584:Drivers/STM32F1xx_HAL_Driver/Src/stm32f1xx_hal_tim_ex.c **** HAL_StatusTypeDef HAL_TIMEx_OnePulseN_Stop(TIM_HandleTypeDef *htim, uint32_t OutputChannel)
1585:Drivers/STM32F1xx_HAL_Driver/Src/stm32f1xx_hal_tim_ex.c **** {
 4449              		.loc 1 1585 1
 4450              		.cfi_startproc
 4451              		@ args = 0, pretend = 0, frame = 16
 4452              		@ frame_needed = 1, uses_anonymous_args = 0
 4453 0000 80B5     		push	{r7, lr}
 4454              	.LCFI117:
 4455              		.cfi_def_cfa_offset 8
 4456              		.cfi_offset 7, -8
 4457              		.cfi_offset 14, -4
 4458 0002 84B0     		sub	sp, sp, #16
 4459              	.LCFI118:
 4460              		.cfi_def_cfa_offset 24
 4461 0004 00AF     		add	r7, sp, #0
 4462              	.LCFI119:
 4463              		.cfi_def_cfa_register 7
 4464 0006 7860     		str	r0, [r7, #4]
 4465 0008 3960     		str	r1, [r7]
1586:Drivers/STM32F1xx_HAL_Driver/Src/stm32f1xx_hal_tim_ex.c ****   uint32_t input_channel = (OutputChannel == TIM_CHANNEL_1) ? TIM_CHANNEL_2 : TIM_CHANNEL_1;
 4466              		.loc 1 1586 77
 4467 000a 3B68     		ldr	r3, [r7]
 4468 000c 002B     		cmp	r3, #0
 4469 000e 01D1     		bne	.L320
 4470              		.loc 1 1586 77 is_stmt 0 discriminator 1
 4471 0010 0423     		movs	r3, #4
 4472 0012 00E0     		b	.L321
 4473              	.L320:
 4474              		.loc 1 1586 77 discriminator 2
 4475 0014 0023     		movs	r3, #0
 4476              	.L321:
 4477              		.loc 1 1586 12 is_stmt 1 discriminator 4
 4478 0016 FB60     		str	r3, [r7, #12]
1587:Drivers/STM32F1xx_HAL_Driver/Src/stm32f1xx_hal_tim_ex.c **** 
1588:Drivers/STM32F1xx_HAL_Driver/Src/stm32f1xx_hal_tim_ex.c ****   /* Check the parameters */
ARM GAS  /tmp/ccydCXE5.s 			page 109


1589:Drivers/STM32F1xx_HAL_Driver/Src/stm32f1xx_hal_tim_ex.c ****   assert_param(IS_TIM_CCXN_INSTANCE(htim->Instance, OutputChannel));
1590:Drivers/STM32F1xx_HAL_Driver/Src/stm32f1xx_hal_tim_ex.c **** 
1591:Drivers/STM32F1xx_HAL_Driver/Src/stm32f1xx_hal_tim_ex.c ****   /* Disable the complementary One Pulse output channel and the Input Capture channel */
1592:Drivers/STM32F1xx_HAL_Driver/Src/stm32f1xx_hal_tim_ex.c ****   TIM_CCxNChannelCmd(htim->Instance, OutputChannel, TIM_CCxN_DISABLE);
 4479              		.loc 1 1592 3 discriminator 4
 4480 0018 7B68     		ldr	r3, [r7, #4]
 4481 001a 1B68     		ldr	r3, [r3]
 4482 001c 0022     		movs	r2, #0
 4483 001e 3968     		ldr	r1, [r7]
 4484 0020 1846     		mov	r0, r3
 4485 0022 FFF7FEFF 		bl	TIM_CCxNChannelCmd
1593:Drivers/STM32F1xx_HAL_Driver/Src/stm32f1xx_hal_tim_ex.c ****   TIM_CCxChannelCmd(htim->Instance, input_channel, TIM_CCx_DISABLE);
 4486              		.loc 1 1593 3 discriminator 4
 4487 0026 7B68     		ldr	r3, [r7, #4]
 4488 0028 1B68     		ldr	r3, [r3]
 4489 002a 0022     		movs	r2, #0
 4490 002c F968     		ldr	r1, [r7, #12]
 4491 002e 1846     		mov	r0, r3
 4492 0030 FFF7FEFF 		bl	TIM_CCxChannelCmd
1594:Drivers/STM32F1xx_HAL_Driver/Src/stm32f1xx_hal_tim_ex.c **** 
1595:Drivers/STM32F1xx_HAL_Driver/Src/stm32f1xx_hal_tim_ex.c ****   /* Disable the Main Output */
1596:Drivers/STM32F1xx_HAL_Driver/Src/stm32f1xx_hal_tim_ex.c ****   __HAL_TIM_MOE_DISABLE(htim);
 4493              		.loc 1 1596 3 discriminator 4
 4494 0034 7B68     		ldr	r3, [r7, #4]
 4495 0036 1B68     		ldr	r3, [r3]
 4496 0038 1A6A     		ldr	r2, [r3, #32]
 4497 003a 41F21113 		movw	r3, #4369
 4498 003e 1340     		ands	r3, r3, r2
 4499 0040 002B     		cmp	r3, #0
 4500 0042 0FD1     		bne	.L322
 4501              		.loc 1 1596 3 is_stmt 0 discriminator 1
 4502 0044 7B68     		ldr	r3, [r7, #4]
 4503 0046 1B68     		ldr	r3, [r3]
 4504 0048 1A6A     		ldr	r2, [r3, #32]
 4505 004a 40F24443 		movw	r3, #1092
 4506 004e 1340     		ands	r3, r3, r2
 4507 0050 002B     		cmp	r3, #0
 4508 0052 07D1     		bne	.L322
 4509              		.loc 1 1596 3 discriminator 2
 4510 0054 7B68     		ldr	r3, [r7, #4]
 4511 0056 1B68     		ldr	r3, [r3]
 4512 0058 5A6C     		ldr	r2, [r3, #68]
 4513 005a 7B68     		ldr	r3, [r7, #4]
 4514 005c 1B68     		ldr	r3, [r3]
 4515 005e 22F40042 		bic	r2, r2, #32768
 4516 0062 5A64     		str	r2, [r3, #68]
 4517              	.L322:
1597:Drivers/STM32F1xx_HAL_Driver/Src/stm32f1xx_hal_tim_ex.c **** 
1598:Drivers/STM32F1xx_HAL_Driver/Src/stm32f1xx_hal_tim_ex.c ****   /* Disable the Peripheral */
1599:Drivers/STM32F1xx_HAL_Driver/Src/stm32f1xx_hal_tim_ex.c ****   __HAL_TIM_DISABLE(htim);
 4518              		.loc 1 1599 3 is_stmt 1
 4519 0064 7B68     		ldr	r3, [r7, #4]
 4520 0066 1B68     		ldr	r3, [r3]
 4521 0068 1A6A     		ldr	r2, [r3, #32]
 4522 006a 41F21113 		movw	r3, #4369
 4523 006e 1340     		ands	r3, r3, r2
 4524 0070 002B     		cmp	r3, #0
ARM GAS  /tmp/ccydCXE5.s 			page 110


 4525 0072 0FD1     		bne	.L323
 4526              		.loc 1 1599 3 is_stmt 0 discriminator 1
 4527 0074 7B68     		ldr	r3, [r7, #4]
 4528 0076 1B68     		ldr	r3, [r3]
 4529 0078 1A6A     		ldr	r2, [r3, #32]
 4530 007a 40F24443 		movw	r3, #1092
 4531 007e 1340     		ands	r3, r3, r2
 4532 0080 002B     		cmp	r3, #0
 4533 0082 07D1     		bne	.L323
 4534              		.loc 1 1599 3 discriminator 2
 4535 0084 7B68     		ldr	r3, [r7, #4]
 4536 0086 1B68     		ldr	r3, [r3]
 4537 0088 1A68     		ldr	r2, [r3]
 4538 008a 7B68     		ldr	r3, [r7, #4]
 4539 008c 1B68     		ldr	r3, [r3]
 4540 008e 22F00102 		bic	r2, r2, #1
 4541 0092 1A60     		str	r2, [r3]
 4542              	.L323:
1600:Drivers/STM32F1xx_HAL_Driver/Src/stm32f1xx_hal_tim_ex.c **** 
1601:Drivers/STM32F1xx_HAL_Driver/Src/stm32f1xx_hal_tim_ex.c ****   /* Set the TIM  channels state */
1602:Drivers/STM32F1xx_HAL_Driver/Src/stm32f1xx_hal_tim_ex.c ****   TIM_CHANNEL_STATE_SET(htim, TIM_CHANNEL_1, HAL_TIM_CHANNEL_STATE_READY);
 4543              		.loc 1 1602 3 is_stmt 1
 4544 0094 7B68     		ldr	r3, [r7, #4]
 4545 0096 0122     		movs	r2, #1
 4546 0098 83F83E20 		strb	r2, [r3, #62]
1603:Drivers/STM32F1xx_HAL_Driver/Src/stm32f1xx_hal_tim_ex.c ****   TIM_CHANNEL_STATE_SET(htim, TIM_CHANNEL_2, HAL_TIM_CHANNEL_STATE_READY);
 4547              		.loc 1 1603 3
 4548 009c 7B68     		ldr	r3, [r7, #4]
 4549 009e 0122     		movs	r2, #1
 4550 00a0 83F83F20 		strb	r2, [r3, #63]
1604:Drivers/STM32F1xx_HAL_Driver/Src/stm32f1xx_hal_tim_ex.c ****   TIM_CHANNEL_N_STATE_SET(htim, TIM_CHANNEL_1, HAL_TIM_CHANNEL_STATE_READY);
 4551              		.loc 1 1604 3
 4552 00a4 7B68     		ldr	r3, [r7, #4]
 4553 00a6 0122     		movs	r2, #1
 4554 00a8 83F84220 		strb	r2, [r3, #66]
1605:Drivers/STM32F1xx_HAL_Driver/Src/stm32f1xx_hal_tim_ex.c ****   TIM_CHANNEL_N_STATE_SET(htim, TIM_CHANNEL_2, HAL_TIM_CHANNEL_STATE_READY);
 4555              		.loc 1 1605 3
 4556 00ac 7B68     		ldr	r3, [r7, #4]
 4557 00ae 0122     		movs	r2, #1
 4558 00b0 83F84320 		strb	r2, [r3, #67]
1606:Drivers/STM32F1xx_HAL_Driver/Src/stm32f1xx_hal_tim_ex.c **** 
1607:Drivers/STM32F1xx_HAL_Driver/Src/stm32f1xx_hal_tim_ex.c ****   /* Return function status */
1608:Drivers/STM32F1xx_HAL_Driver/Src/stm32f1xx_hal_tim_ex.c ****   return HAL_OK;
 4559              		.loc 1 1608 10
 4560 00b4 0023     		movs	r3, #0
1609:Drivers/STM32F1xx_HAL_Driver/Src/stm32f1xx_hal_tim_ex.c **** }
 4561              		.loc 1 1609 1
 4562 00b6 1846     		mov	r0, r3
 4563 00b8 1037     		adds	r7, r7, #16
 4564              	.LCFI120:
 4565              		.cfi_def_cfa_offset 8
 4566 00ba BD46     		mov	sp, r7
 4567              	.LCFI121:
 4568              		.cfi_def_cfa_register 13
 4569              		@ sp needed
 4570 00bc 80BD     		pop	{r7, pc}
 4571              		.cfi_endproc
ARM GAS  /tmp/ccydCXE5.s 			page 111


 4572              	.LFE88:
 4574              		.section	.text.HAL_TIMEx_OnePulseN_Start_IT,"ax",%progbits
 4575              		.align	1
 4576              		.global	HAL_TIMEx_OnePulseN_Start_IT
 4577              		.syntax unified
 4578              		.thumb
 4579              		.thumb_func
 4581              	HAL_TIMEx_OnePulseN_Start_IT:
 4582              	.LFB89:
1610:Drivers/STM32F1xx_HAL_Driver/Src/stm32f1xx_hal_tim_ex.c **** 
1611:Drivers/STM32F1xx_HAL_Driver/Src/stm32f1xx_hal_tim_ex.c **** /**
1612:Drivers/STM32F1xx_HAL_Driver/Src/stm32f1xx_hal_tim_ex.c ****   * @brief  Starts the TIM One Pulse signal generation in interrupt mode on the
1613:Drivers/STM32F1xx_HAL_Driver/Src/stm32f1xx_hal_tim_ex.c ****   *         complementary channel.
1614:Drivers/STM32F1xx_HAL_Driver/Src/stm32f1xx_hal_tim_ex.c ****   * @note OutputChannel must match the pulse output channel chosen when calling
1615:Drivers/STM32F1xx_HAL_Driver/Src/stm32f1xx_hal_tim_ex.c ****   *       @ref HAL_TIM_OnePulse_ConfigChannel().
1616:Drivers/STM32F1xx_HAL_Driver/Src/stm32f1xx_hal_tim_ex.c ****   * @param  htim TIM One Pulse handle
1617:Drivers/STM32F1xx_HAL_Driver/Src/stm32f1xx_hal_tim_ex.c ****   * @param  OutputChannel pulse output channel to enable
1618:Drivers/STM32F1xx_HAL_Driver/Src/stm32f1xx_hal_tim_ex.c ****   *          This parameter can be one of the following values:
1619:Drivers/STM32F1xx_HAL_Driver/Src/stm32f1xx_hal_tim_ex.c ****   *            @arg TIM_CHANNEL_1: TIM Channel 1 selected
1620:Drivers/STM32F1xx_HAL_Driver/Src/stm32f1xx_hal_tim_ex.c ****   *            @arg TIM_CHANNEL_2: TIM Channel 2 selected
1621:Drivers/STM32F1xx_HAL_Driver/Src/stm32f1xx_hal_tim_ex.c ****   * @retval HAL status
1622:Drivers/STM32F1xx_HAL_Driver/Src/stm32f1xx_hal_tim_ex.c ****   */
1623:Drivers/STM32F1xx_HAL_Driver/Src/stm32f1xx_hal_tim_ex.c **** HAL_StatusTypeDef HAL_TIMEx_OnePulseN_Start_IT(TIM_HandleTypeDef *htim, uint32_t OutputChannel)
1624:Drivers/STM32F1xx_HAL_Driver/Src/stm32f1xx_hal_tim_ex.c **** {
 4583              		.loc 1 1624 1
 4584              		.cfi_startproc
 4585              		@ args = 0, pretend = 0, frame = 16
 4586              		@ frame_needed = 1, uses_anonymous_args = 0
 4587 0000 80B5     		push	{r7, lr}
 4588              	.LCFI122:
 4589              		.cfi_def_cfa_offset 8
 4590              		.cfi_offset 7, -8
 4591              		.cfi_offset 14, -4
 4592 0002 84B0     		sub	sp, sp, #16
 4593              	.LCFI123:
 4594              		.cfi_def_cfa_offset 24
 4595 0004 00AF     		add	r7, sp, #0
 4596              	.LCFI124:
 4597              		.cfi_def_cfa_register 7
 4598 0006 7860     		str	r0, [r7, #4]
 4599 0008 3960     		str	r1, [r7]
1625:Drivers/STM32F1xx_HAL_Driver/Src/stm32f1xx_hal_tim_ex.c ****   uint32_t input_channel = (OutputChannel == TIM_CHANNEL_1) ? TIM_CHANNEL_2 : TIM_CHANNEL_1;
 4600              		.loc 1 1625 77
 4601 000a 3B68     		ldr	r3, [r7]
 4602 000c 002B     		cmp	r3, #0
 4603 000e 01D1     		bne	.L326
 4604              		.loc 1 1625 77 is_stmt 0 discriminator 1
 4605 0010 0423     		movs	r3, #4
 4606 0012 00E0     		b	.L327
 4607              	.L326:
 4608              		.loc 1 1625 77 discriminator 2
 4609 0014 0023     		movs	r3, #0
 4610              	.L327:
 4611              		.loc 1 1625 12 is_stmt 1 discriminator 4
 4612 0016 FB60     		str	r3, [r7, #12]
1626:Drivers/STM32F1xx_HAL_Driver/Src/stm32f1xx_hal_tim_ex.c ****   HAL_TIM_ChannelStateTypeDef channel_1_state = TIM_CHANNEL_STATE_GET(htim, TIM_CHANNEL_1);
 4613              		.loc 1 1626 31 discriminator 4
ARM GAS  /tmp/ccydCXE5.s 			page 112


 4614 0018 7B68     		ldr	r3, [r7, #4]
 4615 001a 93F83E30 		ldrb	r3, [r3, #62]
 4616 001e FB72     		strb	r3, [r7, #11]
1627:Drivers/STM32F1xx_HAL_Driver/Src/stm32f1xx_hal_tim_ex.c ****   HAL_TIM_ChannelStateTypeDef channel_2_state = TIM_CHANNEL_STATE_GET(htim, TIM_CHANNEL_2);
 4617              		.loc 1 1627 31 discriminator 4
 4618 0020 7B68     		ldr	r3, [r7, #4]
 4619 0022 93F83F30 		ldrb	r3, [r3, #63]
 4620 0026 BB72     		strb	r3, [r7, #10]
1628:Drivers/STM32F1xx_HAL_Driver/Src/stm32f1xx_hal_tim_ex.c ****   HAL_TIM_ChannelStateTypeDef complementary_channel_1_state = TIM_CHANNEL_N_STATE_GET(htim, TIM_CHA
 4621              		.loc 1 1628 31 discriminator 4
 4622 0028 7B68     		ldr	r3, [r7, #4]
 4623 002a 93F84230 		ldrb	r3, [r3, #66]
 4624 002e 7B72     		strb	r3, [r7, #9]
1629:Drivers/STM32F1xx_HAL_Driver/Src/stm32f1xx_hal_tim_ex.c ****   HAL_TIM_ChannelStateTypeDef complementary_channel_2_state = TIM_CHANNEL_N_STATE_GET(htim, TIM_CHA
 4625              		.loc 1 1629 31 discriminator 4
 4626 0030 7B68     		ldr	r3, [r7, #4]
 4627 0032 93F84330 		ldrb	r3, [r3, #67]
 4628 0036 3B72     		strb	r3, [r7, #8]
1630:Drivers/STM32F1xx_HAL_Driver/Src/stm32f1xx_hal_tim_ex.c **** 
1631:Drivers/STM32F1xx_HAL_Driver/Src/stm32f1xx_hal_tim_ex.c ****   /* Check the parameters */
1632:Drivers/STM32F1xx_HAL_Driver/Src/stm32f1xx_hal_tim_ex.c ****   assert_param(IS_TIM_CCXN_INSTANCE(htim->Instance, OutputChannel));
1633:Drivers/STM32F1xx_HAL_Driver/Src/stm32f1xx_hal_tim_ex.c **** 
1634:Drivers/STM32F1xx_HAL_Driver/Src/stm32f1xx_hal_tim_ex.c ****   /* Check the TIM channels state */
1635:Drivers/STM32F1xx_HAL_Driver/Src/stm32f1xx_hal_tim_ex.c ****   if ((channel_1_state != HAL_TIM_CHANNEL_STATE_READY)
 4629              		.loc 1 1635 6 discriminator 4
 4630 0038 FB7A     		ldrb	r3, [r7, #11]	@ zero_extendqisi2
 4631 003a 012B     		cmp	r3, #1
 4632 003c 08D1     		bne	.L328
1636:Drivers/STM32F1xx_HAL_Driver/Src/stm32f1xx_hal_tim_ex.c ****       || (channel_2_state != HAL_TIM_CHANNEL_STATE_READY)
 4633              		.loc 1 1636 7
 4634 003e BB7A     		ldrb	r3, [r7, #10]	@ zero_extendqisi2
 4635 0040 012B     		cmp	r3, #1
 4636 0042 05D1     		bne	.L328
1637:Drivers/STM32F1xx_HAL_Driver/Src/stm32f1xx_hal_tim_ex.c ****       || (complementary_channel_1_state != HAL_TIM_CHANNEL_STATE_READY)
 4637              		.loc 1 1637 7
 4638 0044 7B7A     		ldrb	r3, [r7, #9]	@ zero_extendqisi2
 4639 0046 012B     		cmp	r3, #1
 4640 0048 02D1     		bne	.L328
1638:Drivers/STM32F1xx_HAL_Driver/Src/stm32f1xx_hal_tim_ex.c ****       || (complementary_channel_2_state != HAL_TIM_CHANNEL_STATE_READY))
 4641              		.loc 1 1638 7
 4642 004a 3B7A     		ldrb	r3, [r7, #8]	@ zero_extendqisi2
 4643 004c 012B     		cmp	r3, #1
 4644 004e 01D0     		beq	.L329
 4645              	.L328:
1639:Drivers/STM32F1xx_HAL_Driver/Src/stm32f1xx_hal_tim_ex.c ****   {
1640:Drivers/STM32F1xx_HAL_Driver/Src/stm32f1xx_hal_tim_ex.c ****     return HAL_ERROR;
 4646              		.loc 1 1640 12
 4647 0050 0123     		movs	r3, #1
 4648 0052 36E0     		b	.L330
 4649              	.L329:
1641:Drivers/STM32F1xx_HAL_Driver/Src/stm32f1xx_hal_tim_ex.c ****   }
1642:Drivers/STM32F1xx_HAL_Driver/Src/stm32f1xx_hal_tim_ex.c **** 
1643:Drivers/STM32F1xx_HAL_Driver/Src/stm32f1xx_hal_tim_ex.c ****   /* Set the TIM channels state */
1644:Drivers/STM32F1xx_HAL_Driver/Src/stm32f1xx_hal_tim_ex.c ****   TIM_CHANNEL_STATE_SET(htim, TIM_CHANNEL_1, HAL_TIM_CHANNEL_STATE_BUSY);
 4650              		.loc 1 1644 3
 4651 0054 7B68     		ldr	r3, [r7, #4]
 4652 0056 0222     		movs	r2, #2
ARM GAS  /tmp/ccydCXE5.s 			page 113


 4653 0058 83F83E20 		strb	r2, [r3, #62]
1645:Drivers/STM32F1xx_HAL_Driver/Src/stm32f1xx_hal_tim_ex.c ****   TIM_CHANNEL_STATE_SET(htim, TIM_CHANNEL_2, HAL_TIM_CHANNEL_STATE_BUSY);
 4654              		.loc 1 1645 3
 4655 005c 7B68     		ldr	r3, [r7, #4]
 4656 005e 0222     		movs	r2, #2
 4657 0060 83F83F20 		strb	r2, [r3, #63]
1646:Drivers/STM32F1xx_HAL_Driver/Src/stm32f1xx_hal_tim_ex.c ****   TIM_CHANNEL_N_STATE_SET(htim, TIM_CHANNEL_1, HAL_TIM_CHANNEL_STATE_BUSY);
 4658              		.loc 1 1646 3
 4659 0064 7B68     		ldr	r3, [r7, #4]
 4660 0066 0222     		movs	r2, #2
 4661 0068 83F84220 		strb	r2, [r3, #66]
1647:Drivers/STM32F1xx_HAL_Driver/Src/stm32f1xx_hal_tim_ex.c ****   TIM_CHANNEL_N_STATE_SET(htim, TIM_CHANNEL_2, HAL_TIM_CHANNEL_STATE_BUSY);
 4662              		.loc 1 1647 3
 4663 006c 7B68     		ldr	r3, [r7, #4]
 4664 006e 0222     		movs	r2, #2
 4665 0070 83F84320 		strb	r2, [r3, #67]
1648:Drivers/STM32F1xx_HAL_Driver/Src/stm32f1xx_hal_tim_ex.c **** 
1649:Drivers/STM32F1xx_HAL_Driver/Src/stm32f1xx_hal_tim_ex.c ****   /* Enable the TIM Capture/Compare 1 interrupt */
1650:Drivers/STM32F1xx_HAL_Driver/Src/stm32f1xx_hal_tim_ex.c ****   __HAL_TIM_ENABLE_IT(htim, TIM_IT_CC1);
 4666              		.loc 1 1650 3
 4667 0074 7B68     		ldr	r3, [r7, #4]
 4668 0076 1B68     		ldr	r3, [r3]
 4669 0078 DA68     		ldr	r2, [r3, #12]
 4670 007a 7B68     		ldr	r3, [r7, #4]
 4671 007c 1B68     		ldr	r3, [r3]
 4672 007e 42F00202 		orr	r2, r2, #2
 4673 0082 DA60     		str	r2, [r3, #12]
1651:Drivers/STM32F1xx_HAL_Driver/Src/stm32f1xx_hal_tim_ex.c **** 
1652:Drivers/STM32F1xx_HAL_Driver/Src/stm32f1xx_hal_tim_ex.c ****   /* Enable the TIM Capture/Compare 2 interrupt */
1653:Drivers/STM32F1xx_HAL_Driver/Src/stm32f1xx_hal_tim_ex.c ****   __HAL_TIM_ENABLE_IT(htim, TIM_IT_CC2);
 4674              		.loc 1 1653 3
 4675 0084 7B68     		ldr	r3, [r7, #4]
 4676 0086 1B68     		ldr	r3, [r3]
 4677 0088 DA68     		ldr	r2, [r3, #12]
 4678 008a 7B68     		ldr	r3, [r7, #4]
 4679 008c 1B68     		ldr	r3, [r3]
 4680 008e 42F00402 		orr	r2, r2, #4
 4681 0092 DA60     		str	r2, [r3, #12]
1654:Drivers/STM32F1xx_HAL_Driver/Src/stm32f1xx_hal_tim_ex.c **** 
1655:Drivers/STM32F1xx_HAL_Driver/Src/stm32f1xx_hal_tim_ex.c ****   /* Enable the complementary One Pulse output channel and the Input Capture channel */
1656:Drivers/STM32F1xx_HAL_Driver/Src/stm32f1xx_hal_tim_ex.c ****   TIM_CCxNChannelCmd(htim->Instance, OutputChannel, TIM_CCxN_ENABLE);
 4682              		.loc 1 1656 3
 4683 0094 7B68     		ldr	r3, [r7, #4]
 4684 0096 1B68     		ldr	r3, [r3]
 4685 0098 0422     		movs	r2, #4
 4686 009a 3968     		ldr	r1, [r7]
 4687 009c 1846     		mov	r0, r3
 4688 009e FFF7FEFF 		bl	TIM_CCxNChannelCmd
1657:Drivers/STM32F1xx_HAL_Driver/Src/stm32f1xx_hal_tim_ex.c ****   TIM_CCxChannelCmd(htim->Instance, input_channel, TIM_CCx_ENABLE);
 4689              		.loc 1 1657 3
 4690 00a2 7B68     		ldr	r3, [r7, #4]
 4691 00a4 1B68     		ldr	r3, [r3]
 4692 00a6 0122     		movs	r2, #1
 4693 00a8 F968     		ldr	r1, [r7, #12]
 4694 00aa 1846     		mov	r0, r3
 4695 00ac FFF7FEFF 		bl	TIM_CCxChannelCmd
1658:Drivers/STM32F1xx_HAL_Driver/Src/stm32f1xx_hal_tim_ex.c **** 
ARM GAS  /tmp/ccydCXE5.s 			page 114


1659:Drivers/STM32F1xx_HAL_Driver/Src/stm32f1xx_hal_tim_ex.c ****   /* Enable the Main Output */
1660:Drivers/STM32F1xx_HAL_Driver/Src/stm32f1xx_hal_tim_ex.c ****   __HAL_TIM_MOE_ENABLE(htim);
 4696              		.loc 1 1660 3
 4697 00b0 7B68     		ldr	r3, [r7, #4]
 4698 00b2 1B68     		ldr	r3, [r3]
 4699 00b4 5A6C     		ldr	r2, [r3, #68]
 4700 00b6 7B68     		ldr	r3, [r7, #4]
 4701 00b8 1B68     		ldr	r3, [r3]
 4702 00ba 42F40042 		orr	r2, r2, #32768
 4703 00be 5A64     		str	r2, [r3, #68]
1661:Drivers/STM32F1xx_HAL_Driver/Src/stm32f1xx_hal_tim_ex.c **** 
1662:Drivers/STM32F1xx_HAL_Driver/Src/stm32f1xx_hal_tim_ex.c ****   /* Return function status */
1663:Drivers/STM32F1xx_HAL_Driver/Src/stm32f1xx_hal_tim_ex.c ****   return HAL_OK;
 4704              		.loc 1 1663 10
 4705 00c0 0023     		movs	r3, #0
 4706              	.L330:
1664:Drivers/STM32F1xx_HAL_Driver/Src/stm32f1xx_hal_tim_ex.c **** }
 4707              		.loc 1 1664 1
 4708 00c2 1846     		mov	r0, r3
 4709 00c4 1037     		adds	r7, r7, #16
 4710              	.LCFI125:
 4711              		.cfi_def_cfa_offset 8
 4712 00c6 BD46     		mov	sp, r7
 4713              	.LCFI126:
 4714              		.cfi_def_cfa_register 13
 4715              		@ sp needed
 4716 00c8 80BD     		pop	{r7, pc}
 4717              		.cfi_endproc
 4718              	.LFE89:
 4720              		.section	.text.HAL_TIMEx_OnePulseN_Stop_IT,"ax",%progbits
 4721              		.align	1
 4722              		.global	HAL_TIMEx_OnePulseN_Stop_IT
 4723              		.syntax unified
 4724              		.thumb
 4725              		.thumb_func
 4727              	HAL_TIMEx_OnePulseN_Stop_IT:
 4728              	.LFB90:
1665:Drivers/STM32F1xx_HAL_Driver/Src/stm32f1xx_hal_tim_ex.c **** 
1666:Drivers/STM32F1xx_HAL_Driver/Src/stm32f1xx_hal_tim_ex.c **** /**
1667:Drivers/STM32F1xx_HAL_Driver/Src/stm32f1xx_hal_tim_ex.c ****   * @brief  Stops the TIM One Pulse signal generation in interrupt mode on the
1668:Drivers/STM32F1xx_HAL_Driver/Src/stm32f1xx_hal_tim_ex.c ****   *         complementary channel.
1669:Drivers/STM32F1xx_HAL_Driver/Src/stm32f1xx_hal_tim_ex.c ****   * @note OutputChannel must match the pulse output channel chosen when calling
1670:Drivers/STM32F1xx_HAL_Driver/Src/stm32f1xx_hal_tim_ex.c ****   *       @ref HAL_TIM_OnePulse_ConfigChannel().
1671:Drivers/STM32F1xx_HAL_Driver/Src/stm32f1xx_hal_tim_ex.c ****   * @param  htim TIM One Pulse handle
1672:Drivers/STM32F1xx_HAL_Driver/Src/stm32f1xx_hal_tim_ex.c ****   * @param  OutputChannel pulse output channel to disable
1673:Drivers/STM32F1xx_HAL_Driver/Src/stm32f1xx_hal_tim_ex.c ****   *          This parameter can be one of the following values:
1674:Drivers/STM32F1xx_HAL_Driver/Src/stm32f1xx_hal_tim_ex.c ****   *            @arg TIM_CHANNEL_1: TIM Channel 1 selected
1675:Drivers/STM32F1xx_HAL_Driver/Src/stm32f1xx_hal_tim_ex.c ****   *            @arg TIM_CHANNEL_2: TIM Channel 2 selected
1676:Drivers/STM32F1xx_HAL_Driver/Src/stm32f1xx_hal_tim_ex.c ****   * @retval HAL status
1677:Drivers/STM32F1xx_HAL_Driver/Src/stm32f1xx_hal_tim_ex.c ****   */
1678:Drivers/STM32F1xx_HAL_Driver/Src/stm32f1xx_hal_tim_ex.c **** HAL_StatusTypeDef HAL_TIMEx_OnePulseN_Stop_IT(TIM_HandleTypeDef *htim, uint32_t OutputChannel)
1679:Drivers/STM32F1xx_HAL_Driver/Src/stm32f1xx_hal_tim_ex.c **** {
 4729              		.loc 1 1679 1
 4730              		.cfi_startproc
 4731              		@ args = 0, pretend = 0, frame = 16
 4732              		@ frame_needed = 1, uses_anonymous_args = 0
 4733 0000 80B5     		push	{r7, lr}
ARM GAS  /tmp/ccydCXE5.s 			page 115


 4734              	.LCFI127:
 4735              		.cfi_def_cfa_offset 8
 4736              		.cfi_offset 7, -8
 4737              		.cfi_offset 14, -4
 4738 0002 84B0     		sub	sp, sp, #16
 4739              	.LCFI128:
 4740              		.cfi_def_cfa_offset 24
 4741 0004 00AF     		add	r7, sp, #0
 4742              	.LCFI129:
 4743              		.cfi_def_cfa_register 7
 4744 0006 7860     		str	r0, [r7, #4]
 4745 0008 3960     		str	r1, [r7]
1680:Drivers/STM32F1xx_HAL_Driver/Src/stm32f1xx_hal_tim_ex.c ****   uint32_t input_channel = (OutputChannel == TIM_CHANNEL_1) ? TIM_CHANNEL_2 : TIM_CHANNEL_1;
 4746              		.loc 1 1680 77
 4747 000a 3B68     		ldr	r3, [r7]
 4748 000c 002B     		cmp	r3, #0
 4749 000e 01D1     		bne	.L332
 4750              		.loc 1 1680 77 is_stmt 0 discriminator 1
 4751 0010 0423     		movs	r3, #4
 4752 0012 00E0     		b	.L333
 4753              	.L332:
 4754              		.loc 1 1680 77 discriminator 2
 4755 0014 0023     		movs	r3, #0
 4756              	.L333:
 4757              		.loc 1 1680 12 is_stmt 1 discriminator 4
 4758 0016 FB60     		str	r3, [r7, #12]
1681:Drivers/STM32F1xx_HAL_Driver/Src/stm32f1xx_hal_tim_ex.c **** 
1682:Drivers/STM32F1xx_HAL_Driver/Src/stm32f1xx_hal_tim_ex.c ****   /* Check the parameters */
1683:Drivers/STM32F1xx_HAL_Driver/Src/stm32f1xx_hal_tim_ex.c ****   assert_param(IS_TIM_CCXN_INSTANCE(htim->Instance, OutputChannel));
1684:Drivers/STM32F1xx_HAL_Driver/Src/stm32f1xx_hal_tim_ex.c **** 
1685:Drivers/STM32F1xx_HAL_Driver/Src/stm32f1xx_hal_tim_ex.c ****   /* Disable the TIM Capture/Compare 1 interrupt */
1686:Drivers/STM32F1xx_HAL_Driver/Src/stm32f1xx_hal_tim_ex.c ****   __HAL_TIM_DISABLE_IT(htim, TIM_IT_CC1);
 4759              		.loc 1 1686 3 discriminator 4
 4760 0018 7B68     		ldr	r3, [r7, #4]
 4761 001a 1B68     		ldr	r3, [r3]
 4762 001c DA68     		ldr	r2, [r3, #12]
 4763 001e 7B68     		ldr	r3, [r7, #4]
 4764 0020 1B68     		ldr	r3, [r3]
 4765 0022 22F00202 		bic	r2, r2, #2
 4766 0026 DA60     		str	r2, [r3, #12]
1687:Drivers/STM32F1xx_HAL_Driver/Src/stm32f1xx_hal_tim_ex.c **** 
1688:Drivers/STM32F1xx_HAL_Driver/Src/stm32f1xx_hal_tim_ex.c ****   /* Disable the TIM Capture/Compare 2 interrupt */
1689:Drivers/STM32F1xx_HAL_Driver/Src/stm32f1xx_hal_tim_ex.c ****   __HAL_TIM_DISABLE_IT(htim, TIM_IT_CC2);
 4767              		.loc 1 1689 3 discriminator 4
 4768 0028 7B68     		ldr	r3, [r7, #4]
 4769 002a 1B68     		ldr	r3, [r3]
 4770 002c DA68     		ldr	r2, [r3, #12]
 4771 002e 7B68     		ldr	r3, [r7, #4]
 4772 0030 1B68     		ldr	r3, [r3]
 4773 0032 22F00402 		bic	r2, r2, #4
 4774 0036 DA60     		str	r2, [r3, #12]
1690:Drivers/STM32F1xx_HAL_Driver/Src/stm32f1xx_hal_tim_ex.c **** 
1691:Drivers/STM32F1xx_HAL_Driver/Src/stm32f1xx_hal_tim_ex.c ****   /* Disable the complementary One Pulse output channel and the Input Capture channel */
1692:Drivers/STM32F1xx_HAL_Driver/Src/stm32f1xx_hal_tim_ex.c ****   TIM_CCxNChannelCmd(htim->Instance, OutputChannel, TIM_CCxN_DISABLE);
 4775              		.loc 1 1692 3 discriminator 4
 4776 0038 7B68     		ldr	r3, [r7, #4]
 4777 003a 1B68     		ldr	r3, [r3]
ARM GAS  /tmp/ccydCXE5.s 			page 116


 4778 003c 0022     		movs	r2, #0
 4779 003e 3968     		ldr	r1, [r7]
 4780 0040 1846     		mov	r0, r3
 4781 0042 FFF7FEFF 		bl	TIM_CCxNChannelCmd
1693:Drivers/STM32F1xx_HAL_Driver/Src/stm32f1xx_hal_tim_ex.c ****   TIM_CCxChannelCmd(htim->Instance, input_channel, TIM_CCx_DISABLE);
 4782              		.loc 1 1693 3 discriminator 4
 4783 0046 7B68     		ldr	r3, [r7, #4]
 4784 0048 1B68     		ldr	r3, [r3]
 4785 004a 0022     		movs	r2, #0
 4786 004c F968     		ldr	r1, [r7, #12]
 4787 004e 1846     		mov	r0, r3
 4788 0050 FFF7FEFF 		bl	TIM_CCxChannelCmd
1694:Drivers/STM32F1xx_HAL_Driver/Src/stm32f1xx_hal_tim_ex.c **** 
1695:Drivers/STM32F1xx_HAL_Driver/Src/stm32f1xx_hal_tim_ex.c ****   /* Disable the Main Output */
1696:Drivers/STM32F1xx_HAL_Driver/Src/stm32f1xx_hal_tim_ex.c ****   __HAL_TIM_MOE_DISABLE(htim);
 4789              		.loc 1 1696 3 discriminator 4
 4790 0054 7B68     		ldr	r3, [r7, #4]
 4791 0056 1B68     		ldr	r3, [r3]
 4792 0058 1A6A     		ldr	r2, [r3, #32]
 4793 005a 41F21113 		movw	r3, #4369
 4794 005e 1340     		ands	r3, r3, r2
 4795 0060 002B     		cmp	r3, #0
 4796 0062 0FD1     		bne	.L334
 4797              		.loc 1 1696 3 is_stmt 0 discriminator 1
 4798 0064 7B68     		ldr	r3, [r7, #4]
 4799 0066 1B68     		ldr	r3, [r3]
 4800 0068 1A6A     		ldr	r2, [r3, #32]
 4801 006a 40F24443 		movw	r3, #1092
 4802 006e 1340     		ands	r3, r3, r2
 4803 0070 002B     		cmp	r3, #0
 4804 0072 07D1     		bne	.L334
 4805              		.loc 1 1696 3 discriminator 2
 4806 0074 7B68     		ldr	r3, [r7, #4]
 4807 0076 1B68     		ldr	r3, [r3]
 4808 0078 5A6C     		ldr	r2, [r3, #68]
 4809 007a 7B68     		ldr	r3, [r7, #4]
 4810 007c 1B68     		ldr	r3, [r3]
 4811 007e 22F40042 		bic	r2, r2, #32768
 4812 0082 5A64     		str	r2, [r3, #68]
 4813              	.L334:
1697:Drivers/STM32F1xx_HAL_Driver/Src/stm32f1xx_hal_tim_ex.c **** 
1698:Drivers/STM32F1xx_HAL_Driver/Src/stm32f1xx_hal_tim_ex.c ****   /* Disable the Peripheral */
1699:Drivers/STM32F1xx_HAL_Driver/Src/stm32f1xx_hal_tim_ex.c ****   __HAL_TIM_DISABLE(htim);
 4814              		.loc 1 1699 3 is_stmt 1
 4815 0084 7B68     		ldr	r3, [r7, #4]
 4816 0086 1B68     		ldr	r3, [r3]
 4817 0088 1A6A     		ldr	r2, [r3, #32]
 4818 008a 41F21113 		movw	r3, #4369
 4819 008e 1340     		ands	r3, r3, r2
 4820 0090 002B     		cmp	r3, #0
 4821 0092 0FD1     		bne	.L335
 4822              		.loc 1 1699 3 is_stmt 0 discriminator 1
 4823 0094 7B68     		ldr	r3, [r7, #4]
 4824 0096 1B68     		ldr	r3, [r3]
 4825 0098 1A6A     		ldr	r2, [r3, #32]
 4826 009a 40F24443 		movw	r3, #1092
 4827 009e 1340     		ands	r3, r3, r2
ARM GAS  /tmp/ccydCXE5.s 			page 117


 4828 00a0 002B     		cmp	r3, #0
 4829 00a2 07D1     		bne	.L335
 4830              		.loc 1 1699 3 discriminator 2
 4831 00a4 7B68     		ldr	r3, [r7, #4]
 4832 00a6 1B68     		ldr	r3, [r3]
 4833 00a8 1A68     		ldr	r2, [r3]
 4834 00aa 7B68     		ldr	r3, [r7, #4]
 4835 00ac 1B68     		ldr	r3, [r3]
 4836 00ae 22F00102 		bic	r2, r2, #1
 4837 00b2 1A60     		str	r2, [r3]
 4838              	.L335:
1700:Drivers/STM32F1xx_HAL_Driver/Src/stm32f1xx_hal_tim_ex.c **** 
1701:Drivers/STM32F1xx_HAL_Driver/Src/stm32f1xx_hal_tim_ex.c ****   /* Set the TIM  channels state */
1702:Drivers/STM32F1xx_HAL_Driver/Src/stm32f1xx_hal_tim_ex.c ****   TIM_CHANNEL_STATE_SET(htim, TIM_CHANNEL_1, HAL_TIM_CHANNEL_STATE_READY);
 4839              		.loc 1 1702 3 is_stmt 1
 4840 00b4 7B68     		ldr	r3, [r7, #4]
 4841 00b6 0122     		movs	r2, #1
 4842 00b8 83F83E20 		strb	r2, [r3, #62]
1703:Drivers/STM32F1xx_HAL_Driver/Src/stm32f1xx_hal_tim_ex.c ****   TIM_CHANNEL_STATE_SET(htim, TIM_CHANNEL_2, HAL_TIM_CHANNEL_STATE_READY);
 4843              		.loc 1 1703 3
 4844 00bc 7B68     		ldr	r3, [r7, #4]
 4845 00be 0122     		movs	r2, #1
 4846 00c0 83F83F20 		strb	r2, [r3, #63]
1704:Drivers/STM32F1xx_HAL_Driver/Src/stm32f1xx_hal_tim_ex.c ****   TIM_CHANNEL_N_STATE_SET(htim, TIM_CHANNEL_1, HAL_TIM_CHANNEL_STATE_READY);
 4847              		.loc 1 1704 3
 4848 00c4 7B68     		ldr	r3, [r7, #4]
 4849 00c6 0122     		movs	r2, #1
 4850 00c8 83F84220 		strb	r2, [r3, #66]
1705:Drivers/STM32F1xx_HAL_Driver/Src/stm32f1xx_hal_tim_ex.c ****   TIM_CHANNEL_N_STATE_SET(htim, TIM_CHANNEL_2, HAL_TIM_CHANNEL_STATE_READY);
 4851              		.loc 1 1705 3
 4852 00cc 7B68     		ldr	r3, [r7, #4]
 4853 00ce 0122     		movs	r2, #1
 4854 00d0 83F84320 		strb	r2, [r3, #67]
1706:Drivers/STM32F1xx_HAL_Driver/Src/stm32f1xx_hal_tim_ex.c **** 
1707:Drivers/STM32F1xx_HAL_Driver/Src/stm32f1xx_hal_tim_ex.c ****   /* Return function status */
1708:Drivers/STM32F1xx_HAL_Driver/Src/stm32f1xx_hal_tim_ex.c ****   return HAL_OK;
 4855              		.loc 1 1708 10
 4856 00d4 0023     		movs	r3, #0
1709:Drivers/STM32F1xx_HAL_Driver/Src/stm32f1xx_hal_tim_ex.c **** }
 4857              		.loc 1 1709 1
 4858 00d6 1846     		mov	r0, r3
 4859 00d8 1037     		adds	r7, r7, #16
 4860              	.LCFI130:
 4861              		.cfi_def_cfa_offset 8
 4862 00da BD46     		mov	sp, r7
 4863              	.LCFI131:
 4864              		.cfi_def_cfa_register 13
 4865              		@ sp needed
 4866 00dc 80BD     		pop	{r7, pc}
 4867              		.cfi_endproc
 4868              	.LFE90:
 4870              		.section	.text.HAL_TIMEx_ConfigCommutEvent,"ax",%progbits
 4871              		.align	1
 4872              		.global	HAL_TIMEx_ConfigCommutEvent
 4873              		.syntax unified
 4874              		.thumb
 4875              		.thumb_func
ARM GAS  /tmp/ccydCXE5.s 			page 118


 4877              	HAL_TIMEx_ConfigCommutEvent:
 4878              	.LFB91:
1710:Drivers/STM32F1xx_HAL_Driver/Src/stm32f1xx_hal_tim_ex.c **** 
1711:Drivers/STM32F1xx_HAL_Driver/Src/stm32f1xx_hal_tim_ex.c **** /**
1712:Drivers/STM32F1xx_HAL_Driver/Src/stm32f1xx_hal_tim_ex.c ****   * @}
1713:Drivers/STM32F1xx_HAL_Driver/Src/stm32f1xx_hal_tim_ex.c ****   */
1714:Drivers/STM32F1xx_HAL_Driver/Src/stm32f1xx_hal_tim_ex.c **** 
1715:Drivers/STM32F1xx_HAL_Driver/Src/stm32f1xx_hal_tim_ex.c **** /** @defgroup TIMEx_Exported_Functions_Group5 Extended Peripheral Control functions
1716:Drivers/STM32F1xx_HAL_Driver/Src/stm32f1xx_hal_tim_ex.c ****   * @brief    Peripheral Control functions
1717:Drivers/STM32F1xx_HAL_Driver/Src/stm32f1xx_hal_tim_ex.c ****   *
1718:Drivers/STM32F1xx_HAL_Driver/Src/stm32f1xx_hal_tim_ex.c **** @verbatim
1719:Drivers/STM32F1xx_HAL_Driver/Src/stm32f1xx_hal_tim_ex.c ****   ==============================================================================
1720:Drivers/STM32F1xx_HAL_Driver/Src/stm32f1xx_hal_tim_ex.c ****                     ##### Peripheral Control functions #####
1721:Drivers/STM32F1xx_HAL_Driver/Src/stm32f1xx_hal_tim_ex.c ****   ==============================================================================
1722:Drivers/STM32F1xx_HAL_Driver/Src/stm32f1xx_hal_tim_ex.c ****   [..]
1723:Drivers/STM32F1xx_HAL_Driver/Src/stm32f1xx_hal_tim_ex.c ****     This section provides functions allowing to:
1724:Drivers/STM32F1xx_HAL_Driver/Src/stm32f1xx_hal_tim_ex.c ****       (+) Configure the commutation event in case of use of the Hall sensor interface.
1725:Drivers/STM32F1xx_HAL_Driver/Src/stm32f1xx_hal_tim_ex.c ****       (+) Configure Output channels for OC and PWM mode.
1726:Drivers/STM32F1xx_HAL_Driver/Src/stm32f1xx_hal_tim_ex.c **** 
1727:Drivers/STM32F1xx_HAL_Driver/Src/stm32f1xx_hal_tim_ex.c ****       (+) Configure Complementary channels, break features and dead time.
1728:Drivers/STM32F1xx_HAL_Driver/Src/stm32f1xx_hal_tim_ex.c ****       (+) Configure Master synchronization.
1729:Drivers/STM32F1xx_HAL_Driver/Src/stm32f1xx_hal_tim_ex.c ****       (+) Configure timer remapping capabilities.
1730:Drivers/STM32F1xx_HAL_Driver/Src/stm32f1xx_hal_tim_ex.c **** 
1731:Drivers/STM32F1xx_HAL_Driver/Src/stm32f1xx_hal_tim_ex.c **** @endverbatim
1732:Drivers/STM32F1xx_HAL_Driver/Src/stm32f1xx_hal_tim_ex.c ****   * @{
1733:Drivers/STM32F1xx_HAL_Driver/Src/stm32f1xx_hal_tim_ex.c ****   */
1734:Drivers/STM32F1xx_HAL_Driver/Src/stm32f1xx_hal_tim_ex.c **** 
1735:Drivers/STM32F1xx_HAL_Driver/Src/stm32f1xx_hal_tim_ex.c **** /**
1736:Drivers/STM32F1xx_HAL_Driver/Src/stm32f1xx_hal_tim_ex.c ****   * @brief  Configure the TIM commutation event sequence.
1737:Drivers/STM32F1xx_HAL_Driver/Src/stm32f1xx_hal_tim_ex.c ****   * @note  This function is mandatory to use the commutation event in order to
1738:Drivers/STM32F1xx_HAL_Driver/Src/stm32f1xx_hal_tim_ex.c ****   *        update the configuration at each commutation detection on the TRGI input of the Timer,
1739:Drivers/STM32F1xx_HAL_Driver/Src/stm32f1xx_hal_tim_ex.c ****   *        the typical use of this feature is with the use of another Timer(interface Timer)
1740:Drivers/STM32F1xx_HAL_Driver/Src/stm32f1xx_hal_tim_ex.c ****   *        configured in Hall sensor interface, this interface Timer will generate the
1741:Drivers/STM32F1xx_HAL_Driver/Src/stm32f1xx_hal_tim_ex.c ****   *        commutation at its TRGO output (connected to Timer used in this function) each time
1742:Drivers/STM32F1xx_HAL_Driver/Src/stm32f1xx_hal_tim_ex.c ****   *        the TI1 of the Interface Timer detect a commutation at its input TI1.
1743:Drivers/STM32F1xx_HAL_Driver/Src/stm32f1xx_hal_tim_ex.c ****   * @param  htim TIM handle
1744:Drivers/STM32F1xx_HAL_Driver/Src/stm32f1xx_hal_tim_ex.c ****   * @param  InputTrigger the Internal trigger corresponding to the Timer Interfacing with the Hall 
1745:Drivers/STM32F1xx_HAL_Driver/Src/stm32f1xx_hal_tim_ex.c ****   *          This parameter can be one of the following values:
1746:Drivers/STM32F1xx_HAL_Driver/Src/stm32f1xx_hal_tim_ex.c ****   *            @arg TIM_TS_ITR0: Internal trigger 0 selected
1747:Drivers/STM32F1xx_HAL_Driver/Src/stm32f1xx_hal_tim_ex.c ****   *            @arg TIM_TS_ITR1: Internal trigger 1 selected
1748:Drivers/STM32F1xx_HAL_Driver/Src/stm32f1xx_hal_tim_ex.c ****   *            @arg TIM_TS_ITR2: Internal trigger 2 selected
1749:Drivers/STM32F1xx_HAL_Driver/Src/stm32f1xx_hal_tim_ex.c ****   *            @arg TIM_TS_ITR3: Internal trigger 3 selected
1750:Drivers/STM32F1xx_HAL_Driver/Src/stm32f1xx_hal_tim_ex.c ****   *            @arg TIM_TS_NONE: No trigger is needed
1751:Drivers/STM32F1xx_HAL_Driver/Src/stm32f1xx_hal_tim_ex.c ****   * @param  CommutationSource the Commutation Event source
1752:Drivers/STM32F1xx_HAL_Driver/Src/stm32f1xx_hal_tim_ex.c ****   *          This parameter can be one of the following values:
1753:Drivers/STM32F1xx_HAL_Driver/Src/stm32f1xx_hal_tim_ex.c ****   *            @arg TIM_COMMUTATION_TRGI: Commutation source is the TRGI of the Interface Timer
1754:Drivers/STM32F1xx_HAL_Driver/Src/stm32f1xx_hal_tim_ex.c ****   *            @arg TIM_COMMUTATION_SOFTWARE:  Commutation source is set by software using the COMG
1755:Drivers/STM32F1xx_HAL_Driver/Src/stm32f1xx_hal_tim_ex.c ****   * @retval HAL status
1756:Drivers/STM32F1xx_HAL_Driver/Src/stm32f1xx_hal_tim_ex.c ****   */
1757:Drivers/STM32F1xx_HAL_Driver/Src/stm32f1xx_hal_tim_ex.c **** HAL_StatusTypeDef HAL_TIMEx_ConfigCommutEvent(TIM_HandleTypeDef *htim, uint32_t  InputTrigger,
1758:Drivers/STM32F1xx_HAL_Driver/Src/stm32f1xx_hal_tim_ex.c ****                                               uint32_t  CommutationSource)
1759:Drivers/STM32F1xx_HAL_Driver/Src/stm32f1xx_hal_tim_ex.c **** {
 4879              		.loc 1 1759 1
 4880              		.cfi_startproc
 4881              		@ args = 0, pretend = 0, frame = 16
 4882              		@ frame_needed = 1, uses_anonymous_args = 0
 4883              		@ link register save eliminated.
ARM GAS  /tmp/ccydCXE5.s 			page 119


 4884 0000 80B4     		push	{r7}
 4885              	.LCFI132:
 4886              		.cfi_def_cfa_offset 4
 4887              		.cfi_offset 7, -4
 4888 0002 85B0     		sub	sp, sp, #20
 4889              	.LCFI133:
 4890              		.cfi_def_cfa_offset 24
 4891 0004 00AF     		add	r7, sp, #0
 4892              	.LCFI134:
 4893              		.cfi_def_cfa_register 7
 4894 0006 F860     		str	r0, [r7, #12]
 4895 0008 B960     		str	r1, [r7, #8]
 4896 000a 7A60     		str	r2, [r7, #4]
1760:Drivers/STM32F1xx_HAL_Driver/Src/stm32f1xx_hal_tim_ex.c ****   /* Check the parameters */
1761:Drivers/STM32F1xx_HAL_Driver/Src/stm32f1xx_hal_tim_ex.c ****   assert_param(IS_TIM_COMMUTATION_EVENT_INSTANCE(htim->Instance));
1762:Drivers/STM32F1xx_HAL_Driver/Src/stm32f1xx_hal_tim_ex.c ****   assert_param(IS_TIM_INTERNAL_TRIGGEREVENT_SELECTION(InputTrigger));
1763:Drivers/STM32F1xx_HAL_Driver/Src/stm32f1xx_hal_tim_ex.c **** 
1764:Drivers/STM32F1xx_HAL_Driver/Src/stm32f1xx_hal_tim_ex.c ****   __HAL_LOCK(htim);
 4897              		.loc 1 1764 3
 4898 000c FB68     		ldr	r3, [r7, #12]
 4899 000e 93F83C30 		ldrb	r3, [r3, #60]	@ zero_extendqisi2
 4900 0012 012B     		cmp	r3, #1
 4901 0014 01D1     		bne	.L338
 4902              		.loc 1 1764 3 is_stmt 0 discriminator 1
 4903 0016 0223     		movs	r3, #2
 4904 0018 4CE0     		b	.L339
 4905              	.L338:
 4906              		.loc 1 1764 3 discriminator 2
 4907 001a FB68     		ldr	r3, [r7, #12]
 4908 001c 0122     		movs	r2, #1
 4909 001e 83F83C20 		strb	r2, [r3, #60]
1765:Drivers/STM32F1xx_HAL_Driver/Src/stm32f1xx_hal_tim_ex.c **** 
1766:Drivers/STM32F1xx_HAL_Driver/Src/stm32f1xx_hal_tim_ex.c ****   if ((InputTrigger == TIM_TS_ITR0) || (InputTrigger == TIM_TS_ITR1) ||
 4910              		.loc 1 1766 6 is_stmt 1 discriminator 2
 4911 0022 BB68     		ldr	r3, [r7, #8]
 4912 0024 002B     		cmp	r3, #0
 4913 0026 08D0     		beq	.L340
 4914              		.loc 1 1766 37 discriminator 1
 4915 0028 BB68     		ldr	r3, [r7, #8]
 4916 002a 102B     		cmp	r3, #16
 4917 002c 05D0     		beq	.L340
 4918              		.loc 1 1766 70 discriminator 2
 4919 002e BB68     		ldr	r3, [r7, #8]
 4920 0030 202B     		cmp	r3, #32
 4921 0032 02D0     		beq	.L340
1767:Drivers/STM32F1xx_HAL_Driver/Src/stm32f1xx_hal_tim_ex.c ****       (InputTrigger == TIM_TS_ITR2) || (InputTrigger == TIM_TS_ITR3))
 4922              		.loc 1 1767 37
 4923 0034 BB68     		ldr	r3, [r7, #8]
 4924 0036 302B     		cmp	r3, #48
 4925 0038 0FD1     		bne	.L341
 4926              	.L340:
1768:Drivers/STM32F1xx_HAL_Driver/Src/stm32f1xx_hal_tim_ex.c ****   {
1769:Drivers/STM32F1xx_HAL_Driver/Src/stm32f1xx_hal_tim_ex.c ****     /* Select the Input trigger */
1770:Drivers/STM32F1xx_HAL_Driver/Src/stm32f1xx_hal_tim_ex.c ****     htim->Instance->SMCR &= ~TIM_SMCR_TS;
 4927              		.loc 1 1770 9
 4928 003a FB68     		ldr	r3, [r7, #12]
 4929 003c 1B68     		ldr	r3, [r3]
ARM GAS  /tmp/ccydCXE5.s 			page 120


 4930              		.loc 1 1770 19
 4931 003e 9A68     		ldr	r2, [r3, #8]
 4932              		.loc 1 1770 9
 4933 0040 FB68     		ldr	r3, [r7, #12]
 4934 0042 1B68     		ldr	r3, [r3]
 4935              		.loc 1 1770 26
 4936 0044 22F07002 		bic	r2, r2, #112
 4937 0048 9A60     		str	r2, [r3, #8]
1771:Drivers/STM32F1xx_HAL_Driver/Src/stm32f1xx_hal_tim_ex.c ****     htim->Instance->SMCR |= InputTrigger;
 4938              		.loc 1 1771 9
 4939 004a FB68     		ldr	r3, [r7, #12]
 4940 004c 1B68     		ldr	r3, [r3]
 4941              		.loc 1 1771 19
 4942 004e 9968     		ldr	r1, [r3, #8]
 4943              		.loc 1 1771 9
 4944 0050 FB68     		ldr	r3, [r7, #12]
 4945 0052 1B68     		ldr	r3, [r3]
 4946              		.loc 1 1771 26
 4947 0054 BA68     		ldr	r2, [r7, #8]
 4948 0056 0A43     		orrs	r2, r2, r1
 4949 0058 9A60     		str	r2, [r3, #8]
 4950              	.L341:
1772:Drivers/STM32F1xx_HAL_Driver/Src/stm32f1xx_hal_tim_ex.c ****   }
1773:Drivers/STM32F1xx_HAL_Driver/Src/stm32f1xx_hal_tim_ex.c **** 
1774:Drivers/STM32F1xx_HAL_Driver/Src/stm32f1xx_hal_tim_ex.c ****   /* Select the Capture Compare preload feature */
1775:Drivers/STM32F1xx_HAL_Driver/Src/stm32f1xx_hal_tim_ex.c ****   htim->Instance->CR2 |= TIM_CR2_CCPC;
 4951              		.loc 1 1775 7
 4952 005a FB68     		ldr	r3, [r7, #12]
 4953 005c 1B68     		ldr	r3, [r3]
 4954              		.loc 1 1775 17
 4955 005e 5A68     		ldr	r2, [r3, #4]
 4956              		.loc 1 1775 7
 4957 0060 FB68     		ldr	r3, [r7, #12]
 4958 0062 1B68     		ldr	r3, [r3]
 4959              		.loc 1 1775 23
 4960 0064 42F00102 		orr	r2, r2, #1
 4961 0068 5A60     		str	r2, [r3, #4]
1776:Drivers/STM32F1xx_HAL_Driver/Src/stm32f1xx_hal_tim_ex.c ****   /* Select the Commutation event source */
1777:Drivers/STM32F1xx_HAL_Driver/Src/stm32f1xx_hal_tim_ex.c ****   htim->Instance->CR2 &= ~TIM_CR2_CCUS;
 4962              		.loc 1 1777 7
 4963 006a FB68     		ldr	r3, [r7, #12]
 4964 006c 1B68     		ldr	r3, [r3]
 4965              		.loc 1 1777 17
 4966 006e 5A68     		ldr	r2, [r3, #4]
 4967              		.loc 1 1777 7
 4968 0070 FB68     		ldr	r3, [r7, #12]
 4969 0072 1B68     		ldr	r3, [r3]
 4970              		.loc 1 1777 23
 4971 0074 22F00402 		bic	r2, r2, #4
 4972 0078 5A60     		str	r2, [r3, #4]
1778:Drivers/STM32F1xx_HAL_Driver/Src/stm32f1xx_hal_tim_ex.c ****   htim->Instance->CR2 |= CommutationSource;
 4973              		.loc 1 1778 7
 4974 007a FB68     		ldr	r3, [r7, #12]
 4975 007c 1B68     		ldr	r3, [r3]
 4976              		.loc 1 1778 17
 4977 007e 5968     		ldr	r1, [r3, #4]
 4978              		.loc 1 1778 7
ARM GAS  /tmp/ccydCXE5.s 			page 121


 4979 0080 FB68     		ldr	r3, [r7, #12]
 4980 0082 1B68     		ldr	r3, [r3]
 4981              		.loc 1 1778 23
 4982 0084 7A68     		ldr	r2, [r7, #4]
 4983 0086 0A43     		orrs	r2, r2, r1
 4984 0088 5A60     		str	r2, [r3, #4]
1779:Drivers/STM32F1xx_HAL_Driver/Src/stm32f1xx_hal_tim_ex.c **** 
1780:Drivers/STM32F1xx_HAL_Driver/Src/stm32f1xx_hal_tim_ex.c ****   /* Disable Commutation Interrupt */
1781:Drivers/STM32F1xx_HAL_Driver/Src/stm32f1xx_hal_tim_ex.c ****   __HAL_TIM_DISABLE_IT(htim, TIM_IT_COM);
 4985              		.loc 1 1781 3
 4986 008a FB68     		ldr	r3, [r7, #12]
 4987 008c 1B68     		ldr	r3, [r3]
 4988 008e DA68     		ldr	r2, [r3, #12]
 4989 0090 FB68     		ldr	r3, [r7, #12]
 4990 0092 1B68     		ldr	r3, [r3]
 4991 0094 22F02002 		bic	r2, r2, #32
 4992 0098 DA60     		str	r2, [r3, #12]
1782:Drivers/STM32F1xx_HAL_Driver/Src/stm32f1xx_hal_tim_ex.c **** 
1783:Drivers/STM32F1xx_HAL_Driver/Src/stm32f1xx_hal_tim_ex.c ****   /* Disable Commutation DMA request */
1784:Drivers/STM32F1xx_HAL_Driver/Src/stm32f1xx_hal_tim_ex.c ****   __HAL_TIM_DISABLE_DMA(htim, TIM_DMA_COM);
 4993              		.loc 1 1784 3
 4994 009a FB68     		ldr	r3, [r7, #12]
 4995 009c 1B68     		ldr	r3, [r3]
 4996 009e DA68     		ldr	r2, [r3, #12]
 4997 00a0 FB68     		ldr	r3, [r7, #12]
 4998 00a2 1B68     		ldr	r3, [r3]
 4999 00a4 22F40052 		bic	r2, r2, #8192
 5000 00a8 DA60     		str	r2, [r3, #12]
1785:Drivers/STM32F1xx_HAL_Driver/Src/stm32f1xx_hal_tim_ex.c **** 
1786:Drivers/STM32F1xx_HAL_Driver/Src/stm32f1xx_hal_tim_ex.c ****   __HAL_UNLOCK(htim);
 5001              		.loc 1 1786 3
 5002 00aa FB68     		ldr	r3, [r7, #12]
 5003 00ac 0022     		movs	r2, #0
 5004 00ae 83F83C20 		strb	r2, [r3, #60]
1787:Drivers/STM32F1xx_HAL_Driver/Src/stm32f1xx_hal_tim_ex.c **** 
1788:Drivers/STM32F1xx_HAL_Driver/Src/stm32f1xx_hal_tim_ex.c ****   return HAL_OK;
 5005              		.loc 1 1788 10
 5006 00b2 0023     		movs	r3, #0
 5007              	.L339:
1789:Drivers/STM32F1xx_HAL_Driver/Src/stm32f1xx_hal_tim_ex.c **** }
 5008              		.loc 1 1789 1
 5009 00b4 1846     		mov	r0, r3
 5010 00b6 1437     		adds	r7, r7, #20
 5011              	.LCFI135:
 5012              		.cfi_def_cfa_offset 4
 5013 00b8 BD46     		mov	sp, r7
 5014              	.LCFI136:
 5015              		.cfi_def_cfa_register 13
 5016              		@ sp needed
 5017 00ba 80BC     		pop	{r7}
 5018              	.LCFI137:
 5019              		.cfi_restore 7
 5020              		.cfi_def_cfa_offset 0
 5021 00bc 7047     		bx	lr
 5022              		.cfi_endproc
 5023              	.LFE91:
 5025              		.section	.text.HAL_TIMEx_ConfigCommutEvent_IT,"ax",%progbits
ARM GAS  /tmp/ccydCXE5.s 			page 122


 5026              		.align	1
 5027              		.global	HAL_TIMEx_ConfigCommutEvent_IT
 5028              		.syntax unified
 5029              		.thumb
 5030              		.thumb_func
 5032              	HAL_TIMEx_ConfigCommutEvent_IT:
 5033              	.LFB92:
1790:Drivers/STM32F1xx_HAL_Driver/Src/stm32f1xx_hal_tim_ex.c **** 
1791:Drivers/STM32F1xx_HAL_Driver/Src/stm32f1xx_hal_tim_ex.c **** /**
1792:Drivers/STM32F1xx_HAL_Driver/Src/stm32f1xx_hal_tim_ex.c ****   * @brief  Configure the TIM commutation event sequence with interrupt.
1793:Drivers/STM32F1xx_HAL_Driver/Src/stm32f1xx_hal_tim_ex.c ****   * @note  This function is mandatory to use the commutation event in order to
1794:Drivers/STM32F1xx_HAL_Driver/Src/stm32f1xx_hal_tim_ex.c ****   *        update the configuration at each commutation detection on the TRGI input of the Timer,
1795:Drivers/STM32F1xx_HAL_Driver/Src/stm32f1xx_hal_tim_ex.c ****   *        the typical use of this feature is with the use of another Timer(interface Timer)
1796:Drivers/STM32F1xx_HAL_Driver/Src/stm32f1xx_hal_tim_ex.c ****   *        configured in Hall sensor interface, this interface Timer will generate the
1797:Drivers/STM32F1xx_HAL_Driver/Src/stm32f1xx_hal_tim_ex.c ****   *        commutation at its TRGO output (connected to Timer used in this function) each time
1798:Drivers/STM32F1xx_HAL_Driver/Src/stm32f1xx_hal_tim_ex.c ****   *        the TI1 of the Interface Timer detect a commutation at its input TI1.
1799:Drivers/STM32F1xx_HAL_Driver/Src/stm32f1xx_hal_tim_ex.c ****   * @param  htim TIM handle
1800:Drivers/STM32F1xx_HAL_Driver/Src/stm32f1xx_hal_tim_ex.c ****   * @param  InputTrigger the Internal trigger corresponding to the Timer Interfacing with the Hall 
1801:Drivers/STM32F1xx_HAL_Driver/Src/stm32f1xx_hal_tim_ex.c ****   *          This parameter can be one of the following values:
1802:Drivers/STM32F1xx_HAL_Driver/Src/stm32f1xx_hal_tim_ex.c ****   *            @arg TIM_TS_ITR0: Internal trigger 0 selected
1803:Drivers/STM32F1xx_HAL_Driver/Src/stm32f1xx_hal_tim_ex.c ****   *            @arg TIM_TS_ITR1: Internal trigger 1 selected
1804:Drivers/STM32F1xx_HAL_Driver/Src/stm32f1xx_hal_tim_ex.c ****   *            @arg TIM_TS_ITR2: Internal trigger 2 selected
1805:Drivers/STM32F1xx_HAL_Driver/Src/stm32f1xx_hal_tim_ex.c ****   *            @arg TIM_TS_ITR3: Internal trigger 3 selected
1806:Drivers/STM32F1xx_HAL_Driver/Src/stm32f1xx_hal_tim_ex.c ****   *            @arg TIM_TS_NONE: No trigger is needed
1807:Drivers/STM32F1xx_HAL_Driver/Src/stm32f1xx_hal_tim_ex.c ****   * @param  CommutationSource the Commutation Event source
1808:Drivers/STM32F1xx_HAL_Driver/Src/stm32f1xx_hal_tim_ex.c ****   *          This parameter can be one of the following values:
1809:Drivers/STM32F1xx_HAL_Driver/Src/stm32f1xx_hal_tim_ex.c ****   *            @arg TIM_COMMUTATION_TRGI: Commutation source is the TRGI of the Interface Timer
1810:Drivers/STM32F1xx_HAL_Driver/Src/stm32f1xx_hal_tim_ex.c ****   *            @arg TIM_COMMUTATION_SOFTWARE:  Commutation source is set by software using the COMG
1811:Drivers/STM32F1xx_HAL_Driver/Src/stm32f1xx_hal_tim_ex.c ****   * @retval HAL status
1812:Drivers/STM32F1xx_HAL_Driver/Src/stm32f1xx_hal_tim_ex.c ****   */
1813:Drivers/STM32F1xx_HAL_Driver/Src/stm32f1xx_hal_tim_ex.c **** HAL_StatusTypeDef HAL_TIMEx_ConfigCommutEvent_IT(TIM_HandleTypeDef *htim, uint32_t  InputTrigger,
1814:Drivers/STM32F1xx_HAL_Driver/Src/stm32f1xx_hal_tim_ex.c ****                                                  uint32_t  CommutationSource)
1815:Drivers/STM32F1xx_HAL_Driver/Src/stm32f1xx_hal_tim_ex.c **** {
 5034              		.loc 1 1815 1
 5035              		.cfi_startproc
 5036              		@ args = 0, pretend = 0, frame = 16
 5037              		@ frame_needed = 1, uses_anonymous_args = 0
 5038              		@ link register save eliminated.
 5039 0000 80B4     		push	{r7}
 5040              	.LCFI138:
 5041              		.cfi_def_cfa_offset 4
 5042              		.cfi_offset 7, -4
 5043 0002 85B0     		sub	sp, sp, #20
 5044              	.LCFI139:
 5045              		.cfi_def_cfa_offset 24
 5046 0004 00AF     		add	r7, sp, #0
 5047              	.LCFI140:
 5048              		.cfi_def_cfa_register 7
 5049 0006 F860     		str	r0, [r7, #12]
 5050 0008 B960     		str	r1, [r7, #8]
 5051 000a 7A60     		str	r2, [r7, #4]
1816:Drivers/STM32F1xx_HAL_Driver/Src/stm32f1xx_hal_tim_ex.c ****   /* Check the parameters */
1817:Drivers/STM32F1xx_HAL_Driver/Src/stm32f1xx_hal_tim_ex.c ****   assert_param(IS_TIM_COMMUTATION_EVENT_INSTANCE(htim->Instance));
1818:Drivers/STM32F1xx_HAL_Driver/Src/stm32f1xx_hal_tim_ex.c ****   assert_param(IS_TIM_INTERNAL_TRIGGEREVENT_SELECTION(InputTrigger));
1819:Drivers/STM32F1xx_HAL_Driver/Src/stm32f1xx_hal_tim_ex.c **** 
1820:Drivers/STM32F1xx_HAL_Driver/Src/stm32f1xx_hal_tim_ex.c ****   __HAL_LOCK(htim);
 5052              		.loc 1 1820 3
ARM GAS  /tmp/ccydCXE5.s 			page 123


 5053 000c FB68     		ldr	r3, [r7, #12]
 5054 000e 93F83C30 		ldrb	r3, [r3, #60]	@ zero_extendqisi2
 5055 0012 012B     		cmp	r3, #1
 5056 0014 01D1     		bne	.L343
 5057              		.loc 1 1820 3 is_stmt 0 discriminator 1
 5058 0016 0223     		movs	r3, #2
 5059 0018 4CE0     		b	.L344
 5060              	.L343:
 5061              		.loc 1 1820 3 discriminator 2
 5062 001a FB68     		ldr	r3, [r7, #12]
 5063 001c 0122     		movs	r2, #1
 5064 001e 83F83C20 		strb	r2, [r3, #60]
1821:Drivers/STM32F1xx_HAL_Driver/Src/stm32f1xx_hal_tim_ex.c **** 
1822:Drivers/STM32F1xx_HAL_Driver/Src/stm32f1xx_hal_tim_ex.c ****   if ((InputTrigger == TIM_TS_ITR0) || (InputTrigger == TIM_TS_ITR1) ||
 5065              		.loc 1 1822 6 is_stmt 1 discriminator 2
 5066 0022 BB68     		ldr	r3, [r7, #8]
 5067 0024 002B     		cmp	r3, #0
 5068 0026 08D0     		beq	.L345
 5069              		.loc 1 1822 37 discriminator 1
 5070 0028 BB68     		ldr	r3, [r7, #8]
 5071 002a 102B     		cmp	r3, #16
 5072 002c 05D0     		beq	.L345
 5073              		.loc 1 1822 70 discriminator 2
 5074 002e BB68     		ldr	r3, [r7, #8]
 5075 0030 202B     		cmp	r3, #32
 5076 0032 02D0     		beq	.L345
1823:Drivers/STM32F1xx_HAL_Driver/Src/stm32f1xx_hal_tim_ex.c ****       (InputTrigger == TIM_TS_ITR2) || (InputTrigger == TIM_TS_ITR3))
 5077              		.loc 1 1823 37
 5078 0034 BB68     		ldr	r3, [r7, #8]
 5079 0036 302B     		cmp	r3, #48
 5080 0038 0FD1     		bne	.L346
 5081              	.L345:
1824:Drivers/STM32F1xx_HAL_Driver/Src/stm32f1xx_hal_tim_ex.c ****   {
1825:Drivers/STM32F1xx_HAL_Driver/Src/stm32f1xx_hal_tim_ex.c ****     /* Select the Input trigger */
1826:Drivers/STM32F1xx_HAL_Driver/Src/stm32f1xx_hal_tim_ex.c ****     htim->Instance->SMCR &= ~TIM_SMCR_TS;
 5082              		.loc 1 1826 9
 5083 003a FB68     		ldr	r3, [r7, #12]
 5084 003c 1B68     		ldr	r3, [r3]
 5085              		.loc 1 1826 19
 5086 003e 9A68     		ldr	r2, [r3, #8]
 5087              		.loc 1 1826 9
 5088 0040 FB68     		ldr	r3, [r7, #12]
 5089 0042 1B68     		ldr	r3, [r3]
 5090              		.loc 1 1826 26
 5091 0044 22F07002 		bic	r2, r2, #112
 5092 0048 9A60     		str	r2, [r3, #8]
1827:Drivers/STM32F1xx_HAL_Driver/Src/stm32f1xx_hal_tim_ex.c ****     htim->Instance->SMCR |= InputTrigger;
 5093              		.loc 1 1827 9
 5094 004a FB68     		ldr	r3, [r7, #12]
 5095 004c 1B68     		ldr	r3, [r3]
 5096              		.loc 1 1827 19
 5097 004e 9968     		ldr	r1, [r3, #8]
 5098              		.loc 1 1827 9
 5099 0050 FB68     		ldr	r3, [r7, #12]
 5100 0052 1B68     		ldr	r3, [r3]
 5101              		.loc 1 1827 26
 5102 0054 BA68     		ldr	r2, [r7, #8]
ARM GAS  /tmp/ccydCXE5.s 			page 124


 5103 0056 0A43     		orrs	r2, r2, r1
 5104 0058 9A60     		str	r2, [r3, #8]
 5105              	.L346:
1828:Drivers/STM32F1xx_HAL_Driver/Src/stm32f1xx_hal_tim_ex.c ****   }
1829:Drivers/STM32F1xx_HAL_Driver/Src/stm32f1xx_hal_tim_ex.c **** 
1830:Drivers/STM32F1xx_HAL_Driver/Src/stm32f1xx_hal_tim_ex.c ****   /* Select the Capture Compare preload feature */
1831:Drivers/STM32F1xx_HAL_Driver/Src/stm32f1xx_hal_tim_ex.c ****   htim->Instance->CR2 |= TIM_CR2_CCPC;
 5106              		.loc 1 1831 7
 5107 005a FB68     		ldr	r3, [r7, #12]
 5108 005c 1B68     		ldr	r3, [r3]
 5109              		.loc 1 1831 17
 5110 005e 5A68     		ldr	r2, [r3, #4]
 5111              		.loc 1 1831 7
 5112 0060 FB68     		ldr	r3, [r7, #12]
 5113 0062 1B68     		ldr	r3, [r3]
 5114              		.loc 1 1831 23
 5115 0064 42F00102 		orr	r2, r2, #1
 5116 0068 5A60     		str	r2, [r3, #4]
1832:Drivers/STM32F1xx_HAL_Driver/Src/stm32f1xx_hal_tim_ex.c ****   /* Select the Commutation event source */
1833:Drivers/STM32F1xx_HAL_Driver/Src/stm32f1xx_hal_tim_ex.c ****   htim->Instance->CR2 &= ~TIM_CR2_CCUS;
 5117              		.loc 1 1833 7
 5118 006a FB68     		ldr	r3, [r7, #12]
 5119 006c 1B68     		ldr	r3, [r3]
 5120              		.loc 1 1833 17
 5121 006e 5A68     		ldr	r2, [r3, #4]
 5122              		.loc 1 1833 7
 5123 0070 FB68     		ldr	r3, [r7, #12]
 5124 0072 1B68     		ldr	r3, [r3]
 5125              		.loc 1 1833 23
 5126 0074 22F00402 		bic	r2, r2, #4
 5127 0078 5A60     		str	r2, [r3, #4]
1834:Drivers/STM32F1xx_HAL_Driver/Src/stm32f1xx_hal_tim_ex.c ****   htim->Instance->CR2 |= CommutationSource;
 5128              		.loc 1 1834 7
 5129 007a FB68     		ldr	r3, [r7, #12]
 5130 007c 1B68     		ldr	r3, [r3]
 5131              		.loc 1 1834 17
 5132 007e 5968     		ldr	r1, [r3, #4]
 5133              		.loc 1 1834 7
 5134 0080 FB68     		ldr	r3, [r7, #12]
 5135 0082 1B68     		ldr	r3, [r3]
 5136              		.loc 1 1834 23
 5137 0084 7A68     		ldr	r2, [r7, #4]
 5138 0086 0A43     		orrs	r2, r2, r1
 5139 0088 5A60     		str	r2, [r3, #4]
1835:Drivers/STM32F1xx_HAL_Driver/Src/stm32f1xx_hal_tim_ex.c **** 
1836:Drivers/STM32F1xx_HAL_Driver/Src/stm32f1xx_hal_tim_ex.c ****   /* Disable Commutation DMA request */
1837:Drivers/STM32F1xx_HAL_Driver/Src/stm32f1xx_hal_tim_ex.c ****   __HAL_TIM_DISABLE_DMA(htim, TIM_DMA_COM);
 5140              		.loc 1 1837 3
 5141 008a FB68     		ldr	r3, [r7, #12]
 5142 008c 1B68     		ldr	r3, [r3]
 5143 008e DA68     		ldr	r2, [r3, #12]
 5144 0090 FB68     		ldr	r3, [r7, #12]
 5145 0092 1B68     		ldr	r3, [r3]
 5146 0094 22F40052 		bic	r2, r2, #8192
 5147 0098 DA60     		str	r2, [r3, #12]
1838:Drivers/STM32F1xx_HAL_Driver/Src/stm32f1xx_hal_tim_ex.c **** 
1839:Drivers/STM32F1xx_HAL_Driver/Src/stm32f1xx_hal_tim_ex.c ****   /* Enable the Commutation Interrupt */
ARM GAS  /tmp/ccydCXE5.s 			page 125


1840:Drivers/STM32F1xx_HAL_Driver/Src/stm32f1xx_hal_tim_ex.c ****   __HAL_TIM_ENABLE_IT(htim, TIM_IT_COM);
 5148              		.loc 1 1840 3
 5149 009a FB68     		ldr	r3, [r7, #12]
 5150 009c 1B68     		ldr	r3, [r3]
 5151 009e DA68     		ldr	r2, [r3, #12]
 5152 00a0 FB68     		ldr	r3, [r7, #12]
 5153 00a2 1B68     		ldr	r3, [r3]
 5154 00a4 42F02002 		orr	r2, r2, #32
 5155 00a8 DA60     		str	r2, [r3, #12]
1841:Drivers/STM32F1xx_HAL_Driver/Src/stm32f1xx_hal_tim_ex.c **** 
1842:Drivers/STM32F1xx_HAL_Driver/Src/stm32f1xx_hal_tim_ex.c ****   __HAL_UNLOCK(htim);
 5156              		.loc 1 1842 3
 5157 00aa FB68     		ldr	r3, [r7, #12]
 5158 00ac 0022     		movs	r2, #0
 5159 00ae 83F83C20 		strb	r2, [r3, #60]
1843:Drivers/STM32F1xx_HAL_Driver/Src/stm32f1xx_hal_tim_ex.c **** 
1844:Drivers/STM32F1xx_HAL_Driver/Src/stm32f1xx_hal_tim_ex.c ****   return HAL_OK;
 5160              		.loc 1 1844 10
 5161 00b2 0023     		movs	r3, #0
 5162              	.L344:
1845:Drivers/STM32F1xx_HAL_Driver/Src/stm32f1xx_hal_tim_ex.c **** }
 5163              		.loc 1 1845 1
 5164 00b4 1846     		mov	r0, r3
 5165 00b6 1437     		adds	r7, r7, #20
 5166              	.LCFI141:
 5167              		.cfi_def_cfa_offset 4
 5168 00b8 BD46     		mov	sp, r7
 5169              	.LCFI142:
 5170              		.cfi_def_cfa_register 13
 5171              		@ sp needed
 5172 00ba 80BC     		pop	{r7}
 5173              	.LCFI143:
 5174              		.cfi_restore 7
 5175              		.cfi_def_cfa_offset 0
 5176 00bc 7047     		bx	lr
 5177              		.cfi_endproc
 5178              	.LFE92:
 5180              		.section	.text.HAL_TIMEx_ConfigCommutEvent_DMA,"ax",%progbits
 5181              		.align	1
 5182              		.global	HAL_TIMEx_ConfigCommutEvent_DMA
 5183              		.syntax unified
 5184              		.thumb
 5185              		.thumb_func
 5187              	HAL_TIMEx_ConfigCommutEvent_DMA:
 5188              	.LFB93:
1846:Drivers/STM32F1xx_HAL_Driver/Src/stm32f1xx_hal_tim_ex.c **** 
1847:Drivers/STM32F1xx_HAL_Driver/Src/stm32f1xx_hal_tim_ex.c **** /**
1848:Drivers/STM32F1xx_HAL_Driver/Src/stm32f1xx_hal_tim_ex.c ****   * @brief  Configure the TIM commutation event sequence with DMA.
1849:Drivers/STM32F1xx_HAL_Driver/Src/stm32f1xx_hal_tim_ex.c ****   * @note  This function is mandatory to use the commutation event in order to
1850:Drivers/STM32F1xx_HAL_Driver/Src/stm32f1xx_hal_tim_ex.c ****   *        update the configuration at each commutation detection on the TRGI input of the Timer,
1851:Drivers/STM32F1xx_HAL_Driver/Src/stm32f1xx_hal_tim_ex.c ****   *        the typical use of this feature is with the use of another Timer(interface Timer)
1852:Drivers/STM32F1xx_HAL_Driver/Src/stm32f1xx_hal_tim_ex.c ****   *        configured in Hall sensor interface, this interface Timer will generate the
1853:Drivers/STM32F1xx_HAL_Driver/Src/stm32f1xx_hal_tim_ex.c ****   *        commutation at its TRGO output (connected to Timer used in this function) each time
1854:Drivers/STM32F1xx_HAL_Driver/Src/stm32f1xx_hal_tim_ex.c ****   *        the TI1 of the Interface Timer detect a commutation at its input TI1.
1855:Drivers/STM32F1xx_HAL_Driver/Src/stm32f1xx_hal_tim_ex.c ****   * @note  The user should configure the DMA in his own software, in This function only the COMDE b
1856:Drivers/STM32F1xx_HAL_Driver/Src/stm32f1xx_hal_tim_ex.c ****   * @param  htim TIM handle
1857:Drivers/STM32F1xx_HAL_Driver/Src/stm32f1xx_hal_tim_ex.c ****   * @param  InputTrigger the Internal trigger corresponding to the Timer Interfacing with the Hall 
ARM GAS  /tmp/ccydCXE5.s 			page 126


1858:Drivers/STM32F1xx_HAL_Driver/Src/stm32f1xx_hal_tim_ex.c ****   *          This parameter can be one of the following values:
1859:Drivers/STM32F1xx_HAL_Driver/Src/stm32f1xx_hal_tim_ex.c ****   *            @arg TIM_TS_ITR0: Internal trigger 0 selected
1860:Drivers/STM32F1xx_HAL_Driver/Src/stm32f1xx_hal_tim_ex.c ****   *            @arg TIM_TS_ITR1: Internal trigger 1 selected
1861:Drivers/STM32F1xx_HAL_Driver/Src/stm32f1xx_hal_tim_ex.c ****   *            @arg TIM_TS_ITR2: Internal trigger 2 selected
1862:Drivers/STM32F1xx_HAL_Driver/Src/stm32f1xx_hal_tim_ex.c ****   *            @arg TIM_TS_ITR3: Internal trigger 3 selected
1863:Drivers/STM32F1xx_HAL_Driver/Src/stm32f1xx_hal_tim_ex.c ****   *            @arg TIM_TS_NONE: No trigger is needed
1864:Drivers/STM32F1xx_HAL_Driver/Src/stm32f1xx_hal_tim_ex.c ****   * @param  CommutationSource the Commutation Event source
1865:Drivers/STM32F1xx_HAL_Driver/Src/stm32f1xx_hal_tim_ex.c ****   *          This parameter can be one of the following values:
1866:Drivers/STM32F1xx_HAL_Driver/Src/stm32f1xx_hal_tim_ex.c ****   *            @arg TIM_COMMUTATION_TRGI: Commutation source is the TRGI of the Interface Timer
1867:Drivers/STM32F1xx_HAL_Driver/Src/stm32f1xx_hal_tim_ex.c ****   *            @arg TIM_COMMUTATION_SOFTWARE:  Commutation source is set by software using the COMG
1868:Drivers/STM32F1xx_HAL_Driver/Src/stm32f1xx_hal_tim_ex.c ****   * @retval HAL status
1869:Drivers/STM32F1xx_HAL_Driver/Src/stm32f1xx_hal_tim_ex.c ****   */
1870:Drivers/STM32F1xx_HAL_Driver/Src/stm32f1xx_hal_tim_ex.c **** HAL_StatusTypeDef HAL_TIMEx_ConfigCommutEvent_DMA(TIM_HandleTypeDef *htim, uint32_t  InputTrigger,
1871:Drivers/STM32F1xx_HAL_Driver/Src/stm32f1xx_hal_tim_ex.c ****                                                   uint32_t  CommutationSource)
1872:Drivers/STM32F1xx_HAL_Driver/Src/stm32f1xx_hal_tim_ex.c **** {
 5189              		.loc 1 1872 1
 5190              		.cfi_startproc
 5191              		@ args = 0, pretend = 0, frame = 16
 5192              		@ frame_needed = 1, uses_anonymous_args = 0
 5193              		@ link register save eliminated.
 5194 0000 80B4     		push	{r7}
 5195              	.LCFI144:
 5196              		.cfi_def_cfa_offset 4
 5197              		.cfi_offset 7, -4
 5198 0002 85B0     		sub	sp, sp, #20
 5199              	.LCFI145:
 5200              		.cfi_def_cfa_offset 24
 5201 0004 00AF     		add	r7, sp, #0
 5202              	.LCFI146:
 5203              		.cfi_def_cfa_register 7
 5204 0006 F860     		str	r0, [r7, #12]
 5205 0008 B960     		str	r1, [r7, #8]
 5206 000a 7A60     		str	r2, [r7, #4]
1873:Drivers/STM32F1xx_HAL_Driver/Src/stm32f1xx_hal_tim_ex.c ****   /* Check the parameters */
1874:Drivers/STM32F1xx_HAL_Driver/Src/stm32f1xx_hal_tim_ex.c ****   assert_param(IS_TIM_COMMUTATION_EVENT_INSTANCE(htim->Instance));
1875:Drivers/STM32F1xx_HAL_Driver/Src/stm32f1xx_hal_tim_ex.c ****   assert_param(IS_TIM_INTERNAL_TRIGGEREVENT_SELECTION(InputTrigger));
1876:Drivers/STM32F1xx_HAL_Driver/Src/stm32f1xx_hal_tim_ex.c **** 
1877:Drivers/STM32F1xx_HAL_Driver/Src/stm32f1xx_hal_tim_ex.c ****   __HAL_LOCK(htim);
 5207              		.loc 1 1877 3
 5208 000c FB68     		ldr	r3, [r7, #12]
 5209 000e 93F83C30 		ldrb	r3, [r3, #60]	@ zero_extendqisi2
 5210 0012 012B     		cmp	r3, #1
 5211 0014 01D1     		bne	.L348
 5212              		.loc 1 1877 3 is_stmt 0 discriminator 1
 5213 0016 0223     		movs	r3, #2
 5214 0018 58E0     		b	.L349
 5215              	.L348:
 5216              		.loc 1 1877 3 discriminator 2
 5217 001a FB68     		ldr	r3, [r7, #12]
 5218 001c 0122     		movs	r2, #1
 5219 001e 83F83C20 		strb	r2, [r3, #60]
1878:Drivers/STM32F1xx_HAL_Driver/Src/stm32f1xx_hal_tim_ex.c **** 
1879:Drivers/STM32F1xx_HAL_Driver/Src/stm32f1xx_hal_tim_ex.c ****   if ((InputTrigger == TIM_TS_ITR0) || (InputTrigger == TIM_TS_ITR1) ||
 5220              		.loc 1 1879 6 is_stmt 1 discriminator 2
 5221 0022 BB68     		ldr	r3, [r7, #8]
 5222 0024 002B     		cmp	r3, #0
 5223 0026 08D0     		beq	.L350
ARM GAS  /tmp/ccydCXE5.s 			page 127


 5224              		.loc 1 1879 37 discriminator 1
 5225 0028 BB68     		ldr	r3, [r7, #8]
 5226 002a 102B     		cmp	r3, #16
 5227 002c 05D0     		beq	.L350
 5228              		.loc 1 1879 70 discriminator 2
 5229 002e BB68     		ldr	r3, [r7, #8]
 5230 0030 202B     		cmp	r3, #32
 5231 0032 02D0     		beq	.L350
1880:Drivers/STM32F1xx_HAL_Driver/Src/stm32f1xx_hal_tim_ex.c ****       (InputTrigger == TIM_TS_ITR2) || (InputTrigger == TIM_TS_ITR3))
 5232              		.loc 1 1880 37
 5233 0034 BB68     		ldr	r3, [r7, #8]
 5234 0036 302B     		cmp	r3, #48
 5235 0038 0FD1     		bne	.L351
 5236              	.L350:
1881:Drivers/STM32F1xx_HAL_Driver/Src/stm32f1xx_hal_tim_ex.c ****   {
1882:Drivers/STM32F1xx_HAL_Driver/Src/stm32f1xx_hal_tim_ex.c ****     /* Select the Input trigger */
1883:Drivers/STM32F1xx_HAL_Driver/Src/stm32f1xx_hal_tim_ex.c ****     htim->Instance->SMCR &= ~TIM_SMCR_TS;
 5237              		.loc 1 1883 9
 5238 003a FB68     		ldr	r3, [r7, #12]
 5239 003c 1B68     		ldr	r3, [r3]
 5240              		.loc 1 1883 19
 5241 003e 9A68     		ldr	r2, [r3, #8]
 5242              		.loc 1 1883 9
 5243 0040 FB68     		ldr	r3, [r7, #12]
 5244 0042 1B68     		ldr	r3, [r3]
 5245              		.loc 1 1883 26
 5246 0044 22F07002 		bic	r2, r2, #112
 5247 0048 9A60     		str	r2, [r3, #8]
1884:Drivers/STM32F1xx_HAL_Driver/Src/stm32f1xx_hal_tim_ex.c ****     htim->Instance->SMCR |= InputTrigger;
 5248              		.loc 1 1884 9
 5249 004a FB68     		ldr	r3, [r7, #12]
 5250 004c 1B68     		ldr	r3, [r3]
 5251              		.loc 1 1884 19
 5252 004e 9968     		ldr	r1, [r3, #8]
 5253              		.loc 1 1884 9
 5254 0050 FB68     		ldr	r3, [r7, #12]
 5255 0052 1B68     		ldr	r3, [r3]
 5256              		.loc 1 1884 26
 5257 0054 BA68     		ldr	r2, [r7, #8]
 5258 0056 0A43     		orrs	r2, r2, r1
 5259 0058 9A60     		str	r2, [r3, #8]
 5260              	.L351:
1885:Drivers/STM32F1xx_HAL_Driver/Src/stm32f1xx_hal_tim_ex.c ****   }
1886:Drivers/STM32F1xx_HAL_Driver/Src/stm32f1xx_hal_tim_ex.c **** 
1887:Drivers/STM32F1xx_HAL_Driver/Src/stm32f1xx_hal_tim_ex.c ****   /* Select the Capture Compare preload feature */
1888:Drivers/STM32F1xx_HAL_Driver/Src/stm32f1xx_hal_tim_ex.c ****   htim->Instance->CR2 |= TIM_CR2_CCPC;
 5261              		.loc 1 1888 7
 5262 005a FB68     		ldr	r3, [r7, #12]
 5263 005c 1B68     		ldr	r3, [r3]
 5264              		.loc 1 1888 17
 5265 005e 5A68     		ldr	r2, [r3, #4]
 5266              		.loc 1 1888 7
 5267 0060 FB68     		ldr	r3, [r7, #12]
 5268 0062 1B68     		ldr	r3, [r3]
 5269              		.loc 1 1888 23
 5270 0064 42F00102 		orr	r2, r2, #1
 5271 0068 5A60     		str	r2, [r3, #4]
ARM GAS  /tmp/ccydCXE5.s 			page 128


1889:Drivers/STM32F1xx_HAL_Driver/Src/stm32f1xx_hal_tim_ex.c ****   /* Select the Commutation event source */
1890:Drivers/STM32F1xx_HAL_Driver/Src/stm32f1xx_hal_tim_ex.c ****   htim->Instance->CR2 &= ~TIM_CR2_CCUS;
 5272              		.loc 1 1890 7
 5273 006a FB68     		ldr	r3, [r7, #12]
 5274 006c 1B68     		ldr	r3, [r3]
 5275              		.loc 1 1890 17
 5276 006e 5A68     		ldr	r2, [r3, #4]
 5277              		.loc 1 1890 7
 5278 0070 FB68     		ldr	r3, [r7, #12]
 5279 0072 1B68     		ldr	r3, [r3]
 5280              		.loc 1 1890 23
 5281 0074 22F00402 		bic	r2, r2, #4
 5282 0078 5A60     		str	r2, [r3, #4]
1891:Drivers/STM32F1xx_HAL_Driver/Src/stm32f1xx_hal_tim_ex.c ****   htim->Instance->CR2 |= CommutationSource;
 5283              		.loc 1 1891 7
 5284 007a FB68     		ldr	r3, [r7, #12]
 5285 007c 1B68     		ldr	r3, [r3]
 5286              		.loc 1 1891 17
 5287 007e 5968     		ldr	r1, [r3, #4]
 5288              		.loc 1 1891 7
 5289 0080 FB68     		ldr	r3, [r7, #12]
 5290 0082 1B68     		ldr	r3, [r3]
 5291              		.loc 1 1891 23
 5292 0084 7A68     		ldr	r2, [r7, #4]
 5293 0086 0A43     		orrs	r2, r2, r1
 5294 0088 5A60     		str	r2, [r3, #4]
1892:Drivers/STM32F1xx_HAL_Driver/Src/stm32f1xx_hal_tim_ex.c **** 
1893:Drivers/STM32F1xx_HAL_Driver/Src/stm32f1xx_hal_tim_ex.c ****   /* Enable the Commutation DMA Request */
1894:Drivers/STM32F1xx_HAL_Driver/Src/stm32f1xx_hal_tim_ex.c ****   /* Set the DMA Commutation Callback */
1895:Drivers/STM32F1xx_HAL_Driver/Src/stm32f1xx_hal_tim_ex.c ****   htim->hdma[TIM_DMA_ID_COMMUTATION]->XferCpltCallback = TIMEx_DMACommutationCplt;
 5295              		.loc 1 1895 13
 5296 008a FB68     		ldr	r3, [r7, #12]
 5297 008c 5B6B     		ldr	r3, [r3, #52]
 5298              		.loc 1 1895 56
 5299 008e 124A     		ldr	r2, .L352
 5300 0090 9A62     		str	r2, [r3, #40]
1896:Drivers/STM32F1xx_HAL_Driver/Src/stm32f1xx_hal_tim_ex.c ****   htim->hdma[TIM_DMA_ID_COMMUTATION]->XferHalfCpltCallback = TIMEx_DMACommutationHalfCplt;
 5301              		.loc 1 1896 13
 5302 0092 FB68     		ldr	r3, [r7, #12]
 5303 0094 5B6B     		ldr	r3, [r3, #52]
 5304              		.loc 1 1896 60
 5305 0096 114A     		ldr	r2, .L352+4
 5306 0098 DA62     		str	r2, [r3, #44]
1897:Drivers/STM32F1xx_HAL_Driver/Src/stm32f1xx_hal_tim_ex.c ****   /* Set the DMA error callback */
1898:Drivers/STM32F1xx_HAL_Driver/Src/stm32f1xx_hal_tim_ex.c ****   htim->hdma[TIM_DMA_ID_COMMUTATION]->XferErrorCallback = TIM_DMAError;
 5307              		.loc 1 1898 13
 5308 009a FB68     		ldr	r3, [r7, #12]
 5309 009c 5B6B     		ldr	r3, [r3, #52]
 5310              		.loc 1 1898 57
 5311 009e 104A     		ldr	r2, .L352+8
 5312 00a0 1A63     		str	r2, [r3, #48]
1899:Drivers/STM32F1xx_HAL_Driver/Src/stm32f1xx_hal_tim_ex.c **** 
1900:Drivers/STM32F1xx_HAL_Driver/Src/stm32f1xx_hal_tim_ex.c ****   /* Disable Commutation Interrupt */
1901:Drivers/STM32F1xx_HAL_Driver/Src/stm32f1xx_hal_tim_ex.c ****   __HAL_TIM_DISABLE_IT(htim, TIM_IT_COM);
 5313              		.loc 1 1901 3
 5314 00a2 FB68     		ldr	r3, [r7, #12]
 5315 00a4 1B68     		ldr	r3, [r3]
ARM GAS  /tmp/ccydCXE5.s 			page 129


 5316 00a6 DA68     		ldr	r2, [r3, #12]
 5317 00a8 FB68     		ldr	r3, [r7, #12]
 5318 00aa 1B68     		ldr	r3, [r3]
 5319 00ac 22F02002 		bic	r2, r2, #32
 5320 00b0 DA60     		str	r2, [r3, #12]
1902:Drivers/STM32F1xx_HAL_Driver/Src/stm32f1xx_hal_tim_ex.c **** 
1903:Drivers/STM32F1xx_HAL_Driver/Src/stm32f1xx_hal_tim_ex.c ****   /* Enable the Commutation DMA Request */
1904:Drivers/STM32F1xx_HAL_Driver/Src/stm32f1xx_hal_tim_ex.c ****   __HAL_TIM_ENABLE_DMA(htim, TIM_DMA_COM);
 5321              		.loc 1 1904 3
 5322 00b2 FB68     		ldr	r3, [r7, #12]
 5323 00b4 1B68     		ldr	r3, [r3]
 5324 00b6 DA68     		ldr	r2, [r3, #12]
 5325 00b8 FB68     		ldr	r3, [r7, #12]
 5326 00ba 1B68     		ldr	r3, [r3]
 5327 00bc 42F40052 		orr	r2, r2, #8192
 5328 00c0 DA60     		str	r2, [r3, #12]
1905:Drivers/STM32F1xx_HAL_Driver/Src/stm32f1xx_hal_tim_ex.c **** 
1906:Drivers/STM32F1xx_HAL_Driver/Src/stm32f1xx_hal_tim_ex.c ****   __HAL_UNLOCK(htim);
 5329              		.loc 1 1906 3
 5330 00c2 FB68     		ldr	r3, [r7, #12]
 5331 00c4 0022     		movs	r2, #0
 5332 00c6 83F83C20 		strb	r2, [r3, #60]
1907:Drivers/STM32F1xx_HAL_Driver/Src/stm32f1xx_hal_tim_ex.c **** 
1908:Drivers/STM32F1xx_HAL_Driver/Src/stm32f1xx_hal_tim_ex.c ****   return HAL_OK;
 5333              		.loc 1 1908 10
 5334 00ca 0023     		movs	r3, #0
 5335              	.L349:
1909:Drivers/STM32F1xx_HAL_Driver/Src/stm32f1xx_hal_tim_ex.c **** }
 5336              		.loc 1 1909 1
 5337 00cc 1846     		mov	r0, r3
 5338 00ce 1437     		adds	r7, r7, #20
 5339              	.LCFI147:
 5340              		.cfi_def_cfa_offset 4
 5341 00d0 BD46     		mov	sp, r7
 5342              	.LCFI148:
 5343              		.cfi_def_cfa_register 13
 5344              		@ sp needed
 5345 00d2 80BC     		pop	{r7}
 5346              	.LCFI149:
 5347              		.cfi_restore 7
 5348              		.cfi_def_cfa_offset 0
 5349 00d4 7047     		bx	lr
 5350              	.L353:
 5351 00d6 00BF     		.align	2
 5352              	.L352:
 5353 00d8 00000000 		.word	TIMEx_DMACommutationCplt
 5354 00dc 00000000 		.word	TIMEx_DMACommutationHalfCplt
 5355 00e0 00000000 		.word	TIM_DMAError
 5356              		.cfi_endproc
 5357              	.LFE93:
 5359              		.section	.text.HAL_TIMEx_MasterConfigSynchronization,"ax",%progbits
 5360              		.align	1
 5361              		.global	HAL_TIMEx_MasterConfigSynchronization
 5362              		.syntax unified
 5363              		.thumb
 5364              		.thumb_func
 5366              	HAL_TIMEx_MasterConfigSynchronization:
ARM GAS  /tmp/ccydCXE5.s 			page 130


 5367              	.LFB94:
1910:Drivers/STM32F1xx_HAL_Driver/Src/stm32f1xx_hal_tim_ex.c **** 
1911:Drivers/STM32F1xx_HAL_Driver/Src/stm32f1xx_hal_tim_ex.c **** /**
1912:Drivers/STM32F1xx_HAL_Driver/Src/stm32f1xx_hal_tim_ex.c ****   * @brief  Configures the TIM in master mode.
1913:Drivers/STM32F1xx_HAL_Driver/Src/stm32f1xx_hal_tim_ex.c ****   * @param  htim TIM handle.
1914:Drivers/STM32F1xx_HAL_Driver/Src/stm32f1xx_hal_tim_ex.c ****   * @param  sMasterConfig pointer to a TIM_MasterConfigTypeDef structure that
1915:Drivers/STM32F1xx_HAL_Driver/Src/stm32f1xx_hal_tim_ex.c ****   *         contains the selected trigger output (TRGO) and the Master/Slave
1916:Drivers/STM32F1xx_HAL_Driver/Src/stm32f1xx_hal_tim_ex.c ****   *         mode.
1917:Drivers/STM32F1xx_HAL_Driver/Src/stm32f1xx_hal_tim_ex.c ****   * @retval HAL status
1918:Drivers/STM32F1xx_HAL_Driver/Src/stm32f1xx_hal_tim_ex.c ****   */
1919:Drivers/STM32F1xx_HAL_Driver/Src/stm32f1xx_hal_tim_ex.c **** HAL_StatusTypeDef HAL_TIMEx_MasterConfigSynchronization(TIM_HandleTypeDef *htim,
1920:Drivers/STM32F1xx_HAL_Driver/Src/stm32f1xx_hal_tim_ex.c ****                                                         TIM_MasterConfigTypeDef *sMasterConfig)
1921:Drivers/STM32F1xx_HAL_Driver/Src/stm32f1xx_hal_tim_ex.c **** {
 5368              		.loc 1 1921 1
 5369              		.cfi_startproc
 5370              		@ args = 0, pretend = 0, frame = 16
 5371              		@ frame_needed = 1, uses_anonymous_args = 0
 5372              		@ link register save eliminated.
 5373 0000 80B4     		push	{r7}
 5374              	.LCFI150:
 5375              		.cfi_def_cfa_offset 4
 5376              		.cfi_offset 7, -4
 5377 0002 85B0     		sub	sp, sp, #20
 5378              	.LCFI151:
 5379              		.cfi_def_cfa_offset 24
 5380 0004 00AF     		add	r7, sp, #0
 5381              	.LCFI152:
 5382              		.cfi_def_cfa_register 7
 5383 0006 7860     		str	r0, [r7, #4]
 5384 0008 3960     		str	r1, [r7]
1922:Drivers/STM32F1xx_HAL_Driver/Src/stm32f1xx_hal_tim_ex.c ****   uint32_t tmpcr2;
1923:Drivers/STM32F1xx_HAL_Driver/Src/stm32f1xx_hal_tim_ex.c ****   uint32_t tmpsmcr;
1924:Drivers/STM32F1xx_HAL_Driver/Src/stm32f1xx_hal_tim_ex.c **** 
1925:Drivers/STM32F1xx_HAL_Driver/Src/stm32f1xx_hal_tim_ex.c ****   /* Check the parameters */
1926:Drivers/STM32F1xx_HAL_Driver/Src/stm32f1xx_hal_tim_ex.c ****   assert_param(IS_TIM_MASTER_INSTANCE(htim->Instance));
1927:Drivers/STM32F1xx_HAL_Driver/Src/stm32f1xx_hal_tim_ex.c ****   assert_param(IS_TIM_TRGO_SOURCE(sMasterConfig->MasterOutputTrigger));
1928:Drivers/STM32F1xx_HAL_Driver/Src/stm32f1xx_hal_tim_ex.c ****   assert_param(IS_TIM_MSM_STATE(sMasterConfig->MasterSlaveMode));
1929:Drivers/STM32F1xx_HAL_Driver/Src/stm32f1xx_hal_tim_ex.c **** 
1930:Drivers/STM32F1xx_HAL_Driver/Src/stm32f1xx_hal_tim_ex.c ****   /* Check input state */
1931:Drivers/STM32F1xx_HAL_Driver/Src/stm32f1xx_hal_tim_ex.c ****   __HAL_LOCK(htim);
 5385              		.loc 1 1931 3
 5386 000a 7B68     		ldr	r3, [r7, #4]
 5387 000c 93F83C30 		ldrb	r3, [r3, #60]	@ zero_extendqisi2
 5388 0010 012B     		cmp	r3, #1
 5389 0012 01D1     		bne	.L355
 5390              		.loc 1 1931 3 is_stmt 0 discriminator 1
 5391 0014 0223     		movs	r3, #2
 5392 0016 46E0     		b	.L356
 5393              	.L355:
 5394              		.loc 1 1931 3 discriminator 2
 5395 0018 7B68     		ldr	r3, [r7, #4]
 5396 001a 0122     		movs	r2, #1
 5397 001c 83F83C20 		strb	r2, [r3, #60]
1932:Drivers/STM32F1xx_HAL_Driver/Src/stm32f1xx_hal_tim_ex.c **** 
1933:Drivers/STM32F1xx_HAL_Driver/Src/stm32f1xx_hal_tim_ex.c ****   /* Change the handler state */
1934:Drivers/STM32F1xx_HAL_Driver/Src/stm32f1xx_hal_tim_ex.c ****   htim->State = HAL_TIM_STATE_BUSY;
 5398              		.loc 1 1934 15 is_stmt 1 discriminator 2
ARM GAS  /tmp/ccydCXE5.s 			page 131


 5399 0020 7B68     		ldr	r3, [r7, #4]
 5400 0022 0222     		movs	r2, #2
 5401 0024 83F83D20 		strb	r2, [r3, #61]
1935:Drivers/STM32F1xx_HAL_Driver/Src/stm32f1xx_hal_tim_ex.c **** 
1936:Drivers/STM32F1xx_HAL_Driver/Src/stm32f1xx_hal_tim_ex.c ****   /* Get the TIMx CR2 register value */
1937:Drivers/STM32F1xx_HAL_Driver/Src/stm32f1xx_hal_tim_ex.c ****   tmpcr2 = htim->Instance->CR2;
 5402              		.loc 1 1937 16 discriminator 2
 5403 0028 7B68     		ldr	r3, [r7, #4]
 5404 002a 1B68     		ldr	r3, [r3]
 5405              		.loc 1 1937 10 discriminator 2
 5406 002c 5B68     		ldr	r3, [r3, #4]
 5407 002e FB60     		str	r3, [r7, #12]
1938:Drivers/STM32F1xx_HAL_Driver/Src/stm32f1xx_hal_tim_ex.c **** 
1939:Drivers/STM32F1xx_HAL_Driver/Src/stm32f1xx_hal_tim_ex.c ****   /* Get the TIMx SMCR register value */
1940:Drivers/STM32F1xx_HAL_Driver/Src/stm32f1xx_hal_tim_ex.c ****   tmpsmcr = htim->Instance->SMCR;
 5408              		.loc 1 1940 17 discriminator 2
 5409 0030 7B68     		ldr	r3, [r7, #4]
 5410 0032 1B68     		ldr	r3, [r3]
 5411              		.loc 1 1940 11 discriminator 2
 5412 0034 9B68     		ldr	r3, [r3, #8]
 5413 0036 BB60     		str	r3, [r7, #8]
1941:Drivers/STM32F1xx_HAL_Driver/Src/stm32f1xx_hal_tim_ex.c **** 
1942:Drivers/STM32F1xx_HAL_Driver/Src/stm32f1xx_hal_tim_ex.c ****   /* Reset the MMS Bits */
1943:Drivers/STM32F1xx_HAL_Driver/Src/stm32f1xx_hal_tim_ex.c ****   tmpcr2 &= ~TIM_CR2_MMS;
 5414              		.loc 1 1943 10 discriminator 2
 5415 0038 FB68     		ldr	r3, [r7, #12]
 5416 003a 23F07003 		bic	r3, r3, #112
 5417 003e FB60     		str	r3, [r7, #12]
1944:Drivers/STM32F1xx_HAL_Driver/Src/stm32f1xx_hal_tim_ex.c ****   /* Select the TRGO source */
1945:Drivers/STM32F1xx_HAL_Driver/Src/stm32f1xx_hal_tim_ex.c ****   tmpcr2 |=  sMasterConfig->MasterOutputTrigger;
 5418              		.loc 1 1945 27 discriminator 2
 5419 0040 3B68     		ldr	r3, [r7]
 5420 0042 1B68     		ldr	r3, [r3]
 5421              		.loc 1 1945 10 discriminator 2
 5422 0044 FA68     		ldr	r2, [r7, #12]
 5423 0046 1343     		orrs	r3, r3, r2
 5424 0048 FB60     		str	r3, [r7, #12]
1946:Drivers/STM32F1xx_HAL_Driver/Src/stm32f1xx_hal_tim_ex.c **** 
1947:Drivers/STM32F1xx_HAL_Driver/Src/stm32f1xx_hal_tim_ex.c ****   /* Update TIMx CR2 */
1948:Drivers/STM32F1xx_HAL_Driver/Src/stm32f1xx_hal_tim_ex.c ****   htim->Instance->CR2 = tmpcr2;
 5425              		.loc 1 1948 7 discriminator 2
 5426 004a 7B68     		ldr	r3, [r7, #4]
 5427 004c 1B68     		ldr	r3, [r3]
 5428              		.loc 1 1948 23 discriminator 2
 5429 004e FA68     		ldr	r2, [r7, #12]
 5430 0050 5A60     		str	r2, [r3, #4]
1949:Drivers/STM32F1xx_HAL_Driver/Src/stm32f1xx_hal_tim_ex.c **** 
1950:Drivers/STM32F1xx_HAL_Driver/Src/stm32f1xx_hal_tim_ex.c ****   if (IS_TIM_SLAVE_INSTANCE(htim->Instance))
 5431              		.loc 1 1950 7 discriminator 2
 5432 0052 7B68     		ldr	r3, [r7, #4]
 5433 0054 1B68     		ldr	r3, [r3]
 5434              		.loc 1 1950 6 discriminator 2
 5435 0056 164A     		ldr	r2, .L359
 5436 0058 9342     		cmp	r3, r2
 5437 005a 0ED0     		beq	.L357
 5438              		.loc 1 1950 7 discriminator 1
 5439 005c 7B68     		ldr	r3, [r7, #4]
ARM GAS  /tmp/ccydCXE5.s 			page 132


 5440 005e 1B68     		ldr	r3, [r3]
 5441 0060 B3F1804F 		cmp	r3, #1073741824
 5442 0064 09D0     		beq	.L357
 5443              		.loc 1 1950 7 is_stmt 0 discriminator 2
 5444 0066 7B68     		ldr	r3, [r7, #4]
 5445 0068 1B68     		ldr	r3, [r3]
 5446 006a 124A     		ldr	r2, .L359+4
 5447 006c 9342     		cmp	r3, r2
 5448 006e 04D0     		beq	.L357
 5449              		.loc 1 1950 7 discriminator 3
 5450 0070 7B68     		ldr	r3, [r7, #4]
 5451 0072 1B68     		ldr	r3, [r3]
 5452 0074 104A     		ldr	r2, .L359+8
 5453 0076 9342     		cmp	r3, r2
 5454 0078 0CD1     		bne	.L358
 5455              	.L357:
1951:Drivers/STM32F1xx_HAL_Driver/Src/stm32f1xx_hal_tim_ex.c ****   {
1952:Drivers/STM32F1xx_HAL_Driver/Src/stm32f1xx_hal_tim_ex.c ****     /* Reset the MSM Bit */
1953:Drivers/STM32F1xx_HAL_Driver/Src/stm32f1xx_hal_tim_ex.c ****     tmpsmcr &= ~TIM_SMCR_MSM;
 5456              		.loc 1 1953 13 is_stmt 1
 5457 007a BB68     		ldr	r3, [r7, #8]
 5458 007c 23F08003 		bic	r3, r3, #128
 5459 0080 BB60     		str	r3, [r7, #8]
1954:Drivers/STM32F1xx_HAL_Driver/Src/stm32f1xx_hal_tim_ex.c ****     /* Set master mode */
1955:Drivers/STM32F1xx_HAL_Driver/Src/stm32f1xx_hal_tim_ex.c ****     tmpsmcr |= sMasterConfig->MasterSlaveMode;
 5460              		.loc 1 1955 29
 5461 0082 3B68     		ldr	r3, [r7]
 5462 0084 5B68     		ldr	r3, [r3, #4]
 5463              		.loc 1 1955 13
 5464 0086 BA68     		ldr	r2, [r7, #8]
 5465 0088 1343     		orrs	r3, r3, r2
 5466 008a BB60     		str	r3, [r7, #8]
1956:Drivers/STM32F1xx_HAL_Driver/Src/stm32f1xx_hal_tim_ex.c **** 
1957:Drivers/STM32F1xx_HAL_Driver/Src/stm32f1xx_hal_tim_ex.c ****     /* Update TIMx SMCR */
1958:Drivers/STM32F1xx_HAL_Driver/Src/stm32f1xx_hal_tim_ex.c ****     htim->Instance->SMCR = tmpsmcr;
 5467              		.loc 1 1958 9
 5468 008c 7B68     		ldr	r3, [r7, #4]
 5469 008e 1B68     		ldr	r3, [r3]
 5470              		.loc 1 1958 26
 5471 0090 BA68     		ldr	r2, [r7, #8]
 5472 0092 9A60     		str	r2, [r3, #8]
 5473              	.L358:
1959:Drivers/STM32F1xx_HAL_Driver/Src/stm32f1xx_hal_tim_ex.c ****   }
1960:Drivers/STM32F1xx_HAL_Driver/Src/stm32f1xx_hal_tim_ex.c **** 
1961:Drivers/STM32F1xx_HAL_Driver/Src/stm32f1xx_hal_tim_ex.c ****   /* Change the htim state */
1962:Drivers/STM32F1xx_HAL_Driver/Src/stm32f1xx_hal_tim_ex.c ****   htim->State = HAL_TIM_STATE_READY;
 5474              		.loc 1 1962 15
 5475 0094 7B68     		ldr	r3, [r7, #4]
 5476 0096 0122     		movs	r2, #1
 5477 0098 83F83D20 		strb	r2, [r3, #61]
1963:Drivers/STM32F1xx_HAL_Driver/Src/stm32f1xx_hal_tim_ex.c **** 
1964:Drivers/STM32F1xx_HAL_Driver/Src/stm32f1xx_hal_tim_ex.c ****   __HAL_UNLOCK(htim);
 5478              		.loc 1 1964 3
 5479 009c 7B68     		ldr	r3, [r7, #4]
 5480 009e 0022     		movs	r2, #0
 5481 00a0 83F83C20 		strb	r2, [r3, #60]
1965:Drivers/STM32F1xx_HAL_Driver/Src/stm32f1xx_hal_tim_ex.c **** 
ARM GAS  /tmp/ccydCXE5.s 			page 133


1966:Drivers/STM32F1xx_HAL_Driver/Src/stm32f1xx_hal_tim_ex.c ****   return HAL_OK;
 5482              		.loc 1 1966 10
 5483 00a4 0023     		movs	r3, #0
 5484              	.L356:
1967:Drivers/STM32F1xx_HAL_Driver/Src/stm32f1xx_hal_tim_ex.c **** }
 5485              		.loc 1 1967 1
 5486 00a6 1846     		mov	r0, r3
 5487 00a8 1437     		adds	r7, r7, #20
 5488              	.LCFI153:
 5489              		.cfi_def_cfa_offset 4
 5490 00aa BD46     		mov	sp, r7
 5491              	.LCFI154:
 5492              		.cfi_def_cfa_register 13
 5493              		@ sp needed
 5494 00ac 80BC     		pop	{r7}
 5495              	.LCFI155:
 5496              		.cfi_restore 7
 5497              		.cfi_def_cfa_offset 0
 5498 00ae 7047     		bx	lr
 5499              	.L360:
 5500              		.align	2
 5501              	.L359:
 5502 00b0 002C0140 		.word	1073818624
 5503 00b4 00040040 		.word	1073742848
 5504 00b8 00080040 		.word	1073743872
 5505              		.cfi_endproc
 5506              	.LFE94:
 5508              		.section	.text.HAL_TIMEx_ConfigBreakDeadTime,"ax",%progbits
 5509              		.align	1
 5510              		.global	HAL_TIMEx_ConfigBreakDeadTime
 5511              		.syntax unified
 5512              		.thumb
 5513              		.thumb_func
 5515              	HAL_TIMEx_ConfigBreakDeadTime:
 5516              	.LFB95:
1968:Drivers/STM32F1xx_HAL_Driver/Src/stm32f1xx_hal_tim_ex.c **** 
1969:Drivers/STM32F1xx_HAL_Driver/Src/stm32f1xx_hal_tim_ex.c **** /**
1970:Drivers/STM32F1xx_HAL_Driver/Src/stm32f1xx_hal_tim_ex.c ****   * @brief  Configures the Break feature, dead time, Lock level, OSSI/OSSR State
1971:Drivers/STM32F1xx_HAL_Driver/Src/stm32f1xx_hal_tim_ex.c ****   *         and the AOE(automatic output enable).
1972:Drivers/STM32F1xx_HAL_Driver/Src/stm32f1xx_hal_tim_ex.c ****   * @param  htim TIM handle
1973:Drivers/STM32F1xx_HAL_Driver/Src/stm32f1xx_hal_tim_ex.c ****   * @param  sBreakDeadTimeConfig pointer to a TIM_ConfigBreakDeadConfigTypeDef structure that
1974:Drivers/STM32F1xx_HAL_Driver/Src/stm32f1xx_hal_tim_ex.c ****   *         contains the BDTR Register configuration  information for the TIM peripheral.
1975:Drivers/STM32F1xx_HAL_Driver/Src/stm32f1xx_hal_tim_ex.c ****   * @note   Interrupts can be generated when an active level is detected on the
1976:Drivers/STM32F1xx_HAL_Driver/Src/stm32f1xx_hal_tim_ex.c ****   *         break input, the break 2 input or the system break input. Break
1977:Drivers/STM32F1xx_HAL_Driver/Src/stm32f1xx_hal_tim_ex.c ****   *         interrupt can be enabled by calling the @ref __HAL_TIM_ENABLE_IT macro.
1978:Drivers/STM32F1xx_HAL_Driver/Src/stm32f1xx_hal_tim_ex.c ****   * @retval HAL status
1979:Drivers/STM32F1xx_HAL_Driver/Src/stm32f1xx_hal_tim_ex.c ****   */
1980:Drivers/STM32F1xx_HAL_Driver/Src/stm32f1xx_hal_tim_ex.c **** HAL_StatusTypeDef HAL_TIMEx_ConfigBreakDeadTime(TIM_HandleTypeDef *htim,
1981:Drivers/STM32F1xx_HAL_Driver/Src/stm32f1xx_hal_tim_ex.c ****                                                 TIM_BreakDeadTimeConfigTypeDef *sBreakDeadTimeConfi
1982:Drivers/STM32F1xx_HAL_Driver/Src/stm32f1xx_hal_tim_ex.c **** {
 5517              		.loc 1 1982 1
 5518              		.cfi_startproc
 5519              		@ args = 0, pretend = 0, frame = 16
 5520              		@ frame_needed = 1, uses_anonymous_args = 0
 5521              		@ link register save eliminated.
 5522 0000 80B4     		push	{r7}
 5523              	.LCFI156:
ARM GAS  /tmp/ccydCXE5.s 			page 134


 5524              		.cfi_def_cfa_offset 4
 5525              		.cfi_offset 7, -4
 5526 0002 85B0     		sub	sp, sp, #20
 5527              	.LCFI157:
 5528              		.cfi_def_cfa_offset 24
 5529 0004 00AF     		add	r7, sp, #0
 5530              	.LCFI158:
 5531              		.cfi_def_cfa_register 7
 5532 0006 7860     		str	r0, [r7, #4]
 5533 0008 3960     		str	r1, [r7]
1983:Drivers/STM32F1xx_HAL_Driver/Src/stm32f1xx_hal_tim_ex.c ****   /* Keep this variable initialized to 0 as it is used to configure BDTR register */
1984:Drivers/STM32F1xx_HAL_Driver/Src/stm32f1xx_hal_tim_ex.c ****   uint32_t tmpbdtr = 0U;
 5534              		.loc 1 1984 12
 5535 000a 0023     		movs	r3, #0
 5536 000c FB60     		str	r3, [r7, #12]
1985:Drivers/STM32F1xx_HAL_Driver/Src/stm32f1xx_hal_tim_ex.c **** 
1986:Drivers/STM32F1xx_HAL_Driver/Src/stm32f1xx_hal_tim_ex.c ****   /* Check the parameters */
1987:Drivers/STM32F1xx_HAL_Driver/Src/stm32f1xx_hal_tim_ex.c ****   assert_param(IS_TIM_BREAK_INSTANCE(htim->Instance));
1988:Drivers/STM32F1xx_HAL_Driver/Src/stm32f1xx_hal_tim_ex.c ****   assert_param(IS_TIM_OSSR_STATE(sBreakDeadTimeConfig->OffStateRunMode));
1989:Drivers/STM32F1xx_HAL_Driver/Src/stm32f1xx_hal_tim_ex.c ****   assert_param(IS_TIM_OSSI_STATE(sBreakDeadTimeConfig->OffStateIDLEMode));
1990:Drivers/STM32F1xx_HAL_Driver/Src/stm32f1xx_hal_tim_ex.c ****   assert_param(IS_TIM_LOCK_LEVEL(sBreakDeadTimeConfig->LockLevel));
1991:Drivers/STM32F1xx_HAL_Driver/Src/stm32f1xx_hal_tim_ex.c ****   assert_param(IS_TIM_DEADTIME(sBreakDeadTimeConfig->DeadTime));
1992:Drivers/STM32F1xx_HAL_Driver/Src/stm32f1xx_hal_tim_ex.c ****   assert_param(IS_TIM_BREAK_STATE(sBreakDeadTimeConfig->BreakState));
1993:Drivers/STM32F1xx_HAL_Driver/Src/stm32f1xx_hal_tim_ex.c ****   assert_param(IS_TIM_BREAK_POLARITY(sBreakDeadTimeConfig->BreakPolarity));
1994:Drivers/STM32F1xx_HAL_Driver/Src/stm32f1xx_hal_tim_ex.c ****   assert_param(IS_TIM_AUTOMATIC_OUTPUT_STATE(sBreakDeadTimeConfig->AutomaticOutput));
1995:Drivers/STM32F1xx_HAL_Driver/Src/stm32f1xx_hal_tim_ex.c **** 
1996:Drivers/STM32F1xx_HAL_Driver/Src/stm32f1xx_hal_tim_ex.c ****   /* Check input state */
1997:Drivers/STM32F1xx_HAL_Driver/Src/stm32f1xx_hal_tim_ex.c ****   __HAL_LOCK(htim);
 5537              		.loc 1 1997 3
 5538 000e 7B68     		ldr	r3, [r7, #4]
 5539 0010 93F83C30 		ldrb	r3, [r3, #60]	@ zero_extendqisi2
 5540 0014 012B     		cmp	r3, #1
 5541 0016 01D1     		bne	.L362
 5542              		.loc 1 1997 3 is_stmt 0 discriminator 1
 5543 0018 0223     		movs	r3, #2
 5544 001a 3DE0     		b	.L363
 5545              	.L362:
 5546              		.loc 1 1997 3 discriminator 2
 5547 001c 7B68     		ldr	r3, [r7, #4]
 5548 001e 0122     		movs	r2, #1
 5549 0020 83F83C20 		strb	r2, [r3, #60]
1998:Drivers/STM32F1xx_HAL_Driver/Src/stm32f1xx_hal_tim_ex.c **** 
1999:Drivers/STM32F1xx_HAL_Driver/Src/stm32f1xx_hal_tim_ex.c ****   /* Set the Lock level, the Break enable Bit and the Polarity, the OSSR State,
2000:Drivers/STM32F1xx_HAL_Driver/Src/stm32f1xx_hal_tim_ex.c ****      the OSSI State, the dead time value and the Automatic Output Enable Bit */
2001:Drivers/STM32F1xx_HAL_Driver/Src/stm32f1xx_hal_tim_ex.c **** 
2002:Drivers/STM32F1xx_HAL_Driver/Src/stm32f1xx_hal_tim_ex.c ****   /* Set the BDTR bits */
2003:Drivers/STM32F1xx_HAL_Driver/Src/stm32f1xx_hal_tim_ex.c ****   MODIFY_REG(tmpbdtr, TIM_BDTR_DTG, sBreakDeadTimeConfig->DeadTime);
 5550              		.loc 1 2003 3 is_stmt 1 discriminator 2
 5551 0024 FB68     		ldr	r3, [r7, #12]
 5552 0026 23F0FF02 		bic	r2, r3, #255
 5553 002a 3B68     		ldr	r3, [r7]
 5554 002c DB68     		ldr	r3, [r3, #12]
 5555 002e 1343     		orrs	r3, r3, r2
 5556 0030 FB60     		str	r3, [r7, #12]
2004:Drivers/STM32F1xx_HAL_Driver/Src/stm32f1xx_hal_tim_ex.c ****   MODIFY_REG(tmpbdtr, TIM_BDTR_LOCK, sBreakDeadTimeConfig->LockLevel);
 5557              		.loc 1 2004 3 discriminator 2
 5558 0032 FB68     		ldr	r3, [r7, #12]
ARM GAS  /tmp/ccydCXE5.s 			page 135


 5559 0034 23F44072 		bic	r2, r3, #768
 5560 0038 3B68     		ldr	r3, [r7]
 5561 003a 9B68     		ldr	r3, [r3, #8]
 5562 003c 1343     		orrs	r3, r3, r2
 5563 003e FB60     		str	r3, [r7, #12]
2005:Drivers/STM32F1xx_HAL_Driver/Src/stm32f1xx_hal_tim_ex.c ****   MODIFY_REG(tmpbdtr, TIM_BDTR_OSSI, sBreakDeadTimeConfig->OffStateIDLEMode);
 5564              		.loc 1 2005 3 discriminator 2
 5565 0040 FB68     		ldr	r3, [r7, #12]
 5566 0042 23F48062 		bic	r2, r3, #1024
 5567 0046 3B68     		ldr	r3, [r7]
 5568 0048 5B68     		ldr	r3, [r3, #4]
 5569 004a 1343     		orrs	r3, r3, r2
 5570 004c FB60     		str	r3, [r7, #12]
2006:Drivers/STM32F1xx_HAL_Driver/Src/stm32f1xx_hal_tim_ex.c ****   MODIFY_REG(tmpbdtr, TIM_BDTR_OSSR, sBreakDeadTimeConfig->OffStateRunMode);
 5571              		.loc 1 2006 3 discriminator 2
 5572 004e FB68     		ldr	r3, [r7, #12]
 5573 0050 23F40062 		bic	r2, r3, #2048
 5574 0054 3B68     		ldr	r3, [r7]
 5575 0056 1B68     		ldr	r3, [r3]
 5576 0058 1343     		orrs	r3, r3, r2
 5577 005a FB60     		str	r3, [r7, #12]
2007:Drivers/STM32F1xx_HAL_Driver/Src/stm32f1xx_hal_tim_ex.c ****   MODIFY_REG(tmpbdtr, TIM_BDTR_BKE, sBreakDeadTimeConfig->BreakState);
 5578              		.loc 1 2007 3 discriminator 2
 5579 005c FB68     		ldr	r3, [r7, #12]
 5580 005e 23F48052 		bic	r2, r3, #4096
 5581 0062 3B68     		ldr	r3, [r7]
 5582 0064 1B69     		ldr	r3, [r3, #16]
 5583 0066 1343     		orrs	r3, r3, r2
 5584 0068 FB60     		str	r3, [r7, #12]
2008:Drivers/STM32F1xx_HAL_Driver/Src/stm32f1xx_hal_tim_ex.c ****   MODIFY_REG(tmpbdtr, TIM_BDTR_BKP, sBreakDeadTimeConfig->BreakPolarity);
 5585              		.loc 1 2008 3 discriminator 2
 5586 006a FB68     		ldr	r3, [r7, #12]
 5587 006c 23F40052 		bic	r2, r3, #8192
 5588 0070 3B68     		ldr	r3, [r7]
 5589 0072 5B69     		ldr	r3, [r3, #20]
 5590 0074 1343     		orrs	r3, r3, r2
 5591 0076 FB60     		str	r3, [r7, #12]
2009:Drivers/STM32F1xx_HAL_Driver/Src/stm32f1xx_hal_tim_ex.c ****   MODIFY_REG(tmpbdtr, TIM_BDTR_AOE, sBreakDeadTimeConfig->AutomaticOutput);
 5592              		.loc 1 2009 3 discriminator 2
 5593 0078 FB68     		ldr	r3, [r7, #12]
 5594 007a 23F48042 		bic	r2, r3, #16384
 5595 007e 3B68     		ldr	r3, [r7]
 5596 0080 DB69     		ldr	r3, [r3, #28]
 5597 0082 1343     		orrs	r3, r3, r2
 5598 0084 FB60     		str	r3, [r7, #12]
2010:Drivers/STM32F1xx_HAL_Driver/Src/stm32f1xx_hal_tim_ex.c **** 
2011:Drivers/STM32F1xx_HAL_Driver/Src/stm32f1xx_hal_tim_ex.c **** 
2012:Drivers/STM32F1xx_HAL_Driver/Src/stm32f1xx_hal_tim_ex.c ****   /* Set TIMx_BDTR */
2013:Drivers/STM32F1xx_HAL_Driver/Src/stm32f1xx_hal_tim_ex.c ****   htim->Instance->BDTR = tmpbdtr;
 5599              		.loc 1 2013 7 discriminator 2
 5600 0086 7B68     		ldr	r3, [r7, #4]
 5601 0088 1B68     		ldr	r3, [r3]
 5602              		.loc 1 2013 24 discriminator 2
 5603 008a FA68     		ldr	r2, [r7, #12]
 5604 008c 5A64     		str	r2, [r3, #68]
2014:Drivers/STM32F1xx_HAL_Driver/Src/stm32f1xx_hal_tim_ex.c **** 
2015:Drivers/STM32F1xx_HAL_Driver/Src/stm32f1xx_hal_tim_ex.c ****   __HAL_UNLOCK(htim);
ARM GAS  /tmp/ccydCXE5.s 			page 136


 5605              		.loc 1 2015 3 discriminator 2
 5606 008e 7B68     		ldr	r3, [r7, #4]
 5607 0090 0022     		movs	r2, #0
 5608 0092 83F83C20 		strb	r2, [r3, #60]
2016:Drivers/STM32F1xx_HAL_Driver/Src/stm32f1xx_hal_tim_ex.c **** 
2017:Drivers/STM32F1xx_HAL_Driver/Src/stm32f1xx_hal_tim_ex.c ****   return HAL_OK;
 5609              		.loc 1 2017 10 discriminator 2
 5610 0096 0023     		movs	r3, #0
 5611              	.L363:
2018:Drivers/STM32F1xx_HAL_Driver/Src/stm32f1xx_hal_tim_ex.c **** }
 5612              		.loc 1 2018 1
 5613 0098 1846     		mov	r0, r3
 5614 009a 1437     		adds	r7, r7, #20
 5615              	.LCFI159:
 5616              		.cfi_def_cfa_offset 4
 5617 009c BD46     		mov	sp, r7
 5618              	.LCFI160:
 5619              		.cfi_def_cfa_register 13
 5620              		@ sp needed
 5621 009e 80BC     		pop	{r7}
 5622              	.LCFI161:
 5623              		.cfi_restore 7
 5624              		.cfi_def_cfa_offset 0
 5625 00a0 7047     		bx	lr
 5626              		.cfi_endproc
 5627              	.LFE95:
 5629              		.section	.text.HAL_TIMEx_RemapConfig,"ax",%progbits
 5630              		.align	1
 5631              		.global	HAL_TIMEx_RemapConfig
 5632              		.syntax unified
 5633              		.thumb
 5634              		.thumb_func
 5636              	HAL_TIMEx_RemapConfig:
 5637              	.LFB96:
2019:Drivers/STM32F1xx_HAL_Driver/Src/stm32f1xx_hal_tim_ex.c **** 
2020:Drivers/STM32F1xx_HAL_Driver/Src/stm32f1xx_hal_tim_ex.c **** /**
2021:Drivers/STM32F1xx_HAL_Driver/Src/stm32f1xx_hal_tim_ex.c ****   * @brief  Configures the TIMx Remapping input capabilities.
2022:Drivers/STM32F1xx_HAL_Driver/Src/stm32f1xx_hal_tim_ex.c ****   * @param  htim TIM handle.
2023:Drivers/STM32F1xx_HAL_Driver/Src/stm32f1xx_hal_tim_ex.c ****   * @param  Remap specifies the TIM remapping source.
2024:Drivers/STM32F1xx_HAL_Driver/Src/stm32f1xx_hal_tim_ex.c ****   *
2025:Drivers/STM32F1xx_HAL_Driver/Src/stm32f1xx_hal_tim_ex.c ****   * @retval HAL status
2026:Drivers/STM32F1xx_HAL_Driver/Src/stm32f1xx_hal_tim_ex.c ****   */
2027:Drivers/STM32F1xx_HAL_Driver/Src/stm32f1xx_hal_tim_ex.c **** HAL_StatusTypeDef HAL_TIMEx_RemapConfig(TIM_HandleTypeDef *htim, uint32_t Remap)
2028:Drivers/STM32F1xx_HAL_Driver/Src/stm32f1xx_hal_tim_ex.c **** {
 5638              		.loc 1 2028 1
 5639              		.cfi_startproc
 5640              		@ args = 0, pretend = 0, frame = 8
 5641              		@ frame_needed = 1, uses_anonymous_args = 0
 5642              		@ link register save eliminated.
 5643 0000 80B4     		push	{r7}
 5644              	.LCFI162:
 5645              		.cfi_def_cfa_offset 4
 5646              		.cfi_offset 7, -4
 5647 0002 83B0     		sub	sp, sp, #12
 5648              	.LCFI163:
 5649              		.cfi_def_cfa_offset 16
 5650 0004 00AF     		add	r7, sp, #0
ARM GAS  /tmp/ccydCXE5.s 			page 137


 5651              	.LCFI164:
 5652              		.cfi_def_cfa_register 7
 5653 0006 7860     		str	r0, [r7, #4]
 5654 0008 3960     		str	r1, [r7]
2029:Drivers/STM32F1xx_HAL_Driver/Src/stm32f1xx_hal_tim_ex.c ****   /* Prevent unused argument(s) compilation warning */
2030:Drivers/STM32F1xx_HAL_Driver/Src/stm32f1xx_hal_tim_ex.c ****   UNUSED(htim);
2031:Drivers/STM32F1xx_HAL_Driver/Src/stm32f1xx_hal_tim_ex.c ****   UNUSED(Remap);
2032:Drivers/STM32F1xx_HAL_Driver/Src/stm32f1xx_hal_tim_ex.c **** 
2033:Drivers/STM32F1xx_HAL_Driver/Src/stm32f1xx_hal_tim_ex.c ****   return HAL_OK;
 5655              		.loc 1 2033 10
 5656 000a 0023     		movs	r3, #0
2034:Drivers/STM32F1xx_HAL_Driver/Src/stm32f1xx_hal_tim_ex.c **** }
 5657              		.loc 1 2034 1
 5658 000c 1846     		mov	r0, r3
 5659 000e 0C37     		adds	r7, r7, #12
 5660              	.LCFI165:
 5661              		.cfi_def_cfa_offset 4
 5662 0010 BD46     		mov	sp, r7
 5663              	.LCFI166:
 5664              		.cfi_def_cfa_register 13
 5665              		@ sp needed
 5666 0012 80BC     		pop	{r7}
 5667              	.LCFI167:
 5668              		.cfi_restore 7
 5669              		.cfi_def_cfa_offset 0
 5670 0014 7047     		bx	lr
 5671              		.cfi_endproc
 5672              	.LFE96:
 5674              		.section	.text.HAL_TIMEx_CommutCallback,"ax",%progbits
 5675              		.align	1
 5676              		.weak	HAL_TIMEx_CommutCallback
 5677              		.syntax unified
 5678              		.thumb
 5679              		.thumb_func
 5681              	HAL_TIMEx_CommutCallback:
 5682              	.LFB97:
2035:Drivers/STM32F1xx_HAL_Driver/Src/stm32f1xx_hal_tim_ex.c **** 
2036:Drivers/STM32F1xx_HAL_Driver/Src/stm32f1xx_hal_tim_ex.c **** /**
2037:Drivers/STM32F1xx_HAL_Driver/Src/stm32f1xx_hal_tim_ex.c ****   * @}
2038:Drivers/STM32F1xx_HAL_Driver/Src/stm32f1xx_hal_tim_ex.c ****   */
2039:Drivers/STM32F1xx_HAL_Driver/Src/stm32f1xx_hal_tim_ex.c **** 
2040:Drivers/STM32F1xx_HAL_Driver/Src/stm32f1xx_hal_tim_ex.c **** /** @defgroup TIMEx_Exported_Functions_Group6 Extended Callbacks functions
2041:Drivers/STM32F1xx_HAL_Driver/Src/stm32f1xx_hal_tim_ex.c ****   * @brief    Extended Callbacks functions
2042:Drivers/STM32F1xx_HAL_Driver/Src/stm32f1xx_hal_tim_ex.c ****   *
2043:Drivers/STM32F1xx_HAL_Driver/Src/stm32f1xx_hal_tim_ex.c **** @verbatim
2044:Drivers/STM32F1xx_HAL_Driver/Src/stm32f1xx_hal_tim_ex.c ****   ==============================================================================
2045:Drivers/STM32F1xx_HAL_Driver/Src/stm32f1xx_hal_tim_ex.c ****                     ##### Extended Callbacks functions #####
2046:Drivers/STM32F1xx_HAL_Driver/Src/stm32f1xx_hal_tim_ex.c ****   ==============================================================================
2047:Drivers/STM32F1xx_HAL_Driver/Src/stm32f1xx_hal_tim_ex.c ****   [..]
2048:Drivers/STM32F1xx_HAL_Driver/Src/stm32f1xx_hal_tim_ex.c ****     This section provides Extended TIM callback functions:
2049:Drivers/STM32F1xx_HAL_Driver/Src/stm32f1xx_hal_tim_ex.c ****     (+) Timer Commutation callback
2050:Drivers/STM32F1xx_HAL_Driver/Src/stm32f1xx_hal_tim_ex.c ****     (+) Timer Break callback
2051:Drivers/STM32F1xx_HAL_Driver/Src/stm32f1xx_hal_tim_ex.c **** 
2052:Drivers/STM32F1xx_HAL_Driver/Src/stm32f1xx_hal_tim_ex.c **** @endverbatim
2053:Drivers/STM32F1xx_HAL_Driver/Src/stm32f1xx_hal_tim_ex.c ****   * @{
2054:Drivers/STM32F1xx_HAL_Driver/Src/stm32f1xx_hal_tim_ex.c ****   */
2055:Drivers/STM32F1xx_HAL_Driver/Src/stm32f1xx_hal_tim_ex.c **** 
ARM GAS  /tmp/ccydCXE5.s 			page 138


2056:Drivers/STM32F1xx_HAL_Driver/Src/stm32f1xx_hal_tim_ex.c **** /**
2057:Drivers/STM32F1xx_HAL_Driver/Src/stm32f1xx_hal_tim_ex.c ****   * @brief  Hall commutation changed callback in non-blocking mode
2058:Drivers/STM32F1xx_HAL_Driver/Src/stm32f1xx_hal_tim_ex.c ****   * @param  htim TIM handle
2059:Drivers/STM32F1xx_HAL_Driver/Src/stm32f1xx_hal_tim_ex.c ****   * @retval None
2060:Drivers/STM32F1xx_HAL_Driver/Src/stm32f1xx_hal_tim_ex.c ****   */
2061:Drivers/STM32F1xx_HAL_Driver/Src/stm32f1xx_hal_tim_ex.c **** __weak void HAL_TIMEx_CommutCallback(TIM_HandleTypeDef *htim)
2062:Drivers/STM32F1xx_HAL_Driver/Src/stm32f1xx_hal_tim_ex.c **** {
 5683              		.loc 1 2062 1
 5684              		.cfi_startproc
 5685              		@ args = 0, pretend = 0, frame = 8
 5686              		@ frame_needed = 1, uses_anonymous_args = 0
 5687              		@ link register save eliminated.
 5688 0000 80B4     		push	{r7}
 5689              	.LCFI168:
 5690              		.cfi_def_cfa_offset 4
 5691              		.cfi_offset 7, -4
 5692 0002 83B0     		sub	sp, sp, #12
 5693              	.LCFI169:
 5694              		.cfi_def_cfa_offset 16
 5695 0004 00AF     		add	r7, sp, #0
 5696              	.LCFI170:
 5697              		.cfi_def_cfa_register 7
 5698 0006 7860     		str	r0, [r7, #4]
2063:Drivers/STM32F1xx_HAL_Driver/Src/stm32f1xx_hal_tim_ex.c ****   /* Prevent unused argument(s) compilation warning */
2064:Drivers/STM32F1xx_HAL_Driver/Src/stm32f1xx_hal_tim_ex.c ****   UNUSED(htim);
2065:Drivers/STM32F1xx_HAL_Driver/Src/stm32f1xx_hal_tim_ex.c **** 
2066:Drivers/STM32F1xx_HAL_Driver/Src/stm32f1xx_hal_tim_ex.c ****   /* NOTE : This function should not be modified, when the callback is needed,
2067:Drivers/STM32F1xx_HAL_Driver/Src/stm32f1xx_hal_tim_ex.c ****             the HAL_TIMEx_CommutCallback could be implemented in the user file
2068:Drivers/STM32F1xx_HAL_Driver/Src/stm32f1xx_hal_tim_ex.c ****    */
2069:Drivers/STM32F1xx_HAL_Driver/Src/stm32f1xx_hal_tim_ex.c **** }
 5699              		.loc 1 2069 1
 5700 0008 00BF     		nop
 5701 000a 0C37     		adds	r7, r7, #12
 5702              	.LCFI171:
 5703              		.cfi_def_cfa_offset 4
 5704 000c BD46     		mov	sp, r7
 5705              	.LCFI172:
 5706              		.cfi_def_cfa_register 13
 5707              		@ sp needed
 5708 000e 80BC     		pop	{r7}
 5709              	.LCFI173:
 5710              		.cfi_restore 7
 5711              		.cfi_def_cfa_offset 0
 5712 0010 7047     		bx	lr
 5713              		.cfi_endproc
 5714              	.LFE97:
 5716              		.section	.text.HAL_TIMEx_CommutHalfCpltCallback,"ax",%progbits
 5717              		.align	1
 5718              		.weak	HAL_TIMEx_CommutHalfCpltCallback
 5719              		.syntax unified
 5720              		.thumb
 5721              		.thumb_func
 5723              	HAL_TIMEx_CommutHalfCpltCallback:
 5724              	.LFB98:
2070:Drivers/STM32F1xx_HAL_Driver/Src/stm32f1xx_hal_tim_ex.c **** /**
2071:Drivers/STM32F1xx_HAL_Driver/Src/stm32f1xx_hal_tim_ex.c ****   * @brief  Hall commutation changed half complete callback in non-blocking mode
2072:Drivers/STM32F1xx_HAL_Driver/Src/stm32f1xx_hal_tim_ex.c ****   * @param  htim TIM handle
ARM GAS  /tmp/ccydCXE5.s 			page 139


2073:Drivers/STM32F1xx_HAL_Driver/Src/stm32f1xx_hal_tim_ex.c ****   * @retval None
2074:Drivers/STM32F1xx_HAL_Driver/Src/stm32f1xx_hal_tim_ex.c ****   */
2075:Drivers/STM32F1xx_HAL_Driver/Src/stm32f1xx_hal_tim_ex.c **** __weak void HAL_TIMEx_CommutHalfCpltCallback(TIM_HandleTypeDef *htim)
2076:Drivers/STM32F1xx_HAL_Driver/Src/stm32f1xx_hal_tim_ex.c **** {
 5725              		.loc 1 2076 1
 5726              		.cfi_startproc
 5727              		@ args = 0, pretend = 0, frame = 8
 5728              		@ frame_needed = 1, uses_anonymous_args = 0
 5729              		@ link register save eliminated.
 5730 0000 80B4     		push	{r7}
 5731              	.LCFI174:
 5732              		.cfi_def_cfa_offset 4
 5733              		.cfi_offset 7, -4
 5734 0002 83B0     		sub	sp, sp, #12
 5735              	.LCFI175:
 5736              		.cfi_def_cfa_offset 16
 5737 0004 00AF     		add	r7, sp, #0
 5738              	.LCFI176:
 5739              		.cfi_def_cfa_register 7
 5740 0006 7860     		str	r0, [r7, #4]
2077:Drivers/STM32F1xx_HAL_Driver/Src/stm32f1xx_hal_tim_ex.c ****   /* Prevent unused argument(s) compilation warning */
2078:Drivers/STM32F1xx_HAL_Driver/Src/stm32f1xx_hal_tim_ex.c ****   UNUSED(htim);
2079:Drivers/STM32F1xx_HAL_Driver/Src/stm32f1xx_hal_tim_ex.c **** 
2080:Drivers/STM32F1xx_HAL_Driver/Src/stm32f1xx_hal_tim_ex.c ****   /* NOTE : This function should not be modified, when the callback is needed,
2081:Drivers/STM32F1xx_HAL_Driver/Src/stm32f1xx_hal_tim_ex.c ****             the HAL_TIMEx_CommutHalfCpltCallback could be implemented in the user file
2082:Drivers/STM32F1xx_HAL_Driver/Src/stm32f1xx_hal_tim_ex.c ****    */
2083:Drivers/STM32F1xx_HAL_Driver/Src/stm32f1xx_hal_tim_ex.c **** }
 5741              		.loc 1 2083 1
 5742 0008 00BF     		nop
 5743 000a 0C37     		adds	r7, r7, #12
 5744              	.LCFI177:
 5745              		.cfi_def_cfa_offset 4
 5746 000c BD46     		mov	sp, r7
 5747              	.LCFI178:
 5748              		.cfi_def_cfa_register 13
 5749              		@ sp needed
 5750 000e 80BC     		pop	{r7}
 5751              	.LCFI179:
 5752              		.cfi_restore 7
 5753              		.cfi_def_cfa_offset 0
 5754 0010 7047     		bx	lr
 5755              		.cfi_endproc
 5756              	.LFE98:
 5758              		.section	.text.HAL_TIMEx_BreakCallback,"ax",%progbits
 5759              		.align	1
 5760              		.weak	HAL_TIMEx_BreakCallback
 5761              		.syntax unified
 5762              		.thumb
 5763              		.thumb_func
 5765              	HAL_TIMEx_BreakCallback:
 5766              	.LFB99:
2084:Drivers/STM32F1xx_HAL_Driver/Src/stm32f1xx_hal_tim_ex.c **** 
2085:Drivers/STM32F1xx_HAL_Driver/Src/stm32f1xx_hal_tim_ex.c **** /**
2086:Drivers/STM32F1xx_HAL_Driver/Src/stm32f1xx_hal_tim_ex.c ****   * @brief  Hall Break detection callback in non-blocking mode
2087:Drivers/STM32F1xx_HAL_Driver/Src/stm32f1xx_hal_tim_ex.c ****   * @param  htim TIM handle
2088:Drivers/STM32F1xx_HAL_Driver/Src/stm32f1xx_hal_tim_ex.c ****   * @retval None
2089:Drivers/STM32F1xx_HAL_Driver/Src/stm32f1xx_hal_tim_ex.c ****   */
ARM GAS  /tmp/ccydCXE5.s 			page 140


2090:Drivers/STM32F1xx_HAL_Driver/Src/stm32f1xx_hal_tim_ex.c **** __weak void HAL_TIMEx_BreakCallback(TIM_HandleTypeDef *htim)
2091:Drivers/STM32F1xx_HAL_Driver/Src/stm32f1xx_hal_tim_ex.c **** {
 5767              		.loc 1 2091 1
 5768              		.cfi_startproc
 5769              		@ args = 0, pretend = 0, frame = 8
 5770              		@ frame_needed = 1, uses_anonymous_args = 0
 5771              		@ link register save eliminated.
 5772 0000 80B4     		push	{r7}
 5773              	.LCFI180:
 5774              		.cfi_def_cfa_offset 4
 5775              		.cfi_offset 7, -4
 5776 0002 83B0     		sub	sp, sp, #12
 5777              	.LCFI181:
 5778              		.cfi_def_cfa_offset 16
 5779 0004 00AF     		add	r7, sp, #0
 5780              	.LCFI182:
 5781              		.cfi_def_cfa_register 7
 5782 0006 7860     		str	r0, [r7, #4]
2092:Drivers/STM32F1xx_HAL_Driver/Src/stm32f1xx_hal_tim_ex.c ****   /* Prevent unused argument(s) compilation warning */
2093:Drivers/STM32F1xx_HAL_Driver/Src/stm32f1xx_hal_tim_ex.c ****   UNUSED(htim);
2094:Drivers/STM32F1xx_HAL_Driver/Src/stm32f1xx_hal_tim_ex.c **** 
2095:Drivers/STM32F1xx_HAL_Driver/Src/stm32f1xx_hal_tim_ex.c ****   /* NOTE : This function should not be modified, when the callback is needed,
2096:Drivers/STM32F1xx_HAL_Driver/Src/stm32f1xx_hal_tim_ex.c ****             the HAL_TIMEx_BreakCallback could be implemented in the user file
2097:Drivers/STM32F1xx_HAL_Driver/Src/stm32f1xx_hal_tim_ex.c ****    */
2098:Drivers/STM32F1xx_HAL_Driver/Src/stm32f1xx_hal_tim_ex.c **** }
 5783              		.loc 1 2098 1
 5784 0008 00BF     		nop
 5785 000a 0C37     		adds	r7, r7, #12
 5786              	.LCFI183:
 5787              		.cfi_def_cfa_offset 4
 5788 000c BD46     		mov	sp, r7
 5789              	.LCFI184:
 5790              		.cfi_def_cfa_register 13
 5791              		@ sp needed
 5792 000e 80BC     		pop	{r7}
 5793              	.LCFI185:
 5794              		.cfi_restore 7
 5795              		.cfi_def_cfa_offset 0
 5796 0010 7047     		bx	lr
 5797              		.cfi_endproc
 5798              	.LFE99:
 5800              		.section	.text.HAL_TIMEx_HallSensor_GetState,"ax",%progbits
 5801              		.align	1
 5802              		.global	HAL_TIMEx_HallSensor_GetState
 5803              		.syntax unified
 5804              		.thumb
 5805              		.thumb_func
 5807              	HAL_TIMEx_HallSensor_GetState:
 5808              	.LFB100:
2099:Drivers/STM32F1xx_HAL_Driver/Src/stm32f1xx_hal_tim_ex.c **** /**
2100:Drivers/STM32F1xx_HAL_Driver/Src/stm32f1xx_hal_tim_ex.c ****   * @}
2101:Drivers/STM32F1xx_HAL_Driver/Src/stm32f1xx_hal_tim_ex.c ****   */
2102:Drivers/STM32F1xx_HAL_Driver/Src/stm32f1xx_hal_tim_ex.c **** 
2103:Drivers/STM32F1xx_HAL_Driver/Src/stm32f1xx_hal_tim_ex.c **** /** @defgroup TIMEx_Exported_Functions_Group7 Extended Peripheral State functions
2104:Drivers/STM32F1xx_HAL_Driver/Src/stm32f1xx_hal_tim_ex.c ****   * @brief    Extended Peripheral State functions
2105:Drivers/STM32F1xx_HAL_Driver/Src/stm32f1xx_hal_tim_ex.c ****   *
2106:Drivers/STM32F1xx_HAL_Driver/Src/stm32f1xx_hal_tim_ex.c **** @verbatim
ARM GAS  /tmp/ccydCXE5.s 			page 141


2107:Drivers/STM32F1xx_HAL_Driver/Src/stm32f1xx_hal_tim_ex.c ****   ==============================================================================
2108:Drivers/STM32F1xx_HAL_Driver/Src/stm32f1xx_hal_tim_ex.c ****                 ##### Extended Peripheral State functions #####
2109:Drivers/STM32F1xx_HAL_Driver/Src/stm32f1xx_hal_tim_ex.c ****   ==============================================================================
2110:Drivers/STM32F1xx_HAL_Driver/Src/stm32f1xx_hal_tim_ex.c ****   [..]
2111:Drivers/STM32F1xx_HAL_Driver/Src/stm32f1xx_hal_tim_ex.c ****     This subsection permits to get in run-time the status of the peripheral
2112:Drivers/STM32F1xx_HAL_Driver/Src/stm32f1xx_hal_tim_ex.c ****     and the data flow.
2113:Drivers/STM32F1xx_HAL_Driver/Src/stm32f1xx_hal_tim_ex.c **** 
2114:Drivers/STM32F1xx_HAL_Driver/Src/stm32f1xx_hal_tim_ex.c **** @endverbatim
2115:Drivers/STM32F1xx_HAL_Driver/Src/stm32f1xx_hal_tim_ex.c ****   * @{
2116:Drivers/STM32F1xx_HAL_Driver/Src/stm32f1xx_hal_tim_ex.c ****   */
2117:Drivers/STM32F1xx_HAL_Driver/Src/stm32f1xx_hal_tim_ex.c **** 
2118:Drivers/STM32F1xx_HAL_Driver/Src/stm32f1xx_hal_tim_ex.c **** /**
2119:Drivers/STM32F1xx_HAL_Driver/Src/stm32f1xx_hal_tim_ex.c ****   * @brief  Return the TIM Hall Sensor interface handle state.
2120:Drivers/STM32F1xx_HAL_Driver/Src/stm32f1xx_hal_tim_ex.c ****   * @param  htim TIM Hall Sensor handle
2121:Drivers/STM32F1xx_HAL_Driver/Src/stm32f1xx_hal_tim_ex.c ****   * @retval HAL state
2122:Drivers/STM32F1xx_HAL_Driver/Src/stm32f1xx_hal_tim_ex.c ****   */
2123:Drivers/STM32F1xx_HAL_Driver/Src/stm32f1xx_hal_tim_ex.c **** HAL_TIM_StateTypeDef HAL_TIMEx_HallSensor_GetState(TIM_HandleTypeDef *htim)
2124:Drivers/STM32F1xx_HAL_Driver/Src/stm32f1xx_hal_tim_ex.c **** {
 5809              		.loc 1 2124 1
 5810              		.cfi_startproc
 5811              		@ args = 0, pretend = 0, frame = 8
 5812              		@ frame_needed = 1, uses_anonymous_args = 0
 5813              		@ link register save eliminated.
 5814 0000 80B4     		push	{r7}
 5815              	.LCFI186:
 5816              		.cfi_def_cfa_offset 4
 5817              		.cfi_offset 7, -4
 5818 0002 83B0     		sub	sp, sp, #12
 5819              	.LCFI187:
 5820              		.cfi_def_cfa_offset 16
 5821 0004 00AF     		add	r7, sp, #0
 5822              	.LCFI188:
 5823              		.cfi_def_cfa_register 7
 5824 0006 7860     		str	r0, [r7, #4]
2125:Drivers/STM32F1xx_HAL_Driver/Src/stm32f1xx_hal_tim_ex.c ****   return htim->State;
 5825              		.loc 1 2125 14
 5826 0008 7B68     		ldr	r3, [r7, #4]
 5827 000a 93F83D30 		ldrb	r3, [r3, #61]
 5828 000e DBB2     		uxtb	r3, r3
2126:Drivers/STM32F1xx_HAL_Driver/Src/stm32f1xx_hal_tim_ex.c **** }
 5829              		.loc 1 2126 1
 5830 0010 1846     		mov	r0, r3
 5831 0012 0C37     		adds	r7, r7, #12
 5832              	.LCFI189:
 5833              		.cfi_def_cfa_offset 4
 5834 0014 BD46     		mov	sp, r7
 5835              	.LCFI190:
 5836              		.cfi_def_cfa_register 13
 5837              		@ sp needed
 5838 0016 80BC     		pop	{r7}
 5839              	.LCFI191:
 5840              		.cfi_restore 7
 5841              		.cfi_def_cfa_offset 0
 5842 0018 7047     		bx	lr
 5843              		.cfi_endproc
 5844              	.LFE100:
 5846              		.section	.text.HAL_TIMEx_GetChannelNState,"ax",%progbits
ARM GAS  /tmp/ccydCXE5.s 			page 142


 5847              		.align	1
 5848              		.global	HAL_TIMEx_GetChannelNState
 5849              		.syntax unified
 5850              		.thumb
 5851              		.thumb_func
 5853              	HAL_TIMEx_GetChannelNState:
 5854              	.LFB101:
2127:Drivers/STM32F1xx_HAL_Driver/Src/stm32f1xx_hal_tim_ex.c **** 
2128:Drivers/STM32F1xx_HAL_Driver/Src/stm32f1xx_hal_tim_ex.c **** /**
2129:Drivers/STM32F1xx_HAL_Driver/Src/stm32f1xx_hal_tim_ex.c ****   * @brief  Return actual state of the TIM complementary channel.
2130:Drivers/STM32F1xx_HAL_Driver/Src/stm32f1xx_hal_tim_ex.c ****   * @param  htim TIM handle
2131:Drivers/STM32F1xx_HAL_Driver/Src/stm32f1xx_hal_tim_ex.c ****   * @param  ChannelN TIM Complementary channel
2132:Drivers/STM32F1xx_HAL_Driver/Src/stm32f1xx_hal_tim_ex.c ****   *          This parameter can be one of the following values:
2133:Drivers/STM32F1xx_HAL_Driver/Src/stm32f1xx_hal_tim_ex.c ****   *            @arg TIM_CHANNEL_1: TIM Channel 1
2134:Drivers/STM32F1xx_HAL_Driver/Src/stm32f1xx_hal_tim_ex.c ****   *            @arg TIM_CHANNEL_2: TIM Channel 2
2135:Drivers/STM32F1xx_HAL_Driver/Src/stm32f1xx_hal_tim_ex.c ****   *            @arg TIM_CHANNEL_3: TIM Channel 3
2136:Drivers/STM32F1xx_HAL_Driver/Src/stm32f1xx_hal_tim_ex.c ****   * @retval TIM Complementary channel state
2137:Drivers/STM32F1xx_HAL_Driver/Src/stm32f1xx_hal_tim_ex.c ****   */
2138:Drivers/STM32F1xx_HAL_Driver/Src/stm32f1xx_hal_tim_ex.c **** HAL_TIM_ChannelStateTypeDef HAL_TIMEx_GetChannelNState(TIM_HandleTypeDef *htim,  uint32_t ChannelN)
2139:Drivers/STM32F1xx_HAL_Driver/Src/stm32f1xx_hal_tim_ex.c **** {
 5855              		.loc 1 2139 1
 5856              		.cfi_startproc
 5857              		@ args = 0, pretend = 0, frame = 16
 5858              		@ frame_needed = 1, uses_anonymous_args = 0
 5859              		@ link register save eliminated.
 5860 0000 80B4     		push	{r7}
 5861              	.LCFI192:
 5862              		.cfi_def_cfa_offset 4
 5863              		.cfi_offset 7, -4
 5864 0002 85B0     		sub	sp, sp, #20
 5865              	.LCFI193:
 5866              		.cfi_def_cfa_offset 24
 5867 0004 00AF     		add	r7, sp, #0
 5868              	.LCFI194:
 5869              		.cfi_def_cfa_register 7
 5870 0006 7860     		str	r0, [r7, #4]
 5871 0008 3960     		str	r1, [r7]
2140:Drivers/STM32F1xx_HAL_Driver/Src/stm32f1xx_hal_tim_ex.c ****   HAL_TIM_ChannelStateTypeDef channel_state;
2141:Drivers/STM32F1xx_HAL_Driver/Src/stm32f1xx_hal_tim_ex.c **** 
2142:Drivers/STM32F1xx_HAL_Driver/Src/stm32f1xx_hal_tim_ex.c ****   /* Check the parameters */
2143:Drivers/STM32F1xx_HAL_Driver/Src/stm32f1xx_hal_tim_ex.c ****   assert_param(IS_TIM_CCXN_INSTANCE(htim->Instance, ChannelN));
2144:Drivers/STM32F1xx_HAL_Driver/Src/stm32f1xx_hal_tim_ex.c **** 
2145:Drivers/STM32F1xx_HAL_Driver/Src/stm32f1xx_hal_tim_ex.c ****   channel_state = TIM_CHANNEL_N_STATE_GET(htim, ChannelN);
 5872              		.loc 1 2145 19
 5873 000a 3B68     		ldr	r3, [r7]
 5874 000c 002B     		cmp	r3, #0
 5875 000e 04D1     		bne	.L372
 5876              		.loc 1 2145 19 is_stmt 0 discriminator 1
 5877 0010 7B68     		ldr	r3, [r7, #4]
 5878 0012 93F84230 		ldrb	r3, [r3, #66]
 5879 0016 DBB2     		uxtb	r3, r3
 5880 0018 13E0     		b	.L373
 5881              	.L372:
 5882              		.loc 1 2145 19 discriminator 2
 5883 001a 3B68     		ldr	r3, [r7]
 5884 001c 042B     		cmp	r3, #4
 5885 001e 04D1     		bne	.L374
ARM GAS  /tmp/ccydCXE5.s 			page 143


 5886              		.loc 1 2145 19 discriminator 4
 5887 0020 7B68     		ldr	r3, [r7, #4]
 5888 0022 93F84330 		ldrb	r3, [r3, #67]
 5889 0026 DBB2     		uxtb	r3, r3
 5890 0028 0BE0     		b	.L373
 5891              	.L374:
 5892              		.loc 1 2145 19 discriminator 5
 5893 002a 3B68     		ldr	r3, [r7]
 5894 002c 082B     		cmp	r3, #8
 5895 002e 04D1     		bne	.L376
 5896              		.loc 1 2145 19 discriminator 7
 5897 0030 7B68     		ldr	r3, [r7, #4]
 5898 0032 93F84430 		ldrb	r3, [r3, #68]
 5899 0036 DBB2     		uxtb	r3, r3
 5900 0038 03E0     		b	.L373
 5901              	.L376:
 5902              		.loc 1 2145 19 discriminator 8
 5903 003a 7B68     		ldr	r3, [r7, #4]
 5904 003c 93F84530 		ldrb	r3, [r3, #69]
 5905 0040 DBB2     		uxtb	r3, r3
 5906              	.L373:
 5907              		.loc 1 2145 17 is_stmt 1 discriminator 12
 5908 0042 FB73     		strb	r3, [r7, #15]
2146:Drivers/STM32F1xx_HAL_Driver/Src/stm32f1xx_hal_tim_ex.c **** 
2147:Drivers/STM32F1xx_HAL_Driver/Src/stm32f1xx_hal_tim_ex.c ****   return channel_state;
 5909              		.loc 1 2147 10 discriminator 12
 5910 0044 FB7B     		ldrb	r3, [r7, #15]	@ zero_extendqisi2
2148:Drivers/STM32F1xx_HAL_Driver/Src/stm32f1xx_hal_tim_ex.c **** }
 5911              		.loc 1 2148 1 discriminator 12
 5912 0046 1846     		mov	r0, r3
 5913 0048 1437     		adds	r7, r7, #20
 5914              	.LCFI195:
 5915              		.cfi_def_cfa_offset 4
 5916 004a BD46     		mov	sp, r7
 5917              	.LCFI196:
 5918              		.cfi_def_cfa_register 13
 5919              		@ sp needed
 5920 004c 80BC     		pop	{r7}
 5921              	.LCFI197:
 5922              		.cfi_restore 7
 5923              		.cfi_def_cfa_offset 0
 5924 004e 7047     		bx	lr
 5925              		.cfi_endproc
 5926              	.LFE101:
 5928              		.section	.text.TIMEx_DMACommutationCplt,"ax",%progbits
 5929              		.align	1
 5930              		.global	TIMEx_DMACommutationCplt
 5931              		.syntax unified
 5932              		.thumb
 5933              		.thumb_func
 5935              	TIMEx_DMACommutationCplt:
 5936              	.LFB102:
2149:Drivers/STM32F1xx_HAL_Driver/Src/stm32f1xx_hal_tim_ex.c **** /**
2150:Drivers/STM32F1xx_HAL_Driver/Src/stm32f1xx_hal_tim_ex.c ****   * @}
2151:Drivers/STM32F1xx_HAL_Driver/Src/stm32f1xx_hal_tim_ex.c ****   */
2152:Drivers/STM32F1xx_HAL_Driver/Src/stm32f1xx_hal_tim_ex.c **** 
2153:Drivers/STM32F1xx_HAL_Driver/Src/stm32f1xx_hal_tim_ex.c **** /**
ARM GAS  /tmp/ccydCXE5.s 			page 144


2154:Drivers/STM32F1xx_HAL_Driver/Src/stm32f1xx_hal_tim_ex.c ****   * @}
2155:Drivers/STM32F1xx_HAL_Driver/Src/stm32f1xx_hal_tim_ex.c ****   */
2156:Drivers/STM32F1xx_HAL_Driver/Src/stm32f1xx_hal_tim_ex.c **** 
2157:Drivers/STM32F1xx_HAL_Driver/Src/stm32f1xx_hal_tim_ex.c **** /* Private functions ---------------------------------------------------------*/
2158:Drivers/STM32F1xx_HAL_Driver/Src/stm32f1xx_hal_tim_ex.c **** /** @defgroup TIMEx_Private_Functions TIMEx Private Functions
2159:Drivers/STM32F1xx_HAL_Driver/Src/stm32f1xx_hal_tim_ex.c ****   * @{
2160:Drivers/STM32F1xx_HAL_Driver/Src/stm32f1xx_hal_tim_ex.c ****   */
2161:Drivers/STM32F1xx_HAL_Driver/Src/stm32f1xx_hal_tim_ex.c **** 
2162:Drivers/STM32F1xx_HAL_Driver/Src/stm32f1xx_hal_tim_ex.c **** /**
2163:Drivers/STM32F1xx_HAL_Driver/Src/stm32f1xx_hal_tim_ex.c ****   * @brief  TIM DMA Commutation callback.
2164:Drivers/STM32F1xx_HAL_Driver/Src/stm32f1xx_hal_tim_ex.c ****   * @param  hdma pointer to DMA handle.
2165:Drivers/STM32F1xx_HAL_Driver/Src/stm32f1xx_hal_tim_ex.c ****   * @retval None
2166:Drivers/STM32F1xx_HAL_Driver/Src/stm32f1xx_hal_tim_ex.c ****   */
2167:Drivers/STM32F1xx_HAL_Driver/Src/stm32f1xx_hal_tim_ex.c **** void TIMEx_DMACommutationCplt(DMA_HandleTypeDef *hdma)
2168:Drivers/STM32F1xx_HAL_Driver/Src/stm32f1xx_hal_tim_ex.c **** {
 5937              		.loc 1 2168 1
 5938              		.cfi_startproc
 5939              		@ args = 0, pretend = 0, frame = 16
 5940              		@ frame_needed = 1, uses_anonymous_args = 0
 5941 0000 80B5     		push	{r7, lr}
 5942              	.LCFI198:
 5943              		.cfi_def_cfa_offset 8
 5944              		.cfi_offset 7, -8
 5945              		.cfi_offset 14, -4
 5946 0002 84B0     		sub	sp, sp, #16
 5947              	.LCFI199:
 5948              		.cfi_def_cfa_offset 24
 5949 0004 00AF     		add	r7, sp, #0
 5950              	.LCFI200:
 5951              		.cfi_def_cfa_register 7
 5952 0006 7860     		str	r0, [r7, #4]
2169:Drivers/STM32F1xx_HAL_Driver/Src/stm32f1xx_hal_tim_ex.c ****   TIM_HandleTypeDef *htim = (TIM_HandleTypeDef *)((DMA_HandleTypeDef *)hdma)->Parent;
 5953              		.loc 1 2169 22
 5954 0008 7B68     		ldr	r3, [r7, #4]
 5955 000a 5B6A     		ldr	r3, [r3, #36]
 5956 000c FB60     		str	r3, [r7, #12]
2170:Drivers/STM32F1xx_HAL_Driver/Src/stm32f1xx_hal_tim_ex.c **** 
2171:Drivers/STM32F1xx_HAL_Driver/Src/stm32f1xx_hal_tim_ex.c ****   /* Change the htim state */
2172:Drivers/STM32F1xx_HAL_Driver/Src/stm32f1xx_hal_tim_ex.c ****   htim->State = HAL_TIM_STATE_READY;
 5957              		.loc 1 2172 15
 5958 000e FB68     		ldr	r3, [r7, #12]
 5959 0010 0122     		movs	r2, #1
 5960 0012 83F83D20 		strb	r2, [r3, #61]
2173:Drivers/STM32F1xx_HAL_Driver/Src/stm32f1xx_hal_tim_ex.c **** 
2174:Drivers/STM32F1xx_HAL_Driver/Src/stm32f1xx_hal_tim_ex.c **** #if (USE_HAL_TIM_REGISTER_CALLBACKS == 1)
2175:Drivers/STM32F1xx_HAL_Driver/Src/stm32f1xx_hal_tim_ex.c ****   htim->CommutationCallback(htim);
2176:Drivers/STM32F1xx_HAL_Driver/Src/stm32f1xx_hal_tim_ex.c **** #else
2177:Drivers/STM32F1xx_HAL_Driver/Src/stm32f1xx_hal_tim_ex.c ****   HAL_TIMEx_CommutCallback(htim);
 5961              		.loc 1 2177 3
 5962 0016 F868     		ldr	r0, [r7, #12]
 5963 0018 FFF7FEFF 		bl	HAL_TIMEx_CommutCallback
2178:Drivers/STM32F1xx_HAL_Driver/Src/stm32f1xx_hal_tim_ex.c **** #endif /* USE_HAL_TIM_REGISTER_CALLBACKS */
2179:Drivers/STM32F1xx_HAL_Driver/Src/stm32f1xx_hal_tim_ex.c **** }
 5964              		.loc 1 2179 1
 5965 001c 00BF     		nop
 5966 001e 1037     		adds	r7, r7, #16
 5967              	.LCFI201:
ARM GAS  /tmp/ccydCXE5.s 			page 145


 5968              		.cfi_def_cfa_offset 8
 5969 0020 BD46     		mov	sp, r7
 5970              	.LCFI202:
 5971              		.cfi_def_cfa_register 13
 5972              		@ sp needed
 5973 0022 80BD     		pop	{r7, pc}
 5974              		.cfi_endproc
 5975              	.LFE102:
 5977              		.section	.text.TIMEx_DMACommutationHalfCplt,"ax",%progbits
 5978              		.align	1
 5979              		.global	TIMEx_DMACommutationHalfCplt
 5980              		.syntax unified
 5981              		.thumb
 5982              		.thumb_func
 5984              	TIMEx_DMACommutationHalfCplt:
 5985              	.LFB103:
2180:Drivers/STM32F1xx_HAL_Driver/Src/stm32f1xx_hal_tim_ex.c **** 
2181:Drivers/STM32F1xx_HAL_Driver/Src/stm32f1xx_hal_tim_ex.c **** /**
2182:Drivers/STM32F1xx_HAL_Driver/Src/stm32f1xx_hal_tim_ex.c ****   * @brief  TIM DMA Commutation half complete callback.
2183:Drivers/STM32F1xx_HAL_Driver/Src/stm32f1xx_hal_tim_ex.c ****   * @param  hdma pointer to DMA handle.
2184:Drivers/STM32F1xx_HAL_Driver/Src/stm32f1xx_hal_tim_ex.c ****   * @retval None
2185:Drivers/STM32F1xx_HAL_Driver/Src/stm32f1xx_hal_tim_ex.c ****   */
2186:Drivers/STM32F1xx_HAL_Driver/Src/stm32f1xx_hal_tim_ex.c **** void TIMEx_DMACommutationHalfCplt(DMA_HandleTypeDef *hdma)
2187:Drivers/STM32F1xx_HAL_Driver/Src/stm32f1xx_hal_tim_ex.c **** {
 5986              		.loc 1 2187 1
 5987              		.cfi_startproc
 5988              		@ args = 0, pretend = 0, frame = 16
 5989              		@ frame_needed = 1, uses_anonymous_args = 0
 5990 0000 80B5     		push	{r7, lr}
 5991              	.LCFI203:
 5992              		.cfi_def_cfa_offset 8
 5993              		.cfi_offset 7, -8
 5994              		.cfi_offset 14, -4
 5995 0002 84B0     		sub	sp, sp, #16
 5996              	.LCFI204:
 5997              		.cfi_def_cfa_offset 24
 5998 0004 00AF     		add	r7, sp, #0
 5999              	.LCFI205:
 6000              		.cfi_def_cfa_register 7
 6001 0006 7860     		str	r0, [r7, #4]
2188:Drivers/STM32F1xx_HAL_Driver/Src/stm32f1xx_hal_tim_ex.c ****   TIM_HandleTypeDef *htim = (TIM_HandleTypeDef *)((DMA_HandleTypeDef *)hdma)->Parent;
 6002              		.loc 1 2188 22
 6003 0008 7B68     		ldr	r3, [r7, #4]
 6004 000a 5B6A     		ldr	r3, [r3, #36]
 6005 000c FB60     		str	r3, [r7, #12]
2189:Drivers/STM32F1xx_HAL_Driver/Src/stm32f1xx_hal_tim_ex.c **** 
2190:Drivers/STM32F1xx_HAL_Driver/Src/stm32f1xx_hal_tim_ex.c ****   /* Change the htim state */
2191:Drivers/STM32F1xx_HAL_Driver/Src/stm32f1xx_hal_tim_ex.c ****   htim->State = HAL_TIM_STATE_READY;
 6006              		.loc 1 2191 15
 6007 000e FB68     		ldr	r3, [r7, #12]
 6008 0010 0122     		movs	r2, #1
 6009 0012 83F83D20 		strb	r2, [r3, #61]
2192:Drivers/STM32F1xx_HAL_Driver/Src/stm32f1xx_hal_tim_ex.c **** 
2193:Drivers/STM32F1xx_HAL_Driver/Src/stm32f1xx_hal_tim_ex.c **** #if (USE_HAL_TIM_REGISTER_CALLBACKS == 1)
2194:Drivers/STM32F1xx_HAL_Driver/Src/stm32f1xx_hal_tim_ex.c ****   htim->CommutationHalfCpltCallback(htim);
2195:Drivers/STM32F1xx_HAL_Driver/Src/stm32f1xx_hal_tim_ex.c **** #else
2196:Drivers/STM32F1xx_HAL_Driver/Src/stm32f1xx_hal_tim_ex.c ****   HAL_TIMEx_CommutHalfCpltCallback(htim);
ARM GAS  /tmp/ccydCXE5.s 			page 146


 6010              		.loc 1 2196 3
 6011 0016 F868     		ldr	r0, [r7, #12]
 6012 0018 FFF7FEFF 		bl	HAL_TIMEx_CommutHalfCpltCallback
2197:Drivers/STM32F1xx_HAL_Driver/Src/stm32f1xx_hal_tim_ex.c **** #endif /* USE_HAL_TIM_REGISTER_CALLBACKS */
2198:Drivers/STM32F1xx_HAL_Driver/Src/stm32f1xx_hal_tim_ex.c **** }
 6013              		.loc 1 2198 1
 6014 001c 00BF     		nop
 6015 001e 1037     		adds	r7, r7, #16
 6016              	.LCFI206:
 6017              		.cfi_def_cfa_offset 8
 6018 0020 BD46     		mov	sp, r7
 6019              	.LCFI207:
 6020              		.cfi_def_cfa_register 13
 6021              		@ sp needed
 6022 0022 80BD     		pop	{r7, pc}
 6023              		.cfi_endproc
 6024              	.LFE103:
 6026              		.section	.text.TIM_DMADelayPulseNCplt,"ax",%progbits
 6027              		.align	1
 6028              		.syntax unified
 6029              		.thumb
 6030              		.thumb_func
 6032              	TIM_DMADelayPulseNCplt:
 6033              	.LFB104:
2199:Drivers/STM32F1xx_HAL_Driver/Src/stm32f1xx_hal_tim_ex.c **** 
2200:Drivers/STM32F1xx_HAL_Driver/Src/stm32f1xx_hal_tim_ex.c **** 
2201:Drivers/STM32F1xx_HAL_Driver/Src/stm32f1xx_hal_tim_ex.c **** /**
2202:Drivers/STM32F1xx_HAL_Driver/Src/stm32f1xx_hal_tim_ex.c ****   * @brief  TIM DMA Delay Pulse complete callback (complementary channel).
2203:Drivers/STM32F1xx_HAL_Driver/Src/stm32f1xx_hal_tim_ex.c ****   * @param  hdma pointer to DMA handle.
2204:Drivers/STM32F1xx_HAL_Driver/Src/stm32f1xx_hal_tim_ex.c ****   * @retval None
2205:Drivers/STM32F1xx_HAL_Driver/Src/stm32f1xx_hal_tim_ex.c ****   */
2206:Drivers/STM32F1xx_HAL_Driver/Src/stm32f1xx_hal_tim_ex.c **** static void TIM_DMADelayPulseNCplt(DMA_HandleTypeDef *hdma)
2207:Drivers/STM32F1xx_HAL_Driver/Src/stm32f1xx_hal_tim_ex.c **** {
 6034              		.loc 1 2207 1
 6035              		.cfi_startproc
 6036              		@ args = 0, pretend = 0, frame = 16
 6037              		@ frame_needed = 1, uses_anonymous_args = 0
 6038 0000 80B5     		push	{r7, lr}
 6039              	.LCFI208:
 6040              		.cfi_def_cfa_offset 8
 6041              		.cfi_offset 7, -8
 6042              		.cfi_offset 14, -4
 6043 0002 84B0     		sub	sp, sp, #16
 6044              	.LCFI209:
 6045              		.cfi_def_cfa_offset 24
 6046 0004 00AF     		add	r7, sp, #0
 6047              	.LCFI210:
 6048              		.cfi_def_cfa_register 7
 6049 0006 7860     		str	r0, [r7, #4]
2208:Drivers/STM32F1xx_HAL_Driver/Src/stm32f1xx_hal_tim_ex.c ****   TIM_HandleTypeDef *htim = (TIM_HandleTypeDef *)((DMA_HandleTypeDef *)hdma)->Parent;
 6050              		.loc 1 2208 22
 6051 0008 7B68     		ldr	r3, [r7, #4]
 6052 000a 5B6A     		ldr	r3, [r3, #36]
 6053 000c FB60     		str	r3, [r7, #12]
2209:Drivers/STM32F1xx_HAL_Driver/Src/stm32f1xx_hal_tim_ex.c **** 
2210:Drivers/STM32F1xx_HAL_Driver/Src/stm32f1xx_hal_tim_ex.c ****   if (hdma == htim->hdma[TIM_DMA_ID_CC1])
 6054              		.loc 1 2210 25
ARM GAS  /tmp/ccydCXE5.s 			page 147


 6055 000e FB68     		ldr	r3, [r7, #12]
 6056 0010 5B6A     		ldr	r3, [r3, #36]
 6057              		.loc 1 2210 6
 6058 0012 7A68     		ldr	r2, [r7, #4]
 6059 0014 9A42     		cmp	r2, r3
 6060 0016 0BD1     		bne	.L382
2211:Drivers/STM32F1xx_HAL_Driver/Src/stm32f1xx_hal_tim_ex.c ****   {
2212:Drivers/STM32F1xx_HAL_Driver/Src/stm32f1xx_hal_tim_ex.c ****     htim->Channel = HAL_TIM_ACTIVE_CHANNEL_1;
 6061              		.loc 1 2212 19
 6062 0018 FB68     		ldr	r3, [r7, #12]
 6063 001a 0122     		movs	r2, #1
 6064 001c 1A77     		strb	r2, [r3, #28]
2213:Drivers/STM32F1xx_HAL_Driver/Src/stm32f1xx_hal_tim_ex.c **** 
2214:Drivers/STM32F1xx_HAL_Driver/Src/stm32f1xx_hal_tim_ex.c ****     if (hdma->Init.Mode == DMA_NORMAL)
 6065              		.loc 1 2214 19
 6066 001e 7B68     		ldr	r3, [r7, #4]
 6067 0020 9B69     		ldr	r3, [r3, #24]
 6068              		.loc 1 2214 8
 6069 0022 002B     		cmp	r3, #0
 6070 0024 36D1     		bne	.L383
2215:Drivers/STM32F1xx_HAL_Driver/Src/stm32f1xx_hal_tim_ex.c ****     {
2216:Drivers/STM32F1xx_HAL_Driver/Src/stm32f1xx_hal_tim_ex.c ****       TIM_CHANNEL_N_STATE_SET(htim, TIM_CHANNEL_1, HAL_TIM_CHANNEL_STATE_READY);
 6071              		.loc 1 2216 7
 6072 0026 FB68     		ldr	r3, [r7, #12]
 6073 0028 0122     		movs	r2, #1
 6074 002a 83F84220 		strb	r2, [r3, #66]
 6075 002e 31E0     		b	.L383
 6076              	.L382:
2217:Drivers/STM32F1xx_HAL_Driver/Src/stm32f1xx_hal_tim_ex.c ****     }
2218:Drivers/STM32F1xx_HAL_Driver/Src/stm32f1xx_hal_tim_ex.c ****   }
2219:Drivers/STM32F1xx_HAL_Driver/Src/stm32f1xx_hal_tim_ex.c ****   else if (hdma == htim->hdma[TIM_DMA_ID_CC2])
 6077              		.loc 1 2219 30
 6078 0030 FB68     		ldr	r3, [r7, #12]
 6079 0032 9B6A     		ldr	r3, [r3, #40]
 6080              		.loc 1 2219 11
 6081 0034 7A68     		ldr	r2, [r7, #4]
 6082 0036 9A42     		cmp	r2, r3
 6083 0038 0BD1     		bne	.L384
2220:Drivers/STM32F1xx_HAL_Driver/Src/stm32f1xx_hal_tim_ex.c ****   {
2221:Drivers/STM32F1xx_HAL_Driver/Src/stm32f1xx_hal_tim_ex.c ****     htim->Channel = HAL_TIM_ACTIVE_CHANNEL_2;
 6084              		.loc 1 2221 19
 6085 003a FB68     		ldr	r3, [r7, #12]
 6086 003c 0222     		movs	r2, #2
 6087 003e 1A77     		strb	r2, [r3, #28]
2222:Drivers/STM32F1xx_HAL_Driver/Src/stm32f1xx_hal_tim_ex.c **** 
2223:Drivers/STM32F1xx_HAL_Driver/Src/stm32f1xx_hal_tim_ex.c ****     if (hdma->Init.Mode == DMA_NORMAL)
 6088              		.loc 1 2223 19
 6089 0040 7B68     		ldr	r3, [r7, #4]
 6090 0042 9B69     		ldr	r3, [r3, #24]
 6091              		.loc 1 2223 8
 6092 0044 002B     		cmp	r3, #0
 6093 0046 25D1     		bne	.L383
2224:Drivers/STM32F1xx_HAL_Driver/Src/stm32f1xx_hal_tim_ex.c ****     {
2225:Drivers/STM32F1xx_HAL_Driver/Src/stm32f1xx_hal_tim_ex.c ****       TIM_CHANNEL_N_STATE_SET(htim, TIM_CHANNEL_2, HAL_TIM_CHANNEL_STATE_READY);
 6094              		.loc 1 2225 7
 6095 0048 FB68     		ldr	r3, [r7, #12]
 6096 004a 0122     		movs	r2, #1
ARM GAS  /tmp/ccydCXE5.s 			page 148


 6097 004c 83F84320 		strb	r2, [r3, #67]
 6098 0050 20E0     		b	.L383
 6099              	.L384:
2226:Drivers/STM32F1xx_HAL_Driver/Src/stm32f1xx_hal_tim_ex.c ****     }
2227:Drivers/STM32F1xx_HAL_Driver/Src/stm32f1xx_hal_tim_ex.c ****   }
2228:Drivers/STM32F1xx_HAL_Driver/Src/stm32f1xx_hal_tim_ex.c ****   else if (hdma == htim->hdma[TIM_DMA_ID_CC3])
 6100              		.loc 1 2228 30
 6101 0052 FB68     		ldr	r3, [r7, #12]
 6102 0054 DB6A     		ldr	r3, [r3, #44]
 6103              		.loc 1 2228 11
 6104 0056 7A68     		ldr	r2, [r7, #4]
 6105 0058 9A42     		cmp	r2, r3
 6106 005a 0BD1     		bne	.L385
2229:Drivers/STM32F1xx_HAL_Driver/Src/stm32f1xx_hal_tim_ex.c ****   {
2230:Drivers/STM32F1xx_HAL_Driver/Src/stm32f1xx_hal_tim_ex.c ****     htim->Channel = HAL_TIM_ACTIVE_CHANNEL_3;
 6107              		.loc 1 2230 19
 6108 005c FB68     		ldr	r3, [r7, #12]
 6109 005e 0422     		movs	r2, #4
 6110 0060 1A77     		strb	r2, [r3, #28]
2231:Drivers/STM32F1xx_HAL_Driver/Src/stm32f1xx_hal_tim_ex.c **** 
2232:Drivers/STM32F1xx_HAL_Driver/Src/stm32f1xx_hal_tim_ex.c ****     if (hdma->Init.Mode == DMA_NORMAL)
 6111              		.loc 1 2232 19
 6112 0062 7B68     		ldr	r3, [r7, #4]
 6113 0064 9B69     		ldr	r3, [r3, #24]
 6114              		.loc 1 2232 8
 6115 0066 002B     		cmp	r3, #0
 6116 0068 14D1     		bne	.L383
2233:Drivers/STM32F1xx_HAL_Driver/Src/stm32f1xx_hal_tim_ex.c ****     {
2234:Drivers/STM32F1xx_HAL_Driver/Src/stm32f1xx_hal_tim_ex.c ****       TIM_CHANNEL_N_STATE_SET(htim, TIM_CHANNEL_3, HAL_TIM_CHANNEL_STATE_READY);
 6117              		.loc 1 2234 7
 6118 006a FB68     		ldr	r3, [r7, #12]
 6119 006c 0122     		movs	r2, #1
 6120 006e 83F84420 		strb	r2, [r3, #68]
 6121 0072 0FE0     		b	.L383
 6122              	.L385:
2235:Drivers/STM32F1xx_HAL_Driver/Src/stm32f1xx_hal_tim_ex.c ****     }
2236:Drivers/STM32F1xx_HAL_Driver/Src/stm32f1xx_hal_tim_ex.c ****   }
2237:Drivers/STM32F1xx_HAL_Driver/Src/stm32f1xx_hal_tim_ex.c ****   else if (hdma == htim->hdma[TIM_DMA_ID_CC4])
 6123              		.loc 1 2237 30
 6124 0074 FB68     		ldr	r3, [r7, #12]
 6125 0076 1B6B     		ldr	r3, [r3, #48]
 6126              		.loc 1 2237 11
 6127 0078 7A68     		ldr	r2, [r7, #4]
 6128 007a 9A42     		cmp	r2, r3
 6129 007c 0AD1     		bne	.L383
2238:Drivers/STM32F1xx_HAL_Driver/Src/stm32f1xx_hal_tim_ex.c ****   {
2239:Drivers/STM32F1xx_HAL_Driver/Src/stm32f1xx_hal_tim_ex.c ****     htim->Channel = HAL_TIM_ACTIVE_CHANNEL_4;
 6130              		.loc 1 2239 19
 6131 007e FB68     		ldr	r3, [r7, #12]
 6132 0080 0822     		movs	r2, #8
 6133 0082 1A77     		strb	r2, [r3, #28]
2240:Drivers/STM32F1xx_HAL_Driver/Src/stm32f1xx_hal_tim_ex.c **** 
2241:Drivers/STM32F1xx_HAL_Driver/Src/stm32f1xx_hal_tim_ex.c ****     if (hdma->Init.Mode == DMA_NORMAL)
 6134              		.loc 1 2241 19
 6135 0084 7B68     		ldr	r3, [r7, #4]
 6136 0086 9B69     		ldr	r3, [r3, #24]
 6137              		.loc 1 2241 8
ARM GAS  /tmp/ccydCXE5.s 			page 149


 6138 0088 002B     		cmp	r3, #0
 6139 008a 03D1     		bne	.L383
2242:Drivers/STM32F1xx_HAL_Driver/Src/stm32f1xx_hal_tim_ex.c ****     {
2243:Drivers/STM32F1xx_HAL_Driver/Src/stm32f1xx_hal_tim_ex.c ****       TIM_CHANNEL_N_STATE_SET(htim, TIM_CHANNEL_4, HAL_TIM_CHANNEL_STATE_READY);
 6140              		.loc 1 2243 7
 6141 008c FB68     		ldr	r3, [r7, #12]
 6142 008e 0122     		movs	r2, #1
 6143 0090 83F84520 		strb	r2, [r3, #69]
 6144              	.L383:
2244:Drivers/STM32F1xx_HAL_Driver/Src/stm32f1xx_hal_tim_ex.c ****     }
2245:Drivers/STM32F1xx_HAL_Driver/Src/stm32f1xx_hal_tim_ex.c ****   }
2246:Drivers/STM32F1xx_HAL_Driver/Src/stm32f1xx_hal_tim_ex.c ****   else
2247:Drivers/STM32F1xx_HAL_Driver/Src/stm32f1xx_hal_tim_ex.c ****   {
2248:Drivers/STM32F1xx_HAL_Driver/Src/stm32f1xx_hal_tim_ex.c ****     /* nothing to do */
2249:Drivers/STM32F1xx_HAL_Driver/Src/stm32f1xx_hal_tim_ex.c ****   }
2250:Drivers/STM32F1xx_HAL_Driver/Src/stm32f1xx_hal_tim_ex.c **** 
2251:Drivers/STM32F1xx_HAL_Driver/Src/stm32f1xx_hal_tim_ex.c **** #if (USE_HAL_TIM_REGISTER_CALLBACKS == 1)
2252:Drivers/STM32F1xx_HAL_Driver/Src/stm32f1xx_hal_tim_ex.c ****   htim->PWM_PulseFinishedCallback(htim);
2253:Drivers/STM32F1xx_HAL_Driver/Src/stm32f1xx_hal_tim_ex.c **** #else
2254:Drivers/STM32F1xx_HAL_Driver/Src/stm32f1xx_hal_tim_ex.c ****   HAL_TIM_PWM_PulseFinishedCallback(htim);
 6145              		.loc 1 2254 3
 6146 0094 F868     		ldr	r0, [r7, #12]
 6147 0096 FFF7FEFF 		bl	HAL_TIM_PWM_PulseFinishedCallback
2255:Drivers/STM32F1xx_HAL_Driver/Src/stm32f1xx_hal_tim_ex.c **** #endif /* USE_HAL_TIM_REGISTER_CALLBACKS */
2256:Drivers/STM32F1xx_HAL_Driver/Src/stm32f1xx_hal_tim_ex.c **** 
2257:Drivers/STM32F1xx_HAL_Driver/Src/stm32f1xx_hal_tim_ex.c ****   htim->Channel = HAL_TIM_ACTIVE_CHANNEL_CLEARED;
 6148              		.loc 1 2257 17
 6149 009a FB68     		ldr	r3, [r7, #12]
 6150 009c 0022     		movs	r2, #0
 6151 009e 1A77     		strb	r2, [r3, #28]
2258:Drivers/STM32F1xx_HAL_Driver/Src/stm32f1xx_hal_tim_ex.c **** }
 6152              		.loc 1 2258 1
 6153 00a0 00BF     		nop
 6154 00a2 1037     		adds	r7, r7, #16
 6155              	.LCFI211:
 6156              		.cfi_def_cfa_offset 8
 6157 00a4 BD46     		mov	sp, r7
 6158              	.LCFI212:
 6159              		.cfi_def_cfa_register 13
 6160              		@ sp needed
 6161 00a6 80BD     		pop	{r7, pc}
 6162              		.cfi_endproc
 6163              	.LFE104:
 6165              		.section	.text.TIM_DMAErrorCCxN,"ax",%progbits
 6166              		.align	1
 6167              		.syntax unified
 6168              		.thumb
 6169              		.thumb_func
 6171              	TIM_DMAErrorCCxN:
 6172              	.LFB105:
2259:Drivers/STM32F1xx_HAL_Driver/Src/stm32f1xx_hal_tim_ex.c **** 
2260:Drivers/STM32F1xx_HAL_Driver/Src/stm32f1xx_hal_tim_ex.c **** /**
2261:Drivers/STM32F1xx_HAL_Driver/Src/stm32f1xx_hal_tim_ex.c ****   * @brief  TIM DMA error callback (complementary channel)
2262:Drivers/STM32F1xx_HAL_Driver/Src/stm32f1xx_hal_tim_ex.c ****   * @param  hdma pointer to DMA handle.
2263:Drivers/STM32F1xx_HAL_Driver/Src/stm32f1xx_hal_tim_ex.c ****   * @retval None
2264:Drivers/STM32F1xx_HAL_Driver/Src/stm32f1xx_hal_tim_ex.c ****   */
2265:Drivers/STM32F1xx_HAL_Driver/Src/stm32f1xx_hal_tim_ex.c **** static void TIM_DMAErrorCCxN(DMA_HandleTypeDef *hdma)
ARM GAS  /tmp/ccydCXE5.s 			page 150


2266:Drivers/STM32F1xx_HAL_Driver/Src/stm32f1xx_hal_tim_ex.c **** {
 6173              		.loc 1 2266 1
 6174              		.cfi_startproc
 6175              		@ args = 0, pretend = 0, frame = 16
 6176              		@ frame_needed = 1, uses_anonymous_args = 0
 6177 0000 80B5     		push	{r7, lr}
 6178              	.LCFI213:
 6179              		.cfi_def_cfa_offset 8
 6180              		.cfi_offset 7, -8
 6181              		.cfi_offset 14, -4
 6182 0002 84B0     		sub	sp, sp, #16
 6183              	.LCFI214:
 6184              		.cfi_def_cfa_offset 24
 6185 0004 00AF     		add	r7, sp, #0
 6186              	.LCFI215:
 6187              		.cfi_def_cfa_register 7
 6188 0006 7860     		str	r0, [r7, #4]
2267:Drivers/STM32F1xx_HAL_Driver/Src/stm32f1xx_hal_tim_ex.c ****   TIM_HandleTypeDef *htim = (TIM_HandleTypeDef *)((DMA_HandleTypeDef *)hdma)->Parent;
 6189              		.loc 1 2267 22
 6190 0008 7B68     		ldr	r3, [r7, #4]
 6191 000a 5B6A     		ldr	r3, [r3, #36]
 6192 000c FB60     		str	r3, [r7, #12]
2268:Drivers/STM32F1xx_HAL_Driver/Src/stm32f1xx_hal_tim_ex.c **** 
2269:Drivers/STM32F1xx_HAL_Driver/Src/stm32f1xx_hal_tim_ex.c ****   if (hdma == htim->hdma[TIM_DMA_ID_CC1])
 6193              		.loc 1 2269 25
 6194 000e FB68     		ldr	r3, [r7, #12]
 6195 0010 5B6A     		ldr	r3, [r3, #36]
 6196              		.loc 1 2269 6
 6197 0012 7A68     		ldr	r2, [r7, #4]
 6198 0014 9A42     		cmp	r2, r3
 6199 0016 07D1     		bne	.L387
2270:Drivers/STM32F1xx_HAL_Driver/Src/stm32f1xx_hal_tim_ex.c ****   {
2271:Drivers/STM32F1xx_HAL_Driver/Src/stm32f1xx_hal_tim_ex.c ****     htim->Channel = HAL_TIM_ACTIVE_CHANNEL_1;
 6200              		.loc 1 2271 19
 6201 0018 FB68     		ldr	r3, [r7, #12]
 6202 001a 0122     		movs	r2, #1
 6203 001c 1A77     		strb	r2, [r3, #28]
2272:Drivers/STM32F1xx_HAL_Driver/Src/stm32f1xx_hal_tim_ex.c ****     TIM_CHANNEL_N_STATE_SET(htim, TIM_CHANNEL_1, HAL_TIM_CHANNEL_STATE_READY);
 6204              		.loc 1 2272 5
 6205 001e FB68     		ldr	r3, [r7, #12]
 6206 0020 0122     		movs	r2, #1
 6207 0022 83F84220 		strb	r2, [r3, #66]
 6208 0026 18E0     		b	.L388
 6209              	.L387:
2273:Drivers/STM32F1xx_HAL_Driver/Src/stm32f1xx_hal_tim_ex.c ****   }
2274:Drivers/STM32F1xx_HAL_Driver/Src/stm32f1xx_hal_tim_ex.c ****   else if (hdma == htim->hdma[TIM_DMA_ID_CC2])
 6210              		.loc 1 2274 30
 6211 0028 FB68     		ldr	r3, [r7, #12]
 6212 002a 9B6A     		ldr	r3, [r3, #40]
 6213              		.loc 1 2274 11
 6214 002c 7A68     		ldr	r2, [r7, #4]
 6215 002e 9A42     		cmp	r2, r3
 6216 0030 07D1     		bne	.L389
2275:Drivers/STM32F1xx_HAL_Driver/Src/stm32f1xx_hal_tim_ex.c ****   {
2276:Drivers/STM32F1xx_HAL_Driver/Src/stm32f1xx_hal_tim_ex.c ****     htim->Channel = HAL_TIM_ACTIVE_CHANNEL_2;
 6217              		.loc 1 2276 19
 6218 0032 FB68     		ldr	r3, [r7, #12]
ARM GAS  /tmp/ccydCXE5.s 			page 151


 6219 0034 0222     		movs	r2, #2
 6220 0036 1A77     		strb	r2, [r3, #28]
2277:Drivers/STM32F1xx_HAL_Driver/Src/stm32f1xx_hal_tim_ex.c ****     TIM_CHANNEL_N_STATE_SET(htim, TIM_CHANNEL_2, HAL_TIM_CHANNEL_STATE_READY);
 6221              		.loc 1 2277 5
 6222 0038 FB68     		ldr	r3, [r7, #12]
 6223 003a 0122     		movs	r2, #1
 6224 003c 83F84320 		strb	r2, [r3, #67]
 6225 0040 0BE0     		b	.L388
 6226              	.L389:
2278:Drivers/STM32F1xx_HAL_Driver/Src/stm32f1xx_hal_tim_ex.c ****   }
2279:Drivers/STM32F1xx_HAL_Driver/Src/stm32f1xx_hal_tim_ex.c ****   else if (hdma == htim->hdma[TIM_DMA_ID_CC3])
 6227              		.loc 1 2279 30
 6228 0042 FB68     		ldr	r3, [r7, #12]
 6229 0044 DB6A     		ldr	r3, [r3, #44]
 6230              		.loc 1 2279 11
 6231 0046 7A68     		ldr	r2, [r7, #4]
 6232 0048 9A42     		cmp	r2, r3
 6233 004a 06D1     		bne	.L388
2280:Drivers/STM32F1xx_HAL_Driver/Src/stm32f1xx_hal_tim_ex.c ****   {
2281:Drivers/STM32F1xx_HAL_Driver/Src/stm32f1xx_hal_tim_ex.c ****     htim->Channel = HAL_TIM_ACTIVE_CHANNEL_3;
 6234              		.loc 1 2281 19
 6235 004c FB68     		ldr	r3, [r7, #12]
 6236 004e 0422     		movs	r2, #4
 6237 0050 1A77     		strb	r2, [r3, #28]
2282:Drivers/STM32F1xx_HAL_Driver/Src/stm32f1xx_hal_tim_ex.c ****     TIM_CHANNEL_N_STATE_SET(htim, TIM_CHANNEL_3, HAL_TIM_CHANNEL_STATE_READY);
 6238              		.loc 1 2282 5
 6239 0052 FB68     		ldr	r3, [r7, #12]
 6240 0054 0122     		movs	r2, #1
 6241 0056 83F84420 		strb	r2, [r3, #68]
 6242              	.L388:
2283:Drivers/STM32F1xx_HAL_Driver/Src/stm32f1xx_hal_tim_ex.c ****   }
2284:Drivers/STM32F1xx_HAL_Driver/Src/stm32f1xx_hal_tim_ex.c ****   else
2285:Drivers/STM32F1xx_HAL_Driver/Src/stm32f1xx_hal_tim_ex.c ****   {
2286:Drivers/STM32F1xx_HAL_Driver/Src/stm32f1xx_hal_tim_ex.c ****     /* nothing to do */
2287:Drivers/STM32F1xx_HAL_Driver/Src/stm32f1xx_hal_tim_ex.c ****   }
2288:Drivers/STM32F1xx_HAL_Driver/Src/stm32f1xx_hal_tim_ex.c **** 
2289:Drivers/STM32F1xx_HAL_Driver/Src/stm32f1xx_hal_tim_ex.c **** #if (USE_HAL_TIM_REGISTER_CALLBACKS == 1)
2290:Drivers/STM32F1xx_HAL_Driver/Src/stm32f1xx_hal_tim_ex.c ****   htim->ErrorCallback(htim);
2291:Drivers/STM32F1xx_HAL_Driver/Src/stm32f1xx_hal_tim_ex.c **** #else
2292:Drivers/STM32F1xx_HAL_Driver/Src/stm32f1xx_hal_tim_ex.c ****   HAL_TIM_ErrorCallback(htim);
 6243              		.loc 1 2292 3
 6244 005a F868     		ldr	r0, [r7, #12]
 6245 005c FFF7FEFF 		bl	HAL_TIM_ErrorCallback
2293:Drivers/STM32F1xx_HAL_Driver/Src/stm32f1xx_hal_tim_ex.c **** #endif /* USE_HAL_TIM_REGISTER_CALLBACKS */
2294:Drivers/STM32F1xx_HAL_Driver/Src/stm32f1xx_hal_tim_ex.c **** 
2295:Drivers/STM32F1xx_HAL_Driver/Src/stm32f1xx_hal_tim_ex.c ****   htim->Channel = HAL_TIM_ACTIVE_CHANNEL_CLEARED;
 6246              		.loc 1 2295 17
 6247 0060 FB68     		ldr	r3, [r7, #12]
 6248 0062 0022     		movs	r2, #0
 6249 0064 1A77     		strb	r2, [r3, #28]
2296:Drivers/STM32F1xx_HAL_Driver/Src/stm32f1xx_hal_tim_ex.c **** }
 6250              		.loc 1 2296 1
 6251 0066 00BF     		nop
 6252 0068 1037     		adds	r7, r7, #16
 6253              	.LCFI216:
 6254              		.cfi_def_cfa_offset 8
 6255 006a BD46     		mov	sp, r7
ARM GAS  /tmp/ccydCXE5.s 			page 152


 6256              	.LCFI217:
 6257              		.cfi_def_cfa_register 13
 6258              		@ sp needed
 6259 006c 80BD     		pop	{r7, pc}
 6260              		.cfi_endproc
 6261              	.LFE105:
 6263              		.section	.text.TIM_CCxNChannelCmd,"ax",%progbits
 6264              		.align	1
 6265              		.syntax unified
 6266              		.thumb
 6267              		.thumb_func
 6269              	TIM_CCxNChannelCmd:
 6270              	.LFB106:
2297:Drivers/STM32F1xx_HAL_Driver/Src/stm32f1xx_hal_tim_ex.c **** 
2298:Drivers/STM32F1xx_HAL_Driver/Src/stm32f1xx_hal_tim_ex.c **** /**
2299:Drivers/STM32F1xx_HAL_Driver/Src/stm32f1xx_hal_tim_ex.c ****   * @brief  Enables or disables the TIM Capture Compare Channel xN.
2300:Drivers/STM32F1xx_HAL_Driver/Src/stm32f1xx_hal_tim_ex.c ****   * @param  TIMx to select the TIM peripheral
2301:Drivers/STM32F1xx_HAL_Driver/Src/stm32f1xx_hal_tim_ex.c ****   * @param  Channel specifies the TIM Channel
2302:Drivers/STM32F1xx_HAL_Driver/Src/stm32f1xx_hal_tim_ex.c ****   *          This parameter can be one of the following values:
2303:Drivers/STM32F1xx_HAL_Driver/Src/stm32f1xx_hal_tim_ex.c ****   *            @arg TIM_CHANNEL_1: TIM Channel 1
2304:Drivers/STM32F1xx_HAL_Driver/Src/stm32f1xx_hal_tim_ex.c ****   *            @arg TIM_CHANNEL_2: TIM Channel 2
2305:Drivers/STM32F1xx_HAL_Driver/Src/stm32f1xx_hal_tim_ex.c ****   *            @arg TIM_CHANNEL_3: TIM Channel 3
2306:Drivers/STM32F1xx_HAL_Driver/Src/stm32f1xx_hal_tim_ex.c ****   * @param  ChannelNState specifies the TIM Channel CCxNE bit new state.
2307:Drivers/STM32F1xx_HAL_Driver/Src/stm32f1xx_hal_tim_ex.c ****   *          This parameter can be: TIM_CCxN_ENABLE or TIM_CCxN_Disable.
2308:Drivers/STM32F1xx_HAL_Driver/Src/stm32f1xx_hal_tim_ex.c ****   * @retval None
2309:Drivers/STM32F1xx_HAL_Driver/Src/stm32f1xx_hal_tim_ex.c ****   */
2310:Drivers/STM32F1xx_HAL_Driver/Src/stm32f1xx_hal_tim_ex.c **** static void TIM_CCxNChannelCmd(TIM_TypeDef *TIMx, uint32_t Channel, uint32_t ChannelNState)
2311:Drivers/STM32F1xx_HAL_Driver/Src/stm32f1xx_hal_tim_ex.c **** {
 6271              		.loc 1 2311 1
 6272              		.cfi_startproc
 6273              		@ args = 0, pretend = 0, frame = 24
 6274              		@ frame_needed = 1, uses_anonymous_args = 0
 6275              		@ link register save eliminated.
 6276 0000 80B4     		push	{r7}
 6277              	.LCFI218:
 6278              		.cfi_def_cfa_offset 4
 6279              		.cfi_offset 7, -4
 6280 0002 87B0     		sub	sp, sp, #28
 6281              	.LCFI219:
 6282              		.cfi_def_cfa_offset 32
 6283 0004 00AF     		add	r7, sp, #0
 6284              	.LCFI220:
 6285              		.cfi_def_cfa_register 7
 6286 0006 F860     		str	r0, [r7, #12]
 6287 0008 B960     		str	r1, [r7, #8]
 6288 000a 7A60     		str	r2, [r7, #4]
2312:Drivers/STM32F1xx_HAL_Driver/Src/stm32f1xx_hal_tim_ex.c ****   uint32_t tmp;
2313:Drivers/STM32F1xx_HAL_Driver/Src/stm32f1xx_hal_tim_ex.c **** 
2314:Drivers/STM32F1xx_HAL_Driver/Src/stm32f1xx_hal_tim_ex.c ****   tmp = TIM_CCER_CC1NE << (Channel & 0x1FU); /* 0x1FU = 31 bits max shift */
 6289              		.loc 1 2314 36
 6290 000c BB68     		ldr	r3, [r7, #8]
 6291 000e 03F01F03 		and	r3, r3, #31
 6292              		.loc 1 2314 7
 6293 0012 0422     		movs	r2, #4
 6294 0014 02FA03F3 		lsl	r3, r2, r3
 6295 0018 7B61     		str	r3, [r7, #20]
2315:Drivers/STM32F1xx_HAL_Driver/Src/stm32f1xx_hal_tim_ex.c **** 
ARM GAS  /tmp/ccydCXE5.s 			page 153


2316:Drivers/STM32F1xx_HAL_Driver/Src/stm32f1xx_hal_tim_ex.c ****   /* Reset the CCxNE Bit */
2317:Drivers/STM32F1xx_HAL_Driver/Src/stm32f1xx_hal_tim_ex.c ****   TIMx->CCER &=  ~tmp;
 6296              		.loc 1 2317 7
 6297 001a FB68     		ldr	r3, [r7, #12]
 6298 001c 1A6A     		ldr	r2, [r3, #32]
 6299              		.loc 1 2317 18
 6300 001e 7B69     		ldr	r3, [r7, #20]
 6301 0020 DB43     		mvns	r3, r3
 6302              		.loc 1 2317 14
 6303 0022 1A40     		ands	r2, r2, r3
 6304 0024 FB68     		ldr	r3, [r7, #12]
 6305 0026 1A62     		str	r2, [r3, #32]
2318:Drivers/STM32F1xx_HAL_Driver/Src/stm32f1xx_hal_tim_ex.c **** 
2319:Drivers/STM32F1xx_HAL_Driver/Src/stm32f1xx_hal_tim_ex.c ****   /* Set or reset the CCxNE Bit */
2320:Drivers/STM32F1xx_HAL_Driver/Src/stm32f1xx_hal_tim_ex.c ****   TIMx->CCER |= (uint32_t)(ChannelNState << (Channel & 0x1FU)); /* 0x1FU = 31 bits max shift */
 6306              		.loc 1 2320 7
 6307 0028 FB68     		ldr	r3, [r7, #12]
 6308 002a 1A6A     		ldr	r2, [r3, #32]
 6309              		.loc 1 2320 54
 6310 002c BB68     		ldr	r3, [r7, #8]
 6311 002e 03F01F03 		and	r3, r3, #31
 6312              		.loc 1 2320 42
 6313 0032 7968     		ldr	r1, [r7, #4]
 6314 0034 01FA03F3 		lsl	r3, r1, r3
 6315              		.loc 1 2320 14
 6316 0038 1A43     		orrs	r2, r2, r3
 6317 003a FB68     		ldr	r3, [r7, #12]
 6318 003c 1A62     		str	r2, [r3, #32]
2321:Drivers/STM32F1xx_HAL_Driver/Src/stm32f1xx_hal_tim_ex.c **** }
 6319              		.loc 1 2321 1
 6320 003e 00BF     		nop
 6321 0040 1C37     		adds	r7, r7, #28
 6322              	.LCFI221:
 6323              		.cfi_def_cfa_offset 4
 6324 0042 BD46     		mov	sp, r7
 6325              	.LCFI222:
 6326              		.cfi_def_cfa_register 13
 6327              		@ sp needed
 6328 0044 80BC     		pop	{r7}
 6329              	.LCFI223:
 6330              		.cfi_restore 7
 6331              		.cfi_def_cfa_offset 0
 6332 0046 7047     		bx	lr
 6333              		.cfi_endproc
 6334              	.LFE106:
 6336              		.text
 6337              	.Letext0:
 6338              		.file 2 "/opt/arm-gnu-toolchain-12.2.rel1-x86_64-arm-none-eabi/arm-none-eabi/include/machine/_defa
 6339              		.file 3 "/opt/arm-gnu-toolchain-12.2.rel1-x86_64-arm-none-eabi/arm-none-eabi/include/sys/_stdint.h
 6340              		.file 4 "Drivers/CMSIS/Device/ST/STM32F1xx/Include/stm32f103xb.h"
 6341              		.file 5 "Drivers/CMSIS/Device/ST/STM32F1xx/Include/stm32f1xx.h"
 6342              		.file 6 "Drivers/STM32F1xx_HAL_Driver/Inc/stm32f1xx_hal_def.h"
 6343              		.file 7 "Drivers/STM32F1xx_HAL_Driver/Inc/stm32f1xx_hal_dma.h"
 6344              		.file 8 "Drivers/STM32F1xx_HAL_Driver/Inc/stm32f1xx_hal_tim.h"
 6345              		.file 9 "Drivers/STM32F1xx_HAL_Driver/Inc/stm32f1xx_hal_tim_ex.h"
ARM GAS  /tmp/ccydCXE5.s 			page 154


DEFINED SYMBOLS
                            *ABS*:0000000000000000 stm32f1xx_hal_tim_ex.c
     /tmp/ccydCXE5.s:19     .text.HAL_TIMEx_HallSensor_Init:0000000000000000 $t
     /tmp/ccydCXE5.s:25     .text.HAL_TIMEx_HallSensor_Init:0000000000000000 HAL_TIMEx_HallSensor_Init
     /tmp/ccydCXE5.s:367    .text.HAL_TIMEx_HallSensor_MspInit:0000000000000000 HAL_TIMEx_HallSensor_MspInit
     /tmp/ccydCXE5.s:261    .text.HAL_TIMEx_HallSensor_DeInit:0000000000000000 $t
     /tmp/ccydCXE5.s:267    .text.HAL_TIMEx_HallSensor_DeInit:0000000000000000 HAL_TIMEx_HallSensor_DeInit
     /tmp/ccydCXE5.s:409    .text.HAL_TIMEx_HallSensor_MspDeInit:0000000000000000 HAL_TIMEx_HallSensor_MspDeInit
     /tmp/ccydCXE5.s:361    .text.HAL_TIMEx_HallSensor_MspInit:0000000000000000 $t
     /tmp/ccydCXE5.s:403    .text.HAL_TIMEx_HallSensor_MspDeInit:0000000000000000 $t
     /tmp/ccydCXE5.s:445    .text.HAL_TIMEx_HallSensor_Start:0000000000000000 $t
     /tmp/ccydCXE5.s:451    .text.HAL_TIMEx_HallSensor_Start:0000000000000000 HAL_TIMEx_HallSensor_Start
     /tmp/ccydCXE5.s:602    .text.HAL_TIMEx_HallSensor_Start:00000000000000d8 $d
     /tmp/ccydCXE5.s:609    .text.HAL_TIMEx_HallSensor_Stop:0000000000000000 $t
     /tmp/ccydCXE5.s:615    .text.HAL_TIMEx_HallSensor_Stop:0000000000000000 HAL_TIMEx_HallSensor_Stop
     /tmp/ccydCXE5.s:697    .text.HAL_TIMEx_HallSensor_Start_IT:0000000000000000 $t
     /tmp/ccydCXE5.s:703    .text.HAL_TIMEx_HallSensor_Start_IT:0000000000000000 HAL_TIMEx_HallSensor_Start_IT
     /tmp/ccydCXE5.s:862    .text.HAL_TIMEx_HallSensor_Start_IT:00000000000000e8 $d
     /tmp/ccydCXE5.s:869    .text.HAL_TIMEx_HallSensor_Stop_IT:0000000000000000 $t
     /tmp/ccydCXE5.s:875    .text.HAL_TIMEx_HallSensor_Stop_IT:0000000000000000 HAL_TIMEx_HallSensor_Stop_IT
     /tmp/ccydCXE5.s:965    .text.HAL_TIMEx_HallSensor_Start_DMA:0000000000000000 $t
     /tmp/ccydCXE5.s:971    .text.HAL_TIMEx_HallSensor_Start_DMA:0000000000000000 HAL_TIMEx_HallSensor_Start_DMA
     /tmp/ccydCXE5.s:1176   .text.HAL_TIMEx_HallSensor_Start_DMA:000000000000011c $d
     /tmp/ccydCXE5.s:1186   .text.HAL_TIMEx_HallSensor_Stop_DMA:0000000000000000 $t
     /tmp/ccydCXE5.s:1192   .text.HAL_TIMEx_HallSensor_Stop_DMA:0000000000000000 HAL_TIMEx_HallSensor_Stop_DMA
     /tmp/ccydCXE5.s:1279   .text.HAL_TIMEx_OCN_Start:0000000000000000 $t
     /tmp/ccydCXE5.s:1285   .text.HAL_TIMEx_OCN_Start:0000000000000000 HAL_TIMEx_OCN_Start
     /tmp/ccydCXE5.s:6269   .text.TIM_CCxNChannelCmd:0000000000000000 TIM_CCxNChannelCmd
     /tmp/ccydCXE5.s:1493   .text.HAL_TIMEx_OCN_Start:0000000000000130 $d
     /tmp/ccydCXE5.s:1500   .text.HAL_TIMEx_OCN_Stop:0000000000000000 $t
     /tmp/ccydCXE5.s:1506   .text.HAL_TIMEx_OCN_Stop:0000000000000000 HAL_TIMEx_OCN_Stop
     /tmp/ccydCXE5.s:1633   .text.HAL_TIMEx_OCN_Start_IT:0000000000000000 $t
     /tmp/ccydCXE5.s:1639   .text.HAL_TIMEx_OCN_Start_IT:0000000000000000 HAL_TIMEx_OCN_Start_IT
     /tmp/ccydCXE5.s:1907   .text.HAL_TIMEx_OCN_Start_IT:0000000000000190 $d
     /tmp/ccydCXE5.s:1914   .text.HAL_TIMEx_OCN_Stop_IT:0000000000000000 $t
     /tmp/ccydCXE5.s:1920   .text.HAL_TIMEx_OCN_Stop_IT:0000000000000000 HAL_TIMEx_OCN_Stop_IT
     /tmp/ccydCXE5.s:2121   .text.HAL_TIMEx_OCN_Start_DMA:0000000000000000 $t
     /tmp/ccydCXE5.s:2127   .text.HAL_TIMEx_OCN_Start_DMA:0000000000000000 HAL_TIMEx_OCN_Start_DMA
     /tmp/ccydCXE5.s:2585   .text.HAL_TIMEx_OCN_Start_DMA:00000000000002a0 $d
     /tmp/ccydCXE5.s:6032   .text.TIM_DMADelayPulseNCplt:0000000000000000 TIM_DMADelayPulseNCplt
     /tmp/ccydCXE5.s:6171   .text.TIM_DMAErrorCCxN:0000000000000000 TIM_DMAErrorCCxN
     /tmp/ccydCXE5.s:2595   .text.HAL_TIMEx_OCN_Stop_DMA:0000000000000000 $t
     /tmp/ccydCXE5.s:2601   .text.HAL_TIMEx_OCN_Stop_DMA:0000000000000000 HAL_TIMEx_OCN_Stop_DMA
     /tmp/ccydCXE5.s:2795   .text.HAL_TIMEx_PWMN_Start:0000000000000000 $t
     /tmp/ccydCXE5.s:2801   .text.HAL_TIMEx_PWMN_Start:0000000000000000 HAL_TIMEx_PWMN_Start
     /tmp/ccydCXE5.s:3009   .text.HAL_TIMEx_PWMN_Start:0000000000000130 $d
     /tmp/ccydCXE5.s:3016   .text.HAL_TIMEx_PWMN_Stop:0000000000000000 $t
     /tmp/ccydCXE5.s:3022   .text.HAL_TIMEx_PWMN_Stop:0000000000000000 HAL_TIMEx_PWMN_Stop
     /tmp/ccydCXE5.s:3149   .text.HAL_TIMEx_PWMN_Start_IT:0000000000000000 $t
     /tmp/ccydCXE5.s:3155   .text.HAL_TIMEx_PWMN_Start_IT:0000000000000000 HAL_TIMEx_PWMN_Start_IT
     /tmp/ccydCXE5.s:3423   .text.HAL_TIMEx_PWMN_Start_IT:0000000000000190 $d
     /tmp/ccydCXE5.s:3430   .text.HAL_TIMEx_PWMN_Stop_IT:0000000000000000 $t
     /tmp/ccydCXE5.s:3436   .text.HAL_TIMEx_PWMN_Stop_IT:0000000000000000 HAL_TIMEx_PWMN_Stop_IT
     /tmp/ccydCXE5.s:3637   .text.HAL_TIMEx_PWMN_Start_DMA:0000000000000000 $t
     /tmp/ccydCXE5.s:3643   .text.HAL_TIMEx_PWMN_Start_DMA:0000000000000000 HAL_TIMEx_PWMN_Start_DMA
     /tmp/ccydCXE5.s:4101   .text.HAL_TIMEx_PWMN_Start_DMA:00000000000002a0 $d
     /tmp/ccydCXE5.s:4111   .text.HAL_TIMEx_PWMN_Stop_DMA:0000000000000000 $t
ARM GAS  /tmp/ccydCXE5.s 			page 155


     /tmp/ccydCXE5.s:4117   .text.HAL_TIMEx_PWMN_Stop_DMA:0000000000000000 HAL_TIMEx_PWMN_Stop_DMA
     /tmp/ccydCXE5.s:4311   .text.HAL_TIMEx_OnePulseN_Start:0000000000000000 $t
     /tmp/ccydCXE5.s:4317   .text.HAL_TIMEx_OnePulseN_Start:0000000000000000 HAL_TIMEx_OnePulseN_Start
     /tmp/ccydCXE5.s:4441   .text.HAL_TIMEx_OnePulseN_Stop:0000000000000000 $t
     /tmp/ccydCXE5.s:4447   .text.HAL_TIMEx_OnePulseN_Stop:0000000000000000 HAL_TIMEx_OnePulseN_Stop
     /tmp/ccydCXE5.s:4575   .text.HAL_TIMEx_OnePulseN_Start_IT:0000000000000000 $t
     /tmp/ccydCXE5.s:4581   .text.HAL_TIMEx_OnePulseN_Start_IT:0000000000000000 HAL_TIMEx_OnePulseN_Start_IT
     /tmp/ccydCXE5.s:4721   .text.HAL_TIMEx_OnePulseN_Stop_IT:0000000000000000 $t
     /tmp/ccydCXE5.s:4727   .text.HAL_TIMEx_OnePulseN_Stop_IT:0000000000000000 HAL_TIMEx_OnePulseN_Stop_IT
     /tmp/ccydCXE5.s:4871   .text.HAL_TIMEx_ConfigCommutEvent:0000000000000000 $t
     /tmp/ccydCXE5.s:4877   .text.HAL_TIMEx_ConfigCommutEvent:0000000000000000 HAL_TIMEx_ConfigCommutEvent
     /tmp/ccydCXE5.s:5026   .text.HAL_TIMEx_ConfigCommutEvent_IT:0000000000000000 $t
     /tmp/ccydCXE5.s:5032   .text.HAL_TIMEx_ConfigCommutEvent_IT:0000000000000000 HAL_TIMEx_ConfigCommutEvent_IT
     /tmp/ccydCXE5.s:5181   .text.HAL_TIMEx_ConfigCommutEvent_DMA:0000000000000000 $t
     /tmp/ccydCXE5.s:5187   .text.HAL_TIMEx_ConfigCommutEvent_DMA:0000000000000000 HAL_TIMEx_ConfigCommutEvent_DMA
     /tmp/ccydCXE5.s:5353   .text.HAL_TIMEx_ConfigCommutEvent_DMA:00000000000000d8 $d
     /tmp/ccydCXE5.s:5935   .text.TIMEx_DMACommutationCplt:0000000000000000 TIMEx_DMACommutationCplt
     /tmp/ccydCXE5.s:5984   .text.TIMEx_DMACommutationHalfCplt:0000000000000000 TIMEx_DMACommutationHalfCplt
     /tmp/ccydCXE5.s:5360   .text.HAL_TIMEx_MasterConfigSynchronization:0000000000000000 $t
     /tmp/ccydCXE5.s:5366   .text.HAL_TIMEx_MasterConfigSynchronization:0000000000000000 HAL_TIMEx_MasterConfigSynchronization
     /tmp/ccydCXE5.s:5502   .text.HAL_TIMEx_MasterConfigSynchronization:00000000000000b0 $d
     /tmp/ccydCXE5.s:5509   .text.HAL_TIMEx_ConfigBreakDeadTime:0000000000000000 $t
     /tmp/ccydCXE5.s:5515   .text.HAL_TIMEx_ConfigBreakDeadTime:0000000000000000 HAL_TIMEx_ConfigBreakDeadTime
     /tmp/ccydCXE5.s:5630   .text.HAL_TIMEx_RemapConfig:0000000000000000 $t
     /tmp/ccydCXE5.s:5636   .text.HAL_TIMEx_RemapConfig:0000000000000000 HAL_TIMEx_RemapConfig
     /tmp/ccydCXE5.s:5675   .text.HAL_TIMEx_CommutCallback:0000000000000000 $t
     /tmp/ccydCXE5.s:5681   .text.HAL_TIMEx_CommutCallback:0000000000000000 HAL_TIMEx_CommutCallback
     /tmp/ccydCXE5.s:5717   .text.HAL_TIMEx_CommutHalfCpltCallback:0000000000000000 $t
     /tmp/ccydCXE5.s:5723   .text.HAL_TIMEx_CommutHalfCpltCallback:0000000000000000 HAL_TIMEx_CommutHalfCpltCallback
     /tmp/ccydCXE5.s:5759   .text.HAL_TIMEx_BreakCallback:0000000000000000 $t
     /tmp/ccydCXE5.s:5765   .text.HAL_TIMEx_BreakCallback:0000000000000000 HAL_TIMEx_BreakCallback
     /tmp/ccydCXE5.s:5801   .text.HAL_TIMEx_HallSensor_GetState:0000000000000000 $t
     /tmp/ccydCXE5.s:5807   .text.HAL_TIMEx_HallSensor_GetState:0000000000000000 HAL_TIMEx_HallSensor_GetState
     /tmp/ccydCXE5.s:5847   .text.HAL_TIMEx_GetChannelNState:0000000000000000 $t
     /tmp/ccydCXE5.s:5853   .text.HAL_TIMEx_GetChannelNState:0000000000000000 HAL_TIMEx_GetChannelNState
     /tmp/ccydCXE5.s:5929   .text.TIMEx_DMACommutationCplt:0000000000000000 $t
     /tmp/ccydCXE5.s:5978   .text.TIMEx_DMACommutationHalfCplt:0000000000000000 $t
     /tmp/ccydCXE5.s:6027   .text.TIM_DMADelayPulseNCplt:0000000000000000 $t
     /tmp/ccydCXE5.s:6166   .text.TIM_DMAErrorCCxN:0000000000000000 $t
     /tmp/ccydCXE5.s:6264   .text.TIM_CCxNChannelCmd:0000000000000000 $t

UNDEFINED SYMBOLS
TIM_Base_SetConfig
TIM_TI1_SetConfig
TIM_OC2_SetConfig
TIM_CCxChannelCmd
HAL_DMA_Start_IT
TIM_DMACaptureCplt
TIM_DMACaptureHalfCplt
TIM_DMAError
HAL_DMA_Abort_IT
TIM_DMADelayPulseHalfCplt
HAL_TIM_PWM_PulseFinishedCallback
HAL_TIM_ErrorCallback
